SOURCE	The Promised Neverland - S01E01 - 121045 HDTV-1080p.condensed.mp3
DURATION	653.870
CLIP	0.000	1.880	これ何?	これ何[なに]?	這是什麼？
CLIP	2.680	5.520	門だよ、中と外を繋ぐもの	門[もん]だよ、中[なか]と外[そと]を繋[つな]ぐもの	是門，連線裡面和外面的東西
CLIP	5.520	9.540	外か、一度も行ったことないね	外[そと]か、一度[いちど]も行[い]ったことないね	外面嗎，從未去過呢
CLIP	9.540	13.080	僕たち生まれてからずっとここだからね	僕[ぼく]たち生[う]まれてからずっとここだからね	我們從出生起就一直在這裡啊
CLIP	13.080	16.420	そういえばママ、言ってたよね	そういえばママ、言[い]ってたよね	說起來，媽媽說過吧
CLIP	16.420	20.820	門と森の奥の柵へは危ないから近寄っちゃダメって	門[もん]と森[もり]の奥[おく]の柵[さく]へは危[あぶ]ないから近寄[ちかよ]っちゃダメって	說過門和森林深處的柵欄很危險，不能靠近
CLIP	20.820	23.740	あんなの嘘に決まってるだろ	あんなの嘘[うそ]に決[き]まってるだろ	那種事肯定是謊言吧
CLIP	23.740	24.880	そうかな	そうかな	是這樣嗎
CLIP	24.880	28.400	ねえレイ、外へ行ったら何したい?	ねえレイ、外[そと]へ行[い]ったら何[なに]したい?	嘿雷，去外面想做什麼？
CLIP	28.400	30.560	わかんねえ エマは?	わかんねえ エマは?	不知道，艾瑪呢？
CLIP	31.140	32.160	キリンに乗りたい	キリンに乗[の]りたい	想騎長頸鹿
CLIP	32.160	33.600	がんば	がんば	加油
CLIP	33.600	35.040	これ	これ	這個
CLIP	35.040	40.680	これ 一体何から僕らを守ってるんだろう	これ 一体[いったい]何[なに]から僕[ぼく]らを守[まも]ってるんだろう	這到底是在保護我們免於什麼呢？
CLIP	40.680	43.240	みんな 起きて	みんな 起[お]きて	大家起床
CLIP	43.240	46.300	朝ごはん 遅れるよ	朝[あさ]ごはん 遅[おく]れるよ	吃早餐要遲到了喔
CLIP	46.300	48.340	待て待て	待[ま]て待[ま]て	等一下等一下
CLIP	48.340	51.840	ほら 遊んでないで 支度しな	ほら 遊[あそ]んでないで 支度[したく]しな	好了，別玩了，快準備
CLIP	51.840	53.480	（語音不清）靴履け（語音不清）	（語音不清）靴[くつ]履[は]け（語音不清）	（語音不清）穿鞋（語音不清）
CLIP	53.480	54.740	（語音不清）結べない	（語音不清）結[むす]べない	（語音不清）綁不起來
CLIP	54.740	57.680	ちょっと待って 泣かないで	ちょっと待[ま]って 泣[な]かないで	等一下，別哭
CLIP	57.680	59.000	おはよう	おはよう	早安
CLIP	59.000	61.780	ドン、コニー、リトルバーニーも	ドン、コニー、リトルバーニーも	唐、康妮，還有小兔兔
CLIP	61.780	62.800	おはよう	おはよう	早安
CLIP	62.800	64.140	おはようエマ	おはようエマ	早安艾瑪
CLIP	64.140	66.740	よし間に合った	よし間[ま]に合[あ]った	太好了，趕上了
CLIP	66.740	69.860	お前たち	お前[おまえ]たち	你們
CLIP	69.860	74.320	やってるやってる	やってるやってる	在做啊在做啊
CLIP	74.320	78.460	おはようエマ	おはようエマ	早安艾瑪
CLIP	78.460	80.380	おはようエマ	おはようエマ	早安艾瑪
CLIP	80.380	83.740	元気だねまだ朝ごはん前なのに	元[げん]気[き]だねまだ朝[あさ]ごはん前[まえ]なのに	真有精神，明明還沒吃早餐
CLIP	83.740	86.060	お前歳いくつだ5歳	お前[おまえ]歳[とし]いくつだ5歳[さい]	你幾歲啊，5歲
CLIP	86.060	88.520	二人と同じ11歳	二人[ふたり]と同[おな]じ11歳[さい]	和兩個人一樣是11歲
CLIP	88.520	90.060	最年長ですけど	最[さい]年[ねん]長[ちょう]ですけど	雖然是最年長的
CLIP	90.060	93.180	ママまで	ママまで	甚至媽媽
CLIP	93.180	95.840	エマこっち手伝って	エマこっち手伝[てつだ]って	艾瑪，這邊幫忙
CLIP	95.840	100.100	ママもう一回入ってくるところからやり直す	ママもう一回[いっかい]入[はい]ってくるところからやり直[なお]す	媽媽再從剛進來的地方重新開始
CLIP	100.100	103.760	どうして私は好きよエマのそういうところ	どうして私[わたし]は好[す]きよエマのそういうところ	為什麼我喜歡艾瑪那樣的地方
CLIP	103.760	105.660	中身5歳のところ	中[なか]身[み]5歳[さい]のところ	內在是5歲的地方
CLIP	105.660	110.960	家族みんなをとても大切に思ってるところ	家[か]族[ぞく]みんなをとても大切[たいせつ]に思[おも]ってるところ	把全家人都非常珍視的地方
CLIP	110.960	113.620	ありがとうママ	ありがとうママ	謝謝媽媽
CLIP	113.620	116.620	おはよう私の可愛い子供たち	おはよう私[わたし]の可愛い[かわいい]子供[こども]たち	早安，我可愛的孩子們
CLIP	116.620	120.260	こうして今日も38人の兄弟みんなで	こうして今日[きょう]も38人[さんじゅうはちにん]の兄弟[きょうだい]みんなで	就這樣，今天也和38位兄弟一起
CLIP	120.260	123.080	幸せに暮らせることに感謝して	幸せ[しあわせ]に暮らせる[くらせる]ことに感謝[かんしゃ]して	感謝能夠幸福地生活
CLIP	123.080	126.400	いただきます	いただきます	我開動了
CLIP	126.400	130.400	はいあん	はいあん	好的
CLIP	130.400	132.280	おいしい	おいしい	好吃
CLIP	132.280	135.400	甘えん坊さんねコニー	甘[あま]えん坊[ぼう]さんねコニー	康妮真愛撒嬌呢
CLIP	135.400	137.580	だっていいでしょ今日は	だっていいでしょ今日[きょう]は	因為今天可以啊
CLIP	137.580	139.180	そうね	そうね	是啊
CLIP	139.180	141.420	まあ半分はいったろ	まあ半分[はんぶん]はいったろ	嗯，差不多一半吧
CLIP	141.420	147.720	半分は？すごいなあ。私なんかは全然	半分[はんぶん]は？すごいなあ。私[わたし]なんかは全然[ぜんぜん]	一半？好厲害喔，我根本就不行
CLIP	147.720	156.980	それじゃあ結果を返すわね ノーマンレイエマすごいは3人ともまた満点フルスコアよ	それじゃあ結果[けっか]を返す[かえす]わね ノーマンレイエマすごいは3人[にん]ともまた満点[まんてん]フルスコアよ	那麼就把結果回報給你，諾曼、雷、艾瑪真厲害，三人都再次拿到滿分全分
CLIP	156.980	159.700	やっぱちげーなあの3人は	やっぱちげーなあの3人[にん]は	那三個人果然不一樣啊
CLIP	159.700	163.100	ダントツの頭脳を持つ天才ノーマン。	ダントツの頭脳[ずのう]を持[も]つ天才[てんさい]ノーマン。	擁有超群頭腦的天才諾曼。
CLIP	163.100	167.300	その天才と唯一互角に渡り合える知恵者のレイ。	その天才[てんさい]と唯一[ゆいいつ]互角[ごかく]に渡[わた]り合[あ]える知恵者[ちえしゃ]のレイ。	唯一能和那位天才平分秋色的智者雷。
CLIP	167.300	171.447	抜群の運動神経と学習能力で二人を追いかけるエマ。	抜群[ばつぐん]の運動神経[うんどうしんけい]と学習能力[がくしゅうのうりょく]で二人[ふたり]を追[お]いかけるエマ。	以出色的運動神經和學習能力追趕兩人的艾瑪。
CLIP	172.268	175.808	あのレベルが一度に三人。ハウス史上初だって。	あのレベルが一度[いちど]に三人[さんにん]。ハウス史上初[しじょうはつ]だって。	那個等級一次就有三人，這是哈斯史上首次
CLIP	176.208	177.827	そりゃママも喜ぶな。	そりゃママも喜[よろこ]ぶな。	那媽媽當然也會高興啊
CLIP	178.188	181.567	ノーマン!鬼ごっこで勝負だ!	ノーマン!鬼ごっこ[おにごっこ]で勝負[しょうぶ]だ!	諾曼！來玩捉迷藏決勝負吧！
CLIP	184.127	187.427	来いよ、ノーマン！絶対逃げ切ってやる！	来[こ]いよ、ノーマン！絶対[ぜったい]逃[に]げ切[き]ってやる！	來吧，諾曼！我絕對會逃到最後！
CLIP	187.427	189.427	なっコニー	なっコニー	啊，康妮
CLIP	189.427	192.227	ドンいつも助けてくれてありがとう	ドンいつも助[たす]けてくれてありがとう	唐，謝謝你一直幫忙
CLIP	192.227	194.427	なーに言ってんだ（語音不清）	なーに言[い]ってんだ（語音不清）	說什麼呢（語音不清）
CLIP	194.427	196.207	助けてやるよ	助[たす]けてやるよ	我會幫你的
CLIP	196.207	198.327	お前が困った時はいつでも	お前[まえ]が困[こま]った時[とき]はいつでも	只要你有困難，我隨時都會在
CLIP	198.327	200.988	この靴の大きさは	この靴[くつ]の大[おお]きさは	這雙鞋的尺寸是
CLIP	200.988	202.748	ノーマン隙あり	ノーマン隙[すき]あり	諾曼，有破綻！
CLIP	202.748	205.667	ドン隙だらけ	ドン隙[すき]だらけ	唐，你渾身都是破綻
CLIP	205.667	207.207	いつも言ってるだろ	いつも言[い]ってるだろ	我一直都說了吧
CLIP	207.207	210.088	ドンの弱点はすぐに決めつけて	ドンの弱点[じゃくてん]はすぐに決[き]めつけて	唐的弱點是很快就下定論
CLIP	210.088	211.427	熱くなるとこ	熱[あつ]くなるとこ	容易熱血的地方
CLIP	211.427	217.887	なにこれほぼ全滅じゃん	なにこれほぼ全滅[ぜんめつ]じゃん	這是什麼，幾乎全滅了吧
CLIP	217.887	220.028	だってノーマンだもん	だってノーマンだもん	因為是諾曼嘛
CLIP	220.028	222.588	あと生き残ってるのはエマだけ	あと生[い]き残[のこ]ってるのはエマだけ	剩下的只有艾瑪
CLIP	222.588	224.167	ノーマン	ノーマン	諾曼
CLIP	224.167	226.088	転んだふり	転[ころ]んだふり	假裝跌倒
CLIP	226.088	228.707	ずるっ心配したのに	ずるっ心配[しんぱい]したのに	明明已經擔心了
CLIP	228.707	232.147	エマの弱点は優しいところ	エマの弱点[じゃくてん]は優[やさ]しいところ	艾瑪的弱點是太溫柔
CLIP	232.147	238.387	また捕まっちゃったもうなんで悔しい	また捕[つか]まっちゃったもうなんで悔[く]しい	又被抓住了，真是讓人懊惱
CLIP	238.387	239.507	問題	問題[もんだい]	問題
CLIP	239.507	242.387	ノーマンにあってエマにないものは?	ノーマンにあってエマにないものは?	諾曼有而艾瑪沒有的是什麼？
CLIP	242.988	249.567	うーん、計画性?落ち着き?圧倒的頭の良さ?	うーん、計画性[けいかくせい]?落[お]ち着[ちつ]き?圧倒的[あっとうてき]頭[あたま]の良[よ]さ?	嗯，計畫性？沉著？壓倒性的聰明？
CLIP	250.127	251.248	戦略だ	戦略[せんりゃく]だ	策略啊
CLIP	251.248	256.147	確かに、単純な身体能力ならエマの方が上だろう	確かに[たしかに]、単純[たんじゅん]な身体能力[しんたいのうりょく]ならエマの方[ほう]が上[うえ]だろう	確實，如果是單純的體能的話，艾瑪會比較強吧
CLIP	256.147	260.288	でもノーマンはここが強い、半端ない	でもノーマンはここが強い[つよい]、半端[はんぱ]ない	但是諾曼在這方面很強，簡直是半點不差
CLIP	260.288	263.688	鬼ごっこはまさに戦略を競う遊びなんだ	鬼ごっこ[おにごっこ]はまさに戦略[せんりゃく]を競う[きそう]遊び[あそび]なんだ	捉迷藏正是以策略相爭的遊戲
CLIP	263.688	265.248	鬼ごっこが?	鬼ごっこ[おにごっこ]が?	捉迷藏嗎？
CLIP	265.768	268.527	体をフルに使ったチェスみたいなもんだ	体[からだ]をフルに使っ[つかっ]たチェスみたいなもんだ	就像全身投入的棋局一樣
CLIP	268.527	270.868	そうだろノーマン	そうだろノーマン	是吧，諾曼
CLIP	270.868	275.067	まあねでもレイは僕なんかよりずっと策士だよ	まあねでもレイは僕[ぼく]なんかよりずっと策士[さくし]だよ	算是吧，不過雷比我更精於謀略喔
CLIP	275.067	276.248	買いかぶんな	買[か]いかぶんな	別太抬舉我了
CLIP	276.248	278.627	敵の手を読むってことか	敵[てき]の手[て]を読む[よむ]ってことか	是說要讀懂對手的手段嗎
CLIP	278.627	282.667	でも僕たちもママに比べたらまだまだだね	でも僕たち[ぼくたち]もママに比べ[くらべ]たらまだまだだね	不過我們比起媽媽來還是差遠了
CLIP	282.667	287.308	確かに私たち一度もママにチェスで勝ったことないしね	確か[たしか]に私[わたし]たち一[いち]度[ど]もママにチェスで勝っ[かっ]たことないしね	確實，我們一次也沒在棋局上贏過媽媽
CLIP	287.308	291.647	ノーマンリベンジだ	ノーマンリベンジだ	諾曼要復仇了
CLIP	291.647	294.567	次ノーマン以外全員鬼	次[つぎ]ノーマン以外[いがい]全員[ぜんいん]鬼[おに]	下次除了諾曼，大家全當鬼
CLIP	294.567	297.067	また熱くなってる	また熱[あつ]くなってる	又變熱情起來了
CLIP	297.067	299.007	僕の負けだ	僕[ぼく]の負[ま]けだ	是我的失敗
CLIP	299.007	301.627	絶対に近寄ってはダメよ	絶対[ぜったい]に近寄[ちかよ]ってはダメよ	絕對不能靠近
CLIP	301.627	303.647	ってママいつも言ってるよね	ってママいつも言っ[いっ]てるよね	媽媽總是這麼說吧
CLIP	303.647	306.667	門と森の奥の柵だけは危ないからって	門[もん]と森[もり]の奥[おく]の柵[さく]だけは危[あぶ]ないからって	只是說門和森林深處的柵欄很危險
CLIP	306.667	308.907	あんなの嘘に決まってるだろ	あんなの嘘[うそ]に決[き]まってるだろ	那樣的事肯定是謊言
CLIP	308.907	311.227	嘘ってどういうこと	嘘[うそ]ってどういうこと	說謊是什麼意思？
CLIP	311.227	313.067	だって見ろよ	だって見[み]ろよ	因為你看啊！
CLIP	313.067	315.667	これのどこが危ないって言うんだ	これのどこが危[あぶ]ないって言[い]うんだ	這哪裡危險，你說說看？
CLIP	315.667	319.227	柵も低いし危ないものは何も見当たらない	柵[さく]も低[ひく]いし危[あぶ]ないものは何[なに]も見当[みあ]たらない	柵也很低，根本找不到危險的東西
CLIP	319.227	321.227	でもママがそう言うんだから	でもママがそう言[い]うんだから	但既然媽媽這麼說了
CLIP	321.227	323.700	お前ママが大好きだもんな	お前[まえ]ママが大好[だいす]きだもんな	你最喜歡媽媽了嘛
CLIP	323.700	325.100	それはみんなだって	それはみんなだって	大家不也都一樣嗎
CLIP	325.100	328.000	おい、やる気あんのかよお前ら	おい、やる気[き]あんのかよお前[まえ]ら	喂，你們到底還想不想玩啊
CLIP	328.000	330.200	あれもうおしまい	あれもうおしまい	咦，已經結束了？
CLIP	330.200	332.000	今日はもうよそう	今日[きょう]はもうよそう	今天就到這裡吧
CLIP	332.000	334.775	あんまり遅いとママが心配するし	あんまり遅[おそ]いとママが心配[しんぱい]するし	太晚回去，媽媽會擔心的
CLIP	334.775	339.315	いつか出てくんだなこっから	いつか出[で]てくんだなこっから	總有一天會從這裡離開
CLIP	339.315	342.875	ここ孤児院だよ出ていくのは当然	ここ孤児院[こじいん]だよ出[で]ていくのは当然[とうぜん]	這裡是孤兒院啊，離開是理所當然的
CLIP	342.875	344.935	12歳までにね	12歳[さい]までにね	在十二歲之前
CLIP	344.935	348.655	あのさ全然届かないよね	あのさ全然[ぜんぜん]届[とど]かないよね	那個根本傳不到啊
CLIP	348.655	350.495	手紙手紙	手紙[てがみ]手紙[てがみ]	信，信
CLIP	350.495	354.575	ほらハウスを出て行って誰一人よこさないじゃない	ほらハウスを出[で]て行[い]って誰[だれ]一人[ひとり]よこさないじゃない	看，離開收容所後，沒有人給我們任何東西
CLIP	354.575	358.755	そりゃ里親に遠慮する気持ちもあるだろうし	そりゃ里親[さとおや]に遠慮[えんりょ]する気持[きも]ちもあるだろうし	畢竟對裡親會有顧慮也是正常的
CLIP	358.755	362.835	でも俺たち生まれてからずっと一緒なんだぞ	でも俺[おれ]たち生ま[う]れてからずっと一緒[いっしょ]なんだぞ	但我們從出生起就一直在一起啊
CLIP	362.835	366.815	血は繋がってないけど本当以上の兄弟だろ	血[ち]は繋[つな]がってないけど本当[ほんとう]以上[いじょう]の兄弟[きょうだい]だろ	雖然血緣不相連，但我們的情誼超過真正的兄弟
CLIP	366.815	369.755	きっとハウスのことなんて忘れちゃうぐらい	きっとハウスのことなんて忘[わす]れちゃうぐらい	一定會把收容所的事忘得一乾二淨
CLIP	369.755	372.255	毎日楽しいことでいっぱいなのね	毎日[まいにち]楽[たの]しいことでいっぱいなのね	每天都充滿了快樂的事
CLIP	372.255	375.135	だったらいいじゃん嬉しいよ私	だったらいいじゃん嬉[うれ]しいよ私[わたし]	那樣就好啊，我很開心
CLIP	375.135	378.595	私も早く外へ出たい	私[わたし]も早[はや]く外[そと]へ出[で]たい	我也想快點走出外面
CLIP	378.595	379.875	出たら何したい	出[で]たら何[なに]したい	出去了想做什麼？
CLIP	379.875	381.915	決まってるじゃない（語音不清）洋服	決[き]まってるじゃない（語音不清）洋服[ようふく]	那還用說嗎，（語音不清）衣服
CLIP	381.915	383.175	出た	出[で]た	出去了
CLIP	383.175	386.295	だって今これ一種類だけだよ	だって今[いま]これ一[いち]種類[しゅるい]だけだよ	可是現在只有這一種啊
CLIP	386.295	387.735	本で読んだの	本[ほん]で読[よ]んだの	我在書上讀到的
CLIP	387.735	389.935	外の世界には信じられないくらいの	外[そと]の世界[せかい]には信じ[しんじ]られないくらいの	外面的世界有著難以置信的
CLIP	389.935	391.615	たくさんの種類の服があるのよ	たくさんの種類[しゅるい]の服[ふく]があるのよ	有各式各樣的衣服
CLIP	391.615	392.655	全部着てみたい	全部[ぜんぶ]着[き]てみたい	想全部都穿穿看
CLIP	392.655	394.675	俺はうまいもん食いたいな	俺[おれ]はうまいもん食い[くい]たいな	我想吃好吃的東西
CLIP	394.675	396.655	可愛い女の子とデートとか	可愛い[かわいい]女の子[おんなのこ]とデートとか	比如和可愛的女孩約會
CLIP	396.655	398.975	それってなんか失礼じゃない	それってなんか失礼[しつれい]じゃない	那樣不會有點失禮嗎
CLIP	398.975	401.055	いやそういう意味じゃ	いやそういう意味[いみ]じゃ	不，並不是那個意思
CLIP	401.055	403.075	僕は汽車が見たい	僕[ぼく]は汽車[きしゃ]が見[み]たい	我想看火車
CLIP	403.075	404.715	いいね汽車	いいね汽車[きしゃ]	好啊，火車
CLIP	404.715	405.915	ノーマンは	ノーマンは	諾曼呢？
CLIP	405.915	408.895	僕はいろんな場所に行って	僕[ぼく]はいろんな場所[ばしょ]に行っ[いっ]て	我想去各種地方
CLIP	408.895	411.235	見たことないものを見てみたいな	見[み]たことないものを見[み]てみたいな	想看看從未見過的事物
CLIP	411.235	413.295	いいねレイは	いいねレイは	好啊，雷說
CLIP	413.295	415.395	外に出たら	外[そと]に出[で]たら	如果出門的話
CLIP	415.395	419.015	まず生きていかなきゃな	まず生き[いき]ていかなきゃな	首先得活下去啊
CLIP	419.015	420.195	重いよレイ	重い[おもい]よレイ	雷，好重啊
CLIP	420.195	421.095	エマは	エマは	艾瑪說：
CLIP	421.095	421.835	私	私[わたし]	我
CLIP	421.835	423.915	キリンに乗りたいだろ	キリンに乗り[のり]たいだろ	想要騎長頸鹿吧
CLIP	423.915	425.195	そうだっけ	そうだっけ	是這樣嗎
CLIP	425.195	428.795	私は別に出て行きたくない	私[わたし]は別[べつ]に出[で]て行[い]きたくない	我其實不想離開
CLIP	428.795	431.055	ずっとここにいたい	ずっとここにいたい	一直想待在這裡
CLIP	431.055	432.875	なんかそれずるくない	なんかそれずるくない	那樣不會很狡猾嗎
CLIP	432.875	435.515	だって今幸せだしね	だって今[いま]幸[しあわ]せだしね	因為現在很幸福啊
CLIP	435.515	438.195	幸せか	幸[しあわ]せか	幸福嗎
CLIP	438.195	444.975	私書くね手紙いっぱい書くみんなのこと絶対忘れない	私[わたし]書[か]くね手紙[てがみ]いっぱい書[か]くみんなのこと絶対[ぜったい]忘[わす]れない	我會寫信，寫很多信，絕對不會忘記大家的事
CLIP	444.975	449.435	私ハウスを出たらママみたいなお母さんになるの	私[わたし]ハウスを出[で]たらママみたいなお母[かあ]さんになるの	我如果離開哈斯，就會變成像媽媽那樣的母親
CLIP	449.435	452.975	それでね絶対に子供を捨てたりしないの	それでね絶対[ぜったい]に子供[こども]を捨[す]てたりしないの	所以絕對不會拋棄孩子的
CLIP	452.975	456.075	コニーはママが大好きだもんね	コニーはママが大好き[だいすき]だもんね	康妮很喜歡媽媽呢
CLIP	456.075	461.935	私とろいしみんなみたいに優秀じゃなかったけど	私[わたし]とろいしみんなみたいに優秀[ゆうしゅう]じゃなかったけど	我動作慢，也不像大家那麼優秀，不過……
CLIP	461.935	466.515	ハウスを出ても頑張るこの子がいるから大丈夫	ハウスを出[で]ても頑張[がんば]るこの子[こ]がいるから大丈夫[だいじょうぶ]	即使離開哈斯，只要有這個孩子在就沒問題
CLIP	466.515	468.515	コニー	コニー	康妮
CLIP	468.515	470.735	やっぱり行きたくない	やっぱり行き[いき]たくない	還是不要去
CLIP	470.735	473.015	ここにいたいよ	ここにいたいよ	想留在這裡啊
CLIP	473.015	473.515	コニー	コニー	康妮
CLIP	473.515	474.955	コニー	コニー	康妮
CLIP	474.955	477.755	ママそれ何の歌	ママそれ何[なに]の歌[うた]	媽媽那是什麼歌
CLIP	477.755	479.915	コニー	コニー	康妮
CLIP	479.915	481.275	嘘でしょ	嘘[うそ]でしょ	不是在說謊吧
CLIP	481.275	483.475	早く掃除済ませようね	早[はや]く掃除[そうじ]済[す]ませようね	快點把清掃弄好吧
CLIP	483.475	486.100	それもう行っちゃったよ	それもう行[い]っちゃったよ	可是她已經走了喔
CLIP	486.100	486.650	コニー	コニー	康妮
CLIP	486.650	487.650	どうしよう	どうしよう	怎麼辦
CLIP	487.650	489.000	まだ間に合う	まだ間[ま]に合[あ]う	還來得及
CLIP	489.000	493.700	さっき窓から門に明かりがついてるのが見えた	さっき窓[まど]から門[もん]に明[あ]かりがついてるのが見[み]えた	剛才從窗戶看到大門那裡還亮著燈
CLIP	493.700	495.400	ママも戻ってきてないし	ママも戻[もど]ってきてないし	媽媽也還沒回來
CLIP	495.400	497.402	まだコニーは出発してないと思う	まだコニーは出発[しゅっぱつ]してないと思[おも]う	我想康妮應該還沒出發
CLIP	498.022	498.842	急ぐよエマ	急[いそ]ぐよエマ	快點，艾瑪
CLIP	498.842	499.562	うん	うん	嗯
CLIP	499.562	502.402	絶対に近寄ってはダメよ	絶対[ぜったい]に近寄[ちかよ]ってはダメよ	絕對不能靠近
CLIP	503.123	503.702	分かってる	分[わ]かってる	我知道
CLIP	503.702	505.822	後で一緒に叱られよ	後[あと]で一緒[いっしょ]に叱[しか]られよ	之後一起被罵吧
CLIP	505.822	507.562	コニー	コニー	康妮
CLIP	507.562	510.342	コニーが乗っていく車かな	コニーが乗[の]っていく車[くるま]かな	是康妮要坐的車嗎
CLIP	510.342	512.383	ていうか初めて見た車	ていうか初[はじ]めて見[み]た車[くるま]	說真的，是第一次看到的車
CLIP	512.383	514.202	誰もいない	誰[だれ]もいない	沒有人
CLIP	514.202	516.862	荷台に乗せておいたらわかるかな	荷台[にだい]に乗[の]せておいたらわかるかな	如果放在貨臺上會不會知道呢
CLIP	516.862	518.683	そうだね	そうだね	是啊
CLIP	518.683	521.082	（語音不清）	（語音不清）	（語音不清）
CLIP	521.082	523.543	おい今声がしなかったか	おい今[いま]声[こえ]がしなかったか	喂，剛才沒聽到聲音嗎
CLIP	523.543	524.783	気のせいだろ	気[き]のせいだろ	只是錯覺吧
CLIP	524.783	527.923	野良猫なら捕らえて食ったのに	野良猫[のらねこ]なら捕[と]らえて食[く]ったのに	如果是流浪貓的話本來可以抓住吃掉的
CLIP	527.923	530.803	お前猫なんて食うのかよ	お前[おまえ]猫[ねこ]なんて食[た]うのかよ	你竟然想吃貓嗎？
CLIP	530.803	532.482	うまそうだな	うまそうだな	看起來真好吃啊
CLIP	532.482	535.543	やっぱり人間の肉が一番だ	やっぱり人間[にんげん]の肉[にく]が一番[いちばん]だ	果然人肉是最棒的
CLIP	535.543	537.003	はい	はい	是
CLIP	537.003	538.222	くそ	くそ	該死
CLIP	538.222	540.362	指の先だけでもダメかな	指[ゆび]の先[さき]だけでもダメかな	連指尖都不行嗎？
CLIP	540.362	543.102	バカ大事な商品だぞ	バカ大事[だいじ]な商品[しょうひん]だぞ	這可是非常重要的商品喔
CLIP	543.102	545.803	俺たちごときに手の届く代物じゃない	俺[おれ]たちごときに手[て]の届[とど]く代物[しろもの]じゃない	不是我們這種人能夠觸及的東西
CLIP	545.803	551.003	この農園の人肉は全部金持ち向けの高級品なんだぜ	この農園[のうえん]の人肉[じんにく]は全部[ぜんぶ]金持[かねも]ち向[む]けの高級品[こうきゅうひん]なんだぜ	這個農園的人肉全是給有錢人吃的高階品
CLIP	551.003	553.222	ママ	ママ	媽媽
CLIP	553.222	556.202	グプナは大方終わりました	グプナは大方[おおかた]終[お]わりました	儀式大致完成了
CLIP	556.202	558.543	また6歳	また6歳[さい]	又是六歲
CLIP	558.543	562.862	このところ並の出荷が続いているが	このところ並[なみ]の出荷[しゅっか]が続[つづ]いているが	最近出貨的都是普通貨色
CLIP	562.862	565.883	ようやく上物以上収穫できるな	ようやく上物[じょうもの]以上[いじょう]収穫[しゅうかく]できるな	總算能收成上等以上的貨色了
CLIP	565.883	567.183	イザベラ	イザベラ	伊莎貝拉
CLIP	567.183	568.102	はい	はい	是
CLIP	568.102	571.503	このフルスコア3匹も出荷できるよう仕上げて	このフルスコア3匹[ひき]も出荷[しゅっか]できるよう仕上[しあ]げて	請把這個全分數的三隻也做好出貨
CLIP	571.503	573.683	かしこまりました	かしこまりました	明白了
CLIP	573.683	575.183	待て	待[ま]て	等一下
CLIP	575.183	577.663	何か匂う	何[なに]か匂[にお]う	有什麼氣味
CLIP	577.663	578.303	エマ	エマ	艾瑪
CLIP	578.303	581.383	ここは農園	ここは農園[のうえん]	這裡是農園
CLIP	581.383	583.402	私たちは	私[わたし]たちは	我們
CLIP	583.402	584.962	食料	食料[しょくりょう]	食物
CLIP	584.962	586.742	うん	うん	嗯
CLIP	586.742	588.143	違う	違[ちが]う	不對
CLIP	588.143	589.522	みんな	みんな	大家
CLIP	589.522	591.383	里子に	里子[さとご]に	給裡子
CLIP	591.383	592.622	ママ	ママ	媽媽
CLIP	592.622	595.562	いつもの優しいママだよね	いつもの優[やさ]しいママだよね	一如既往溫柔的媽媽對吧
CLIP	595.562	596.923	違うよね	違[ちが]うよね	不對吧
CLIP	596.923	600.082	あの子コニーじゃなかったよね	あの子[こ]コニーじゃなかったよね	那孩子不是康妮，對吧？
CLIP	600.082	602.742	あれはコニーだった	あれはコニーだった	那是康妮
CLIP	602.742	605.003	おかえりどうだった	おかえりどうだった	歡迎回來，感覺如何
CLIP	605.003	607.803	間に合わなかった	間[ま]に合[あ]わなかった	沒趕上
CLIP	607.803	613.003	私たちずっと食べられるために生きてきたの	私[わたし]たちずっと食[た]べられるために生き[いき]てきたの	我們一直活著是為了能夠一直吃
CLIP	613.003	615.383	逃げようエマ	逃[に]げようエマ	逃吧，艾瑪
CLIP	615.383	617.683	（語音不清）	（語音不清）	（語音不清）
CLIP	617.683	620.202	大丈夫きっと逃げられる	大丈夫[だいじょうぶ]きっと逃[に]げられる	沒問題，一定能逃脫
CLIP	620.202	622.683	エマとレイと僕三人なら	エマとレイと僕[ぼく]三[さん]人[にん]なら	如果有艾瑪、雷和我三個人
CLIP	622.683	624.322	無理なのかな	無理[むり]なのかな	會不會太勉強了？
CLIP	624.322	626.562	置いていけない	置[お]いていけない	不能把他丟下！
CLIP	626.562	629.683	ここに残せば確実に殺される	ここに残せ[のこせ]ば確実[かくじつ]に殺さ[ころさ]れる	如果留在這裡，肯定會被殺。
CLIP	629.683	633.783	これ以上家族が死ぬのは嫌だ	これ以上[いじょう]家族[かぞく]が死ぬ[しぬ]のは嫌[いや]だ	再也不想看到家人死去。
CLIP	633.783	635.022	無理じゃない	無理[むり]じゃない	沒那麼難。
CLIP	635.022	639.783	大丈夫逃げようみんなで一緒に	大丈夫[だいじょうぶ]逃げよ[にげよ]うみんなで一緒[いっしょ]に	沒問題，大家一起逃吧。
CLIP	639.783	645.283	どうやって私たち子供だけであんな化け物から	どうやって私[わたし]たち子供[こども]だけであんな化[ば]け物[もの]から	要怎麼逃？光靠我們這些孩子，要怎麼逃離那種怪物？
CLIP	645.283	648.462	戦略だ鬼ごっこと一緒	戦略[せんりゃく]だ鬼ごっこ[おにごっこ]と一緒[いっしょ]	這是和捉迷藏一樣的策略。
CLIP	648.462	651.622	そう見つけるんだよ	そう見つける[みつける]んだよ	就這樣找出來吧。
CLIP	651.622	653.342	僕らが生き残る方法を	僕ら[ぼくら]が生き残る[いきのこる]方法[ほうほう]を	我們活下去的方法
SOURCE	The Promised Neverland - S01E02 - 131045 HDTV-1080p.condensed.mp3
DURATION	746.590
CLIP	0.000	0.600	何?	何[なに]?	什麼？
CLIP	3.980	5.080	おはよう!	おはよう!	早安！
CLIP	5.920	7.620	ほら、フィル走らないの！	ほら、フィル走[はし]らないの！	好了，菲爾，別跑！
CLIP	7.880	8.680	これはこっち!	これはこっち!	這個在這邊！
CLIP	9.160	9.960	エマ、お願い	エマ、お願い[おねがい]	艾瑪，拜託了
CLIP	9.960	12.880	マルクはお皿並べて	マルクはお皿[さら]並べ[ならべ]て	馬爾克把碗盤擺好
CLIP	12.880	14.100	はい、ママ!	はい、ママ!	好的，媽媽！
CLIP	14.880	16.120	おはよう、エマ	おはよう、エマ	早安，艾瑪
CLIP	16.120	18.360	笑って、エマ	笑っ[わらっ]て、エマ	笑一笑，艾瑪
CLIP	18.360	19.400	いいかい、エマ	いいかい、エマ	聽好，艾瑪
CLIP	19.400	21.820	普段通りに振る舞うんだ	普段[ふだん]通り[どおり]に振[ふ]る舞[ま]うんだ	照平常的樣子行事吧
CLIP	21.820	25.840	僕たちは昨日、規則を破って門へ行った	僕[ぼく]たちは昨日[きのう]、規則[きそく]を破[やぶ]って門[もん]へ行[い]った	我們昨天違規闖了門
CLIP	25.840	28.040	でも何も見なかった	でも何[なに]も見[み]なかった	但什麼也沒看到
CLIP	28.040	31.520	けどリトルバーニー	けどリトルバーニー	可是小巴尼
CLIP	31.520	33.960	ああきっとママは見つけただろう	ああきっとママは見[み]つけただろう	啊，一定是媽媽找到了吧
CLIP	33.960	37.660	でも誰の仕業かまではわからない	でも誰[だれ]の仕業[しわざ]かまではわからない	但不知道是誰幹的
CLIP	37.660	39.240	ママ笑ってた	ママ笑[わら]ってた	媽媽在笑
CLIP	39.240	41.740	全然顔に出さない	全然[ぜんぜん]顔[かお]に出[だ]さない	完全不露出表情
CLIP	41.740	43.900	僕らもそうするんだ	僕[ぼく]らもそうするんだ	我們也要這樣做
CLIP	43.900	47.160	顔に出せばママは気づく	顔[かお]に出[だ]せばママは気[き]づく	如果表露出來，媽媽會注意到
CLIP	47.160	50.780	負けちゃダメだ笑おう	負[ま]けちゃダメだ笑[わら]おう	不能輸啊，笑吧
CLIP	50.780	52.120	美味しい餌	美味しい[おいしい]餌[えさ]	好吃的飼料
CLIP	52.120	54.560	汚れの目立つ白い服	汚[よご]れの目[め]立[た]つ白[しろ]い服[ふく]	髒汙顯眼的白衣服
CLIP	54.560	56.680	規則正しい生活	規則正[きそくただ]しい生活[せいかつ]	規律正確的生活
CLIP	56.680	61.300	全部私たち商品の品質を保つため	全部[ぜんぶ]私[わたし]たち商品[しょうひん]の品質[ひんしつ]を保[たも]つため	全部為了保持我們商品的品質
CLIP	61.300	66.300	私たちはただ無差別に出荷されていくのを待つだけ	私[わたし]たちはただ無差別[むさべつ]に出荷[しゅっか]されていくのを待[ま]つだけ	我們只是在等著被無差別出貨
CLIP	66.300	67.760	無差別じゃない	無差別[むさべつ]じゃない	不是無差別的
CLIP	67.760	69.280	鬼が言ってたろ	鬼[おに]が言[い]ってたろ	鬼說過的吧
CLIP	69.280	70.900	また6歳	また6歳[さい]	又是六歲
CLIP	70.900	72.900	並の出荷が続いている	並[なみ]の出荷[しゅっか]が続[つづ]いている	一直在出普通等級的貨
CLIP	72.900	73.920	それが	それが	那個
CLIP	73.920	75.920	あの言葉から察するに	あの言葉[ことば]から察[さっ]するに	從那句話推測
CLIP	75.920	78.280	おそらく年齢イコールランク	おそらく年齢[ねんれい]イコールランク	大概年齡等同於等級
CLIP	78.280	80.980	僕が覚えている限り	僕[ぼく]が覚[おぼ]えている限[かぎ]り	就我所記得的範圍
CLIP	80.980	84.100	今まで出荷された兄弟は6歳から12歳	今[いま]まで出荷[しゅっか]された兄弟[きょうだい]は6歳[さい]から12歳[さい]	迄今為止出貨的兄弟是從六歲到十二歲
CLIP	84.100	88.620	それで6歳が並だというなら一番の上物は	それで6歳[さい]が並[なみ]だというなら一番[いちばん]の上物[じょうもの]は	既然六歲算普通等級，那最上等的就是……
CLIP	88.620	95.720	12歳じゃあスコアはテストでいい点取っても肉は美味しくならないよね	12歳[さい]じゃあスコアはテストでいい点[てん]取[と]っても肉[にく]は美味[おい]しくならないよね	十二歲的話，即使測驗得分高，肉也不會變好吃吧
CLIP	95.720	100.720	ああフルスコア以外は公表されなかったけど多分	ああフルスコア以外[いがい]は公表[こうひょう]されなかったけど多分[たぶん]	啊，除了滿分以外沒有公佈，但大概
CLIP	100.720	102.140	出荷順	出荷順[しゅっかじゅん]	出貨順序
CLIP	102.140	106.800	6歳以降スコアの低い順に収穫されていくんだ	6歳[さい]以降[いこう]スコアの低[ひく]い順[じゅん]に収穫[しゅうかく]されていくんだ	六歲之後會依照分數低的順序被收割
CLIP	108.180	111.140	そして12歳になれば無条件に出荷される	そして12歳[じゅうにさい]になれば無条件[むじょうけん]に出荷[しゅっか]される	然後只要滿十二歲就會無條件被出貨
CLIP	111.140	115.740	つまり私たちはフルスコアだから出荷を保留されてた	つまり私[わたし]たちはフルスコアだから出荷[しゅっか]を保留[ほりゅう]されてた	也就是說，因為我們拿滿分，所以暫緩出貨了
CLIP	115.740	119.960	でも分からないなぜスコア順なのか	でも分[わ]からないなぜスコア順[じゅん]なのか	可是我不懂，為什麼要按分數順序呢
CLIP	119.960	125.380	6歳から12歳ってのにも意味があるのかな	6歳[さい]から12歳[さい]ってのにも意味[いみ]があるのかな	限定六歲到十二歲，是不是也有什麼意義呢
CLIP	125.380	127.600	体の大きさ	体[からだ]の大[おお]きさ	身體的大小？
CLIP	127.600	130.560	違うそれなら体重で	違[ちが]うそれなら体重[たいじゅう]で	不對，那樣的話就會按體重……
CLIP	130.560	132.480	脳の大きさ	脳[のう]の大[おお]きさ	腦的大小
CLIP	132.480	134.960	えっそれって	えっそれって	咦，那不就是……
CLIP	134.960	137.100	脳が一番うまいんだろ	脳[のう]が一番[いちばん]うまいんだろ	大概是腦最好吃吧
CLIP	137.100	139.800	ここの敷地を簡略に表すと	ここの敷地[しきち]を簡略[かんりゃく]に表す[あらわす]と	把這裡的土地簡略表示的話
CLIP	139.800	141.720	ハウスを中央に門	ハウスを中央[ちゅうおう]に門[もん]	把房子放在中央，門在旁邊
CLIP	141.720	144.240	そして周りを取り囲む森	そして周り[まわり]を取り囲む[とりかこむ]森[もり]	然後四周被森林環繞
CLIP	144.240	147.200	まずはどこから脱出するか	まずはどこから脱出[だっしゅつ]するか	首先要從哪裡逃脫
CLIP	147.200	149.620	門か森か	門[もん]か森[もり]か	是門還是森林呢
CLIP	149.620	152.060	森かな	森[もり]かな	可能是森林吧
CLIP	152.060	155.020	門は出荷時以外は閉まってるし	門[もん]は出荷時[しゅっかじ]以外[いがい]は閉[と]まってるし	門在出貨時以外都是關著的
CLIP	155.020	156.440	開くときには	開く[ひらく]ときには	要開啟的時候
CLIP	156.440	157.580	奴らがいる	奴[やつ]らがいる	裡面有他們
CLIP	157.580	160.080	森からいつ逃げるか	森[もり]からいつ逃げる[にげる]か	什麼時候從森林逃走
CLIP	160.080	164.020	僕らが自由に外へ出られる昼間の遊び時間か	僕[ぼく]らが自由[じゆう]に外[そと]へ出[で]られる昼間[ひるま]の遊び[あそび]時間[じかん]か	是我們能自由在白天外出玩耍的時間嗎
CLIP	164.020	166.160	ママがいない出荷の夜	ママがいない出荷[しゅっか]の夜[よる]	沒有媽媽的出貨之夜
CLIP	166.160	170.260	出荷の夜はダメ必ず一人犠牲になる	出荷[しゅっか]の夜[よる]はダメ必ず[かならず]一[いち]人[にん]犠牲[ぎせい]になる	出貨之夜不行，必定會有一個人犧牲
CLIP	170.260	170.820	だね	だね	是啊
CLIP	170.820	174.840	第一夜は小さい子たちが起きていられるか心配だ	第一夜[だいいちや]は小[ちい]さい子[こ]たちが起[お]きていられるか心配[しんぱい]だ	第一晚小孩子能不能醒著讓人擔心
CLIP	174.840	176.520	決まりだ	決まり[きまり]だ	就這麼決定了
CLIP	176.520	178.820	昼間森を抜けて外へ出る	昼間[ひるま]森[もり]を抜[ぬ]けて外[そと]へ出る[でる]	白天穿過森林走到外面
CLIP	178.820	180.800	それが可能かどうかは	それが可能[かのう]かどうかは	是否可能就看那個了
CLIP	180.800	183.400	あの先がどうなってるかによる	あの先[さき]がどうなってるかによる	要看那前面是什麼情況
CLIP	183.400	186.290	ノーマンノーマン	ノーマンノーマン	諾曼，諾曼
CLIP	186.290	188.000	大丈夫	大丈夫[だいじょうぶ]	沒事
CLIP	188.000	191.650	考えすぎて疲れちゃったかな	考[かんが]えすぎて疲[つか]れちゃったかな	可能是想太多，累了吧
CLIP	191.648	194.648	もう しょうがないな	もう しょうがないな	算了，沒辦法啊
CLIP	194.648	197.648	どう? 上に何かある?	どう? 上[うえ]に何か[なにか]ある?	怎樣？上面有什麼嗎？
CLIP	197.648	202.648	何も ただこの塀 幅が2、3メートルある	何[なに]も ただこの塀[へい] 幅[はば]が2、3メートルある	什麼都沒有，就這堵寬兩、三公尺的牆
CLIP	202.648	204.648	それにとにかく高い	それにとにかく高い[たかい]	而且非常高
CLIP	204.648	206.648	でも見張りはいない	でも見張り[みはり]はいない	但沒有哨兵
CLIP	207.648	209.648	静かだ	静か[しずか]だ	很安靜
CLIP	209.648	212.648	エマどう思う	エマどう思う[おもう]	艾瑪，你怎麼看？
CLIP	212.648	214.407	固くて丈夫	固く[かたく]て丈夫[じょうぶ]	又硬又結實
CLIP	214.407	217.328	起伏どころか継ぎ目もない	起伏[きふく]どころか継ぎ目[つぎめ]もない	連起伏都沒有，接縫也沒有
CLIP	217.328	219.648	おまけに表面はサラサラ	おまけに表面[ひょうめん]はサラサラ	而且表面光滑
CLIP	219.648	222.028	普通こんなの登れっこない	普通[ふつう]こんなの登[のぼ]れっこない	普通的話根本爬不上去
CLIP	222.028	223.868	じゃあ諦める	じゃあ諦める[あきらめる]	那就放棄吧
CLIP	223.868	226.347	って思わせる塀なんだろうけど	って思わ[おもわ]せる塀[へい]なんだろうけど	雖然看起來像是讓人想放棄的牆
CLIP	226.347	227.968	私やノーマンなら	私[わたし]やノーマンなら	如果是我或諾曼的話
CLIP	227.968	231.108	ロープ一本あれば登れると思う	ロープ一[いち]本[ほん]あれば登れる[のぼれる]と思う[おもう]	只要有一根繩子就能爬上去
CLIP	231.108	232.347	鬼の気配はない	鬼[おに]の気配[けはい]はない	沒有鬼的氣息
CLIP	232.347	234.388	見張りはママ一人	見張り[みはり]はママ一[いち]人[にん]	只有媽媽一個人在守望
CLIP	234.388	237.067	大丈夫怖くない	大丈夫[だいじょうぶ]怖くない[こわくない]	沒問題，不會怕的
CLIP	237.067	239.388	あれ2人足りない	あれ2人[にん]足りない[たりない]	那兩個人還不夠
CLIP	239.388	241.388	ママー	ママー	媽媽
CLIP	241.388	242.728	マルク	マルク	馬爾克
CLIP	242.728	245.988	何かあったの	何[なに]かあったの	發生什麼事了？
CLIP	245.988	247.847	どうしよう	どうしよう	該怎麼辦？
CLIP	247.847	250.308	森でナイラとはぐれちゃった	森[もり]でナイラとはぐれちゃった	我在森林裡跟奈拉走散了
CLIP	250.308	251.968	（語音不清）	（語音不清）	（語音不清）
CLIP	251.968	253.287	見つからないんだ	見[み]つからないんだ	找不到啊
CLIP	253.287	255.407	大丈夫よ	大丈夫[だいじょうぶ]よ	沒事的
CLIP	255.407	258.127	みんなここから動かないで	みんなここから動か[うごか]ないで	大家不要從這裡移動
CLIP	258.127	259.868	いいわね	いいわね	好啊
CLIP	259.868	260.827	ママ	ママ	媽媽
CLIP	260.827	262.248	ママー	ママー	媽媽
CLIP	262.248	265.488	疲れて眠っちゃったのね	疲[つか]れて眠っ[ねむっ]ちゃったのね	累了就睡著了呢
CLIP	265.488	267.827	ほら怪我ひとつないな	ほら怪我[けが]ひとつないな	看，根本沒受傷
CLIP	267.827	268.808	ナイラ!	ナイラ!	奈拉！
CLIP	270.308	272.428	ごめん!ごめん、ナイラ!	ごめん!ごめん、ナイラ!	對不起！對不起，奈拉！
CLIP	273.308	277.788	ママはまるでナイラがどこにいるか分かっているみたいだった	ママはまるでナイラがどこにいるか分かっ[わかっ]ているみたいだった	媽媽彷彿知道奈拉到底在哪裡
CLIP	277.788	283.588	そういえば昔からママは私たちを見つけるのが得意だった	そういえば昔[むかし]からママは私[わたし]たちを見[み]つけるのが得意[とくい]だった	說起來，媽媽從以前就擅長找出我們
CLIP	283.588	286.728	どこに隠れてもすぐに見つかった	どこに隠れ[かくれ]てもすぐに見[み]つかった	不管藏在哪裡，都很快被發現
CLIP	286.728	290.908	あれは時計じゃない発信機	あれは時計[とけい]じゃない発信機[はっしんき]	那不是鐘錶，而是發信機
CLIP	290.908	295.248	僕らの体のどこかに埋められているのかもしれない	僕[ぼく]らの体[からだ]のどこかに埋[う]められているのかもしれない	也許埋在我們身體的某個地方
CLIP	295.248	297.308	しかもママは	しかもママは	而且媽媽
CLIP	297.308	301.168	あのコンパクトを僕らに分かるようにわざと見せた	あのコンパクトを僕[ぼく]らに分[わ]かるようにわざと見[み]せた	她故意把那個小型裝置給我們看，使我們能夠理解
CLIP	301.168	303.788	誰であろうと逃がさない	誰[だれ]であろうと逃[に]がさない	不管是誰都不會放過
CLIP	303.788	307.127	ママが言いたいのはそういうことだ	ママが言[い]いたいのはそういうことだ	媽媽想說的就是這個意思
CLIP	307.127	308.067	ママ	ママ	媽媽
CLIP	308.067	310.027	敵だ	敵[てき]だ	是敵人
CLIP	310.027	312.447	まずはロープを手に入れよう	まずはロープを手[て]に入[い]れよう	首先先取得繩子
CLIP	312.447	314.627	どこにあるか目星はついてる	どこにあるか目星[めぼし]はついてる	已經大概找到了所在位置
CLIP	314.627	316.708	今日の夜10時に廊下で	今日[きょう]の夜[よる]10時[じ]に廊下[ろうか]で	今晚十點在走廊上
CLIP	316.708	317.148	待って	待[ま]って	等一下
CLIP	317.148	320.228	発信機なんてつけるくらいだから	発信機[はっしんき]なんてつけるくらいだから	因為甚至會裝上發信機
CLIP	320.228	323.327	他にももっとカメラとか盗聴器とか	他[ほか]にももっとカメラとか盗聴器[とうちょうき]とか	還有更多像是攝影機、竊聽器之類的
CLIP	323.327	324.588	大丈夫	大丈夫[だいじょうぶ]	沒問題
CLIP	324.588	326.527	一通り調べたけど	一[いち]通り[とおり]調[しら]べたけど	雖然大致檢查過了
CLIP	326.527	328.768	それらしきものはなかったよ	それらしきものはなかったよ	卻沒有那樣的東西
CLIP	328.768	330.007	いつの間に	いつの間[ま]に	不知何時
CLIP	330.007	331.548	でも迂闊だった	でも迂闊[うかつ]だった	但卻太大意了
CLIP	331.548	333.908	まさか建物じゃなくて	まさか建物[たてもの]じゃなくて	沒想到不是建築物
CLIP	333.908	336.127	僕らの方に細工がしてあるなんて	僕[ぼく]らの方[ほう]に細工[さいく]がしてあるなんて	竟然在我們這邊做了手腳
CLIP	336.127	338.667	もうバレてるかな	もうバレてるかな	已經被發現了嗎
CLIP	338.667	341.467	さっき私たちが塀まで行ったこと	さっき私[わたし]たちが塀[へい]まで行っ[いっ]たこと	剛才我們去到圍牆的事
CLIP	341.467	343.227	大丈夫	大丈夫[だいじょうぶ]	沒問題
CLIP	343.227	345.887	だってあの時もバレなかったろ	だってあの時[とき]もバレなかったろ	因為那時也沒被發現吧
CLIP	345.887	348.727	コニーにリトルバーニー届けに行った時	コニーにリトルバーニー届け[とどけ]に行っ[いっ]た時[とき]	把小巴尼交給康妮的時候
CLIP	348.727	350.527	確かに	確か[たしか]に	確實如此
CLIP	350.527	354.067	ママは常に僕らの居場所を把握しているわけじゃない	ママは常に[つねに]僕ら[ぼくら]の居場所[いばしょ]を把握[はあく]しているわけじゃない	媽媽並不是一直掌握我們的所在
CLIP	354.067	357.467	確認して初めて位置を知るんだ	確認[かくにん]して初めて[はじめて]位置[いち]を知る[しる]んだ	只有確認後才會知道位置
CLIP	357.467	359.688	ママはリトルバーニーが	ママはリトルバーニーが	媽媽對小巴尼
CLIP	359.688	361.127	コニー以外の誰かの手で	コニー以外[いがい]の誰か[だれか]の手[て]で	不是康妮而是其他人的手
CLIP	361.127	362.887	持ち込まれたことは気づいている	持ち込ま[もちこま]れたことは気づい[きづい]ている	已經注意到被帶進來的事
CLIP	362.887	367.827	でも誰かの特定はできていないと思う	でも誰[だれ]かの特定[とくてい]はできていないと思う[おもう]	但我認為還沒辦法特定是誰
CLIP	367.827	370.730	でなきゃあんな回りくどい警告はしない	でなきゃあんな回[まわ]りくどい警告[けいこく]はしない	不然就不會那麼拐彎抹角地警告我們
CLIP	370.730	371.630	なるほど	なるほど	原來如此
CLIP	371.630	374.100	おいノーマンちょっといい	おいノーマンちょっといい	喂，諾曼，方便一下嗎
CLIP	374.100	376.680	時計の調子が悪くてさ	時計[とけい]の調子[ちょうし]が悪[わる]くてさ	我的時鐘出了點問題
CLIP	376.680	378.750	分かった見てみるよ	分[わ]かった見[み]てみるよ	好，我看看
CLIP	378.750	383.150	大丈夫だよエマ僕らは疑われていない	大丈夫[だいじょうぶ]だよエマ僕[ぼく]らは疑[うたが]われていない	沒事的，艾瑪，我們沒有被懷疑
CLIP	383.150	384.630	コニー	コニー	康妮
CLIP	384.630	386.555	え	え	咦
CLIP	386.555	389.680	どうしたのエマ顔色が良くないわ	どうしたのエマ顔色[かおいろ]が良[よ]くないわ	怎麼了，艾瑪？妳臉色不太好
CLIP	389.680	394.420	そういえば今朝はいつもより元気がなかったんじゃない	そういえば今朝[けさ]はいつもより元気[げんき]がなかったんじゃない	說起來，妳今天早上是不是也比平常沒精神？
CLIP	394.420	396.460	そんなこと	そんなこと	才沒有……
CLIP	396.455	397.915	なんでもないよ	なんでもないよ	沒什麼
CLIP	397.915	403.175	ただ私ももうじきハウスを出るんだと思うと寂しくなっちゃって	ただ私[わたし]ももうじきハウスを出る[でる]んだと思う[おもう]と寂しく[さびしく]なっちゃって	只是我一想到很快就要離開屋子，就感到寂寞
CLIP	403.175	406.955	エマはハウスが好き?	エマはハウスが好き[すき]?	艾瑪喜歡屋子嗎？
CLIP	407.295	409.575	ハウスもママも大好き	ハウスもママも大好き[だいすき]	屋子和媽媽都很喜歡
CLIP	409.575	412.755	コニー今頃どうしてるかな	コニー今頃[いまごろ]どうしてるかな	康妮現在在幹什麼呢
CLIP	412.755	418.255	コニーね大人になったらママみたいなお母さんになりたいんだって	コニーね大人[おとな]になったらママみたいなお母さん[おかあさん]になりたいんだって	康妮說長大後想成為像媽媽那樣的好媽媽
CLIP	418.255	420.235	ええ知っているわ	ええ知[し]っているわ	嗯，我知道的
CLIP	420.235	425.395	コニーならきっと素敵な大人にいいお母さんになるわ	コニーならきっと素敵[すてき]な大人[おとな]にいいお母[かあ]さんになるわ	如果是康妮，一定會成為很棒的大人，成為好媽媽
CLIP	425.395	429.035	夕飯準備できたよママ	夕飯[ゆうはん]準備[じゅんび]できたよママ	晚餐已經準備好了，媽媽
CLIP	429.035	430.695	すぐに行くわ	すぐに行く[いく]わ	馬上就去
CLIP	430.695	436.315	エマ行こう	エマ行[い]こう	艾瑪，我們走吧
CLIP	436.315	438.835	あなたたち二人	あなたたち二人[ふたり]	你們兩個
CLIP	438.835	441.135	昨日門へ行った	昨日[きのう]門[もん]へ行[い]った	昨天去了門口
CLIP	441.135	442.795	行かないよ	行[い]かないよ	不去
CLIP	442.795	444.575	それが規則だし	それが規則[きそく]だし	因為那是規則
CLIP	444.575	447.415	昨日は鬼ごっこに夢中だったもの	昨日[きのう]は鬼ごっこ[おにごっこ]に夢中[むちゅう]だったもの	昨天因為玩捉鬼遊戲而入迷
CLIP	447.415	448.615	ねっ	ねっ	對吧
CLIP	448.615	450.175	（語音不清）どうして	（語音不清）どうして	（語音不清）為什麼？
CLIP	450.175	453.115	いいえ	いいえ	不
CLIP	453.115	454.795	それならいいの	それならいいの	那樣就好
CLIP	454.795	455.855	立てる?	立[た]てる?	要站起來嗎？
CLIP	455.855	460.035	でも考えたねノーマン テーブルクロスなんて	でも考[かんが]えたねノーマン テーブルクロスなんて	不過諾曼，你還想到桌布之類的
CLIP	460.035	462.335	これならロープ代わりになる	これならロープ代[か]わりになる	這樣就能當繩子用了
CLIP	462.335	464.595	これで塀は越えられる	これで塀[へい]は越[こ]えられる	這樣就能越過圍牆了
CLIP	464.595	469.035	さあ難題はこれからだ	さあ難題[なんだい]はこれからだ	好了，難題才剛開始
CLIP	469.035	471.135	発信機の有りかと	発信機[はっしんき]の有[あり]りかと	關於發信機的有無
CLIP	471.135	473.655	全員を連れ出す方法	全員[ぜんいん]を連れ出す[つれだす]方法[ほうほう]	把所有人帶出去的方法
CLIP	473.655	474.855	ねえノーマン	ねえノーマン	嘿，諾曼
CLIP	474.855	475.755	ん?	ん?	嗯？
CLIP	475.755	478.855	レイには話しても大丈夫なんじゃないかな	レイには話[はな]しても大丈夫[だいじょうぶ]なんじゃないかな	跟雷說也應該沒問題吧
CLIP	478.855	480.995	それは僕も考えてた	それは僕[ぼく]も考え[かんがえ]てた	那也是我在想的
CLIP	480.995	484.055	レイならパニックになったりしないだろうし	レイならパニックになったりしないだろうし	雷應該不會慌亂的
CLIP	484.055	486.455	物知りな分機械にも詳しい	物知り[ものしり]な分[ぶん]機械[きかい]にも詳[くわ]しい	他博學多才，對機械也很熟悉
CLIP	486.455	488.775	きっと力になってくれる	きっと力[ちから]になってくれる	一定會成為我們的力量
CLIP	488.775	490.335	でも	でも	但是
CLIP	490.335	491.555	でも	でも	但是
CLIP	491.555	494.175	レイには僕から話すよ	レイには僕[ぼく]から話[はな]すよ	我會親自跟雷說
CLIP	494.175	496.115	エマは一度ハウスに戻って	エマは一度[いちど]ハウスに戻っ[もどっ]て	艾瑪先回屋裡一次
CLIP	496.115	496.475	なんで	なんで	為什麼
CLIP	496.475	498.675	レイ	レイ	雷
CLIP	498.675	499.775	よ	よ	呀
CLIP	499.775	502.775	（語音不清）つけてきた	（語音不清）つけてきた	（語音不清）跟過來了
CLIP	502.775	507.775	いい加減気になるから問い詰めようと思って	いい加減[いいかげん]気[き]になるから問い詰めよ[といつめよ]うと思っ[おもっ]て	因為實在在意，想要追問一下
CLIP	507.775	508.715	鬼	鬼[おに]	鬼
CLIP	508.715	510.415	農園	農園[のうえん]	農園
CLIP	510.415	512.695	ママが敵	ママが敵[てき]	媽媽是敵人
CLIP	512.695	515.715	やばくね	やばくね	太危險了
CLIP	515.715	517.275	飲み込み早っ	飲み込み[のみこみ]早っ[はやっ]	吞嚥得好快
CLIP	517.275	523.675	つまり俺たちは大事に大事に管理された鬼の食料だったってわけか	つまり俺[おれ]たちは大事[だいじ]に大事[だいじ]に管理[かんり]された鬼[おに]の食料[しょくりょう]だったってわけか	也就是說，我們被當成被細心管理的鬼的食物了嗎
CLIP	523.675	527.535	ていうか超すんなり信じてくれてるけど	ていうか超[ちょう]すんなり信じ[しんじ]てくれてるけど	話說回來，雖然他們超順利地相信了
CLIP	527.535	529.815	は?当然だろ	は?当然[とうぜん]だろ	哈？當然啦
CLIP	529.815	532.875	ノーマンがこんなまぬけな嘘つくかっての	ノーマンがこんなまぬけな嘘[うそ]つくかっての	諾曼會說出這種笨拙的謊話嗎
CLIP	532.875	537.515	で実際逃げるとなると問題はいろいろあるが	で実際[じっさい]逃げる[にげる]となると問題[もんだい]はいろいろあるが	不過實際要逃跑的話，問題還是很多
CLIP	537.515	539.375	まずは人数だな	まずは人数[にんずう]だな	首先是人數
CLIP	539.375	542.175	実現可能なメンバーに絞って	実現[じつげん]可能[かのう]なメンバーに絞っ[しぼっ]て	縮小到可行的成員
CLIP	542.175	544.835	待って力を貸してレイ	待っ[まっ]て力[ちから]を貸し[かし]てレイ	等一下，請幫忙，雷
CLIP	544.835	547.835	ママ鬼発信機	ママ鬼[おに]発信[はっしん]機[き]	媽媽鬼發信機
CLIP	547.835	550.775	ただでさえ簡単でない脱走の難度が	ただでさえ簡単[かんたん]でない脱走[だっそう]の難[なん]度[ど]が	本來就不簡單的逃脫難度
CLIP	550.775	552.275	桁違いに跳ね上がる	桁違い[けたちがい]に跳ね上がる[はねあがる]	會以天差地別的幅度上升
CLIP	552.275	553.195	それは分かってる	それは分かっ[わかっ]てる	那我知道了
CLIP	553.195	555.300	でも無理だと決まったわけじゃ	でも無理[むり]だと決[き]まったわけじゃ	可是還不能斷定做不到……
CLIP	555.300	556.720	いいや無理だ	いいや無理[むり]だ	不，就是不可能
CLIP	556.720	559.320	エマお前気づいてないだろ	エマお前[まえ]気[き]づいてないだろ	艾瑪，妳還沒發現吧
CLIP	559.320	560.160	え？	え？	咦？
CLIP	560.160	561.400	レイ待って	レイ待[ま]って	雷，等等
CLIP	561.400	565.140	なるほどだから僕から話すよか	なるほどだから僕[ぼく]から話[はな]すよか	原來如此，所以你才說要自己來告訴我啊
CLIP	565.143	568.082	ここを出るだけじゃダメなんだぞ	ここを出る[でる]だけじゃダメなんだぞ	光是離開這裡是不行的
CLIP	568.082	569.283	どういうこと?	どういうこと?	這是什麼意思？
CLIP	570.562	573.383	この外がどうなっているのか分からない	この外[そと]がどうなっているのか分から[わから]ない	不知道外面是怎樣的
CLIP	573.383	575.702	でも出荷される先がある	でも出荷[しゅっか]される先[さき]がある	不過有出貨的目的地
CLIP	575.702	579.903	農園ってものがあること自体で予想はつくだろ	農園[のうえん]ってものがあること自体[じたい]で予想[よそう]はつくだろ	只要知道有農園這件事，就能預測了吧
CLIP	579.903	582.602	外に待つのは鬼の社会だ	外[そと]に待[ま]つのは鬼[おに]の社会[しゃかい]だ	在外面等候的，是鬼的社會。
CLIP	582.602	584.702	人間の生きる場所なんて	人間[にんげん]の生[い]きる場所[ばしょ]なんて	人類的生存之地之類的。
CLIP	584.702	587.102	最悪どこにもないんだよ	最悪[さいあく]どこにもないんだよ	最糟的情況是，哪裡都沒有。
CLIP	587.102	589.862	置いていくそれが最善だ	置[お]いていくそれが最善[さいぜん]だ	把它留下去，那是最好的選擇。
CLIP	589.862	593.783	やだ全滅はやだよ	やだ全滅[ぜんめつ]はやだよ	不要，我討厭全滅。
CLIP	593.783	596.223	でも置いてくって選択肢はない	でも置[お]いてくって選択肢[せんたくし]はない	但是沒有把它留下的選項。
CLIP	596.223	599.803	コニーで終わりにしたいの	コニーで終[お]わりにしたいの	我想以康妮作結局。
CLIP	599.803	603.582	もう誰もあんな姿にしたくない	もう誰[だれ]もあんな姿[すがた]にしたくない	再也不想讓任何人變成那樣的樣子。
CLIP	603.582	606.702	ないなら作ろうよ外に	ないなら作[つく]ろうよ外[そと]に	如果沒有，就在外面創造吧。
CLIP	606.702	608.462	人間の生きる場所	人間[にんげん]の生[い]きる場所[ばしょ]	人類的生存之地。
CLIP	608.462	610.643	変えようよ世界	変[か]えようよ世界[せかい]	讓我們改變這個世界吧。
CLIP	610.643	612.742	だからレイが折れて	だからレイが折[お]れて	所以雷倒下了。
CLIP	612.742	615.082	ごちゃごちゃ言わずに力貸して	ごちゃごちゃ言[い]わずに力[ちから]貸[か]して	別嘮嗦，請幫忙出力。
CLIP	615.082	617.163	おいこら保護者	おいこら保護者[ほごしゃ]	喂，保護者！
CLIP	617.163	619.742	絶対にみんなで逃げる	絶対[ぜったい]にみんなで逃[に]げる	一定要大家一起逃走。
CLIP	619.742	621.163	そうじゃなきゃやだ	そうじゃなきゃやだ	不是這樣的話我受不了。
CLIP	621.163	622.143	やだやだやだ	やだやだやだ	不要不要不要。
CLIP	622.143	623.822	このバカ何とかしろ	このバカ何[なん]とかしろ	這個笨蛋，快想辦法。
CLIP	623.822	624.862	むちゃくちゃだ	むちゃくちゃだ	太亂了。
CLIP	624.862	626.362	ねえほんと	ねえほんと	真的嗎？
CLIP	626.362	628.362	でもよかった元気で	でもよかった元気[げんき]で	不過還是很有精神
CLIP	628.362	630.263	じゃなくて止めろよ	じゃなくて止めろ[とめろ]よ	不是那樣，快停下來
CLIP	630.263	631.962	死ぬぞお前ら二人とも	死ぬ[しぬ]ぞお前[おまえ]ら二[に]人[にん]とも	你們兩個都會死的
CLIP	631.962	635.143	お前ははなから分かってんだろ	お前[まえ]ははなから分[わ]かってんだろ	你打從一開始就知道了吧
CLIP	636.663	638.923	エマが泣いたんだ	エマが泣い[ない]たんだ	艾瑪哭了
CLIP	638.923	640.562	あの夜	あの夜[よる]	那個夜晚
CLIP	640.562	643.763	最初は怖いから泣いてるんだと思ってた	最初[さいしょ]は怖い[こわい]から泣い[ない]てるんだと思っ[おもっ]てた	一開始我以為是因為害怕才在哭
CLIP	643.763	645.942	でも違ったんだ	でも違っ[ちがっ]たんだ	但其實不是那樣
CLIP	645.942	649.242	僕は自分が死ぬのが怖かった	僕[ぼく]は自分[じぶん]が死ぬ[しぬ]のが怖かっ[こわかっ]た	我害怕自己會死
CLIP	649.242	654.322	けどエマは家族が死ぬのが怖くて泣いてたんだ	けどエマは家族[かぞく]が死[し]ぬのが怖[こわ]くて泣[な]いてたんだ	可是艾瑪是因為害怕家人死去才哭的
CLIP	654.322	656.442	すごいよね	すごいよね	真厲害呢
CLIP	656.442	660.062	あの状況で何かを守ろうと考えられるんだ	あの状況[じょうきょう]で何[なに]かを守ろ[まもろ]うと考え[かんがえ]られるんだ	在那種情況下還能想到要守護什麼
CLIP	660.062	661.763	でも正しくない	でも正しく[まさしく]ない	但那不對
CLIP	661.763	663.242	泥舟だぞ	泥[どろ]舟[ふね]だぞ	那是泥船啊
CLIP	663.242	664.862	ぶっちゃけ3人だろ	ぶっちゃけ3人[にん]だろ	說穿了，就我們三個人吧
CLIP	664.862	666.722	3人なら逃げられる	3人[にん]なら逃げ[にげ]られる	三個人的話就能逃脫
CLIP	666.722	669.503	お前は正しい	お前[おまえ]は正しい[ただしい]	你說得對
CLIP	669.503	671.263	自分を恥じるな	自分[じぶん]を恥じる[はじる]な	別為自己感到羞恥
CLIP	671.263	673.503	情で判断をねじ曲げるな	情[じょう]で判断[はんだん]をねじ曲げる[ねじまげる]な	不要因感情而扭曲判斷
CLIP	673.503	674.763	ノーマン	ノーマン	諾曼
CLIP	674.763	675.803	違うよレイ	違[ちが]うよレイ	不是啦，雷
CLIP	675.803	678.683	僕も泥舟を作りたいんだ	僕[ぼく]も泥舟[どろぶね]を作[つく]りたいんだ	我也想造一艘泥船
CLIP	678.683	679.482	は?	は?	嗯？
CLIP	680.383	681.322	なんでだよ	なんでだよ	為什麼啊
CLIP	681.322	683.003	お前は違うだろ	お前[まえ]は違[ちが]うだろ	你不是這樣的吧
CLIP	683.003	686.283	もっと冷静でいつだって正解を	もっと冷静[れいせい]でいつだって正解[せいかい]を	更冷靜點，永遠要找出正解
CLIP	686.283	687.942	なのにどうして	なのにどうして	可是為什麼會這樣
CLIP	687.942	689.402	好きだから	好き[すき]だから	因為喜歡
CLIP	689.402	691.683	好きだから	好き[すき]だから	因為喜歡
CLIP	691.683	694.342	エマには笑っていてほしいんだ	エマには笑[わら]っていてほしいんだ	我希望艾瑪能保持微笑
CLIP	694.342	697.383	頭おかしいだろ	頭[あたま]おかしいだろ	你腦袋有問題吧
CLIP	697.383	700.383	それでエマが死んでもいいのかよ	それでエマが死ん[しん]でもいいのかよ	那樣的話，艾瑪死了也行嗎
CLIP	700.383	701.683	死なせない	死[し]なせない	不會讓她死
CLIP	701.683	706.103	そのために僕は僕を利用するの	そのために僕[ぼく]は僕[ぼく]を利用[りよう]するの	為此，我會利用我自己
CLIP	706.103	712.562	幸い僕はやろうと決めてできなかったことは一度もないんだよ	幸[さいわ]い僕[ぼく]はやろうと決[き]めてできなかったことは一度[いちど]もないんだよ	幸好我從未有過決定要做卻做不到的事
CLIP	712.562	715.202	泥も焼けば器になるでしょ	泥[どろ]も焼[や]けば器[うつわ]になるでしょ	只要把泥燒掉就會變成容器吧
CLIP	715.202	719.283	泥舟が必ずしも沈むとも限らないよ	泥[どろ]舟[ふね]が必[かなら]ずしも沈[しず]むとも限[かぎ]らないよ	泥船不一定會沉沒
CLIP	719.283	722.842	レイ ノーマン まだ自由時間のはずだよね	レイ ノーマン まだ自由時間[じゆうじかん]のはずだよね	雷、諾曼，應該還有空閒時間吧
CLIP	722.842	724.263	なんだろう	なんだろう	會是什麼呢
CLIP	724.263	728.663	紹介するわ新しい妹キャロルよ	紹介[しょうかい]するわ新[あたら]しい妹[いもうと]キャロルよ	我要介紹我的新妹妹卡羅爾
CLIP	728.663	730.842	そしてシスタークローネ	そしてシスタークローネ	還有修女克羅內。
CLIP	730.842	733.663	ママのお手伝いに来てもらったの	ママのお手伝い[てつだい]に来[き]てもらったの	讓媽媽來幫忙了。
CLIP	733.663	736.562	大人	大人[おとな]	大人。
CLIP	736.562	738.742	敵が増えた	敵[てき]が増[ふ]えた	敵人增多了。
CLIP	738.742	741.362	今日からここで一緒に暮らします	今日[きょう]からここで一緒[いっしょ]に暮[く]らします	從今天起在這裡一起生活。
CLIP	741.362	742.783	どうぞよろしく	どうぞよろしく	請多指教。
CLIP	742.803	746.590	お願いします	お願[ねが]いします	請多多指教
SOURCE	The Promised Neverland - S01E03 - 181045 HDTV-1080p.condensed.mp3
DURATION	827.110
CLIP	0.000	2.600	この部屋を使ってちょうだい	この部屋[へや]を使[つか]ってちょうだい	請使用這個房間
CLIP	2.600	3.960	はいかしこまりました	はいかしこまりました	好的，明白了
CLIP	3.960	7.000	嫌な場所に住み着きやがった	嫌[いや]な場所[ばしょ]に住[す]み着[つ]きやがった	在討厭的地方落腳了
CLIP	7.000	9.680	3つある子供部屋の真ん中	3つある子供部屋[こどもべや]の真ん中[まんなか]	三間兒童房的正中間
CLIP	9.680	12.500	僕らを監視しやすいように	僕ら[ぼくら]を監視[かんし]しやすいように	為了更容易監視我們
CLIP	12.500	14.880	発信機に気を取られて	発信機[はっしんき]に気[き]を取[と]られて	被發信機分散注意力
CLIP	14.880	17.420	大人が増えるなんて考えもしなかった	大人[おとな]が増[ふ]えるなんて考[かんが]えもしなかった	沒想到會有大人增加
CLIP	17.420	19.820	逆に喜んでやろうぜ	逆[ぎゃく]に喜[よろこ]んでやろうぜ	反而要開心地去做吧
CLIP	19.820	21.560	え喜ぶ	え喜[よろこ]ぶ	哎呀，高興起來
CLIP	21.560	23.900	キャロルとあのシスタークローネ	キャロルとあのシスタークローネ	卡羅爾和那位修女克羅內
CLIP	23.900	26.420	情報源が2つも増えたってな	情報源[じょうほうげん]が2つも増[ふ]えたってな	情報來源竟然增加了兩個
CLIP	26.420	28.120	なるほど	なるほど	原來如此
CLIP	28.120	29.320	まず	まず	首先
CLIP	29.320	31.260	二人はどこから来た	二人[ふたり]はどこから来[き]た	兩個人是從哪裡來的
CLIP	31.260	34.160	キャロルはコニーの代わりだ	キャロルはコニーの代[か]わりだ	卡羅爾是康妮的替代者
CLIP	34.160	35.960	つまり商品の補充	つまり商品[しょうひん]の補充[ほじゅう]	也就是商品的補給
CLIP	35.960	36.840	ああ	ああ	啊
CLIP	36.840	38.780	ここが農園なら	ここが農園[のうえん]なら	如果這裡是農園的話
CLIP	38.780	42.860	補充され続ける一歳児を用意する拠点があるってことだ	補充[ほじゅう]され続[つづ]ける一歳児[いっさいじ]を用意[ようい]する拠点[きょてん]があるってことだ	就是說有個據點會持續提供一歲兒童的補給
CLIP	42.860	44.640	私たちもみんな	私[わたし]たちもみんな	我們大家也是
CLIP	44.640	46.720	元はそこから来たってこと	元[もと]はそこから来[き]たってこと	原本是從那裡來的意思。
CLIP	46.720	47.880	多分な	多分[たぶん]な	大概吧。
CLIP	47.880	51.000	そしてあのシスタークローネもだ	そしてあのシスタークローネもだ	而且那位修女克羅內也是。
CLIP	51.000	53.780	ママ以外の大人がいるって事実も大きいね	ママ以外[いがい]の大人[おとな]がいるって事実[じじつ]も大き[おおき]いね	除了媽媽之外還有大人的事實也很重要呢。
CLIP	53.780	57.800	ここと同じ農園が他にもあるかもしれないし	ここと同じ[おなじ]農園[のうえん]が他[ほか]にもあるかもしれないし	這裡同樣的農園或許還有其他的。
CLIP	57.800	62.340	鬼に従う大人が生まれた時から鬼の支配下なのか	鬼[おに]に従[したが]う大人[おとな]が生[う]まれた時[とき]から鬼[おに]の支配下[しはいか]なのか	是從服從鬼的成年人出生時就已在鬼的支配下，還是…
CLIP	62.340	64.400	捕獲されてからなのか	捕獲[ほかく]されてからなのか	是被捕獲之後才是嗎？
CLIP	64.400	68.020	それだけでも出た先の世界は違ってくる	それだけでも出[で]た先[さき]の世界[せかい]は違[ちが]ってくる	僅此就會讓之後的世界不同。
CLIP	68.020	71.440	でもまず考えるべきは全員をどう逃がすか	でもまず考[かんが]えるべきは全員[ぜんいん]をどう逃[に]がすか	但首先應該考慮的是如何讓全員逃走。
CLIP	71.440	73.880	そして発信機の在りか	そして発信機[はっしんき]の在り[あり]か	還有發信機的所在。
CLIP	73.880	76.560	あれから体中探したんだけど	あれから体中[からだじゅう]探[さが]したんだけど	從那之後我找遍全身，但…
CLIP	76.560	78.800	埋められた跡なんてなかったよ	埋[う]められた跡[あと]なんてなかったよ	沒有發現被埋的痕跡。
CLIP	78.800	80.900	服や靴にもね	服[ふく]や靴[くつ]にもね	衣服和鞋子也沒有。
CLIP	80.900	84.880	人間の科学技術の常識から考えれば	人間[にんげん]の科学技術[かがくぎじゅつ]の常識[じょうしき]から考えれ[かんがえれ]ば	如果從人類的科學技術常識來考慮的話。
CLIP	84.880	86.820	おそらく電波を使った発信機	おそらく電波[でんぱ]を使[つか]った発信[はっしん]機[き]	大概是使用電波的發信機。
CLIP	86.820	88.940	でもそれには電池がいる	でもそれには電池[でんち]がいる	但那需要電池。
CLIP	88.940	93.660	電池寿命が10年以上で手術痕が残らないほど超小型	電池寿命[でんちじゅみょう]が10年[ねん]以上[いじょう]で手術痕[しゅじゅつこん]が残ら[のこら]ないほど超小型[ちょうこがた]	電池壽命超過10年且手術痕跡不會留下的超小型。
CLIP	93.660	98.180	2015年当時じゃ多分実現不可能な代物	2015年当時[ねんとうじ]じゃ多分[たぶん]実現不可能[じつげんふかのう]な代物[しろもの]	在2015年當時大概是無法實現的東西。
CLIP	98.180	99.420	つまり	つまり	也就是說。
CLIP	99.420	104.380	仕組みを予想して場所や壊し方を特定するのは困難	仕組み[しくみ]を予想[よそう]して場所[ばしょ]や壊[こわ]し方[かた]を特定[とくてい]するのは困難[こんなん]	預測機制並特定場所與破壞方式是困難的。
CLIP	104.380	108.220	まして鬼独自の技術ならお手上げだ	まして鬼[おに]独自[どくじ]の技術[ぎじゅつ]ならお手上げ[おてあげ]だ	如果是鬼獨有的技術就束手無策了
CLIP	108.220	109.660	確かに	確か[たしか]に	確實如此
CLIP	109.660	109.880	え?	え?	嗯？
CLIP	111.360	111.900	詰んでない？	詰[つ]んでない？	這不是沒辦法了嗎？
CLIP	112.760	113.340	詰んでる	詰[つ]んでる	是沒辦法了
CLIP	113.340	114.880	ダメじゃん!	ダメじゃん!	不行啊！
CLIP	114.880	118.720	いや仕組みじゃなくても予想はできる	いや仕組み[しくみ]じゃなくても予想[よそう]はできる	不，即使不是機制也能預測
CLIP	118.720	121.720	そう考えるんだ敵の立場で	そう考える[かんがえる]んだ敵[てき]の立場[たちば]で	就這樣從敵人的立場來考慮吧
CLIP	121.720	124.660	どこにどんな発信機を埋めれば都合がいい	どこにどんな発信機[はっしんき]を埋[う]めれば都合[つごう]がいい	把什麼樣的發信機埋在哪裡最方便
CLIP	124.660	126.180	キャロル	キャロル	卡羅爾
CLIP	126.180	127.000	え?	え?	嗯？
CLIP	127.780	129.840	来たばかりのあいつにはあるかもしれない	来[き]たばかりのあいつにはあるかもしれない	剛來的那傢伙可能有
CLIP	129.840	132.760	あっ発信機の手術痕	あっ発信機[はっしんき]の手術痕[しゅじゅつこん]	啊，植入發信器的手術痕跡
CLIP	132.760	137.040	こちら側に戻って来られる機会をいただき感謝します	こちら側[がわ]に戻[もど]って来[こ]られる機会[きかい]をいただき感謝[かんしゃ]します	感謝能有機會回到這邊來
CLIP	137.040	139.920	私は補佐役を一名要請しただけ	私[わたし]は補佐役[ほさやく]を一名[いちめい]要請[ようせい]しただけ	我只是請求了一名助手而已
CLIP	139.920	142.740	特にあなたを呼んだわけではないわ	特に[とくに]あなたを呼ん[よん]だわけではないわ	並不是特別叫你來的
CLIP	142.740	145.000	先輩のお噂はかねがね	先輩[せんぱい]のお噂[うわさ]はかねがね	早就聽聞前輩的大名了
CLIP	145.000	146.540	最年少でママ	最年少[さいねんしょう]でママ	最年輕的媽媽
CLIP	146.540	148.440	飼育官に抜擢	飼育官[しいくかん]に抜擢[ばってき]	被拔擢為飼育官
CLIP	148.440	150.860	上物以上の育成数は	上物[じょうもの]以上[いじょう]の育成数[いくせいすう]は	培育出上等以上貨色的數量
CLIP	150.860	153.120	全プラント歴代トップとか	全[ぜん]プラント歴代[れきだい]トップとか	全體植物歷代第一之類的
CLIP	153.120	156.140	尊敬する先輩の下で働けて	尊敬[そんけい]する先輩[せんぱい]の下[した]で働[はたら]けて	能在敬佩的前輩手下工作
CLIP	156.140	157.820	光栄の至りです	光栄[こうえい]の至[いた]りです	真是光榮至極
CLIP	157.820	160.040	社交辞令は結構よ	社交辞令[しゃこうじれい]は結構[けっこう]よ	客套話就免了
CLIP	160.040	162.300	無駄なおしゃべりはやめて	無駄[むだ]なおしゃべりはやめて	不要再說無謂的閒聊
CLIP	162.300	164.120	仕事の話をしましょう	仕事[しごと]の話[はなし]をしましょう	我們來談談工作吧
CLIP	164.120	168.100	私の可愛い子供たちの資料よ	私[わたし]の可愛[かわい]い子供[こども]たちの資料[しりょう]よ	這是我可愛孩子們的資料喔
CLIP	168.100	170.940	今ここで覚えなさい	今[いま]ここで覚[おぼ]えなさい	現在就在這裡記住吧
CLIP	170.940	174.340	毎朝フルスコアを取るよりは簡単でしょ	毎朝[まいあさ]フルスコアを取[と]るよりは簡単[かんたん]でしょ	比每天早上拿滿分還簡單吧
CLIP	174.340	178.000	ところで私は何の仕事で呼ばれたのですか	ところで私[わたし]は何[なん]の仕事[しごと]で呼[よ]ばれたのですか	順帶一提，我是因為什麼工作被叫來的呢
CLIP	178.000	180.080	秘密を知られた	秘密[ひみつ]を知ら[し]れた	秘密被知道了
CLIP	180.080	183.640	車の荷台も見られてる	車[くるま]の荷台[にだい]も見[み]られてる	連車子的貨箱也被看到
CLIP	183.640	187.820	では規則通り直ちに見つけて即時出荷を	では規則[きそく]通[どお]り直[ただ]ちに見[み]つけて即時[そくじ]出荷[しゅっか]を	那麼依照規則立即找出並即時出貨
CLIP	187.820	188.600	待ちなさい	待[ま]ちなさい	等一下
CLIP	188.600	191.520	いいわねシスタークローネ	いいわねシスタークローネ	明白了嗎，克羅妮修女
CLIP	191.520	194.100	イエスマムイザベラ	イエスマムイザベラ	Yes, Mamui Isabella
CLIP	194.100	196.360	そうなのよ	そうなのよ	就是這樣喔
CLIP	196.360	198.700	私も驚いちゃったわ	私[わたし]も驚[おどろ]いちゃったわ	我也嚇了一跳
CLIP	198.700	202.600	まさかあの超優秀なイザベラがね	まさかあの超優秀[ちょうゆうしゅう]なイザベラがね	真沒想到，連那麼優秀的伊莎貝拉也會這樣
CLIP	202.600	207.340	しかも上には報告しないでミスをもみ消そうとしてるのよ	しかも上[うえ]には報告[ほうこく]しないでミスをもみ消[け]そうとしてるのよ	而且她還不向上頭報告，想把失誤掩蓋過去
CLIP	207.340	212.160	でもここで手を貸しておけばイザベラに恩を売れて	でもここで手[て]を貸[か]しておけばイザベラに恩[おん]を売[う]れて	不過現在幫她一把，就能讓伊莎貝拉欠我人情
CLIP	212.157	214.577	私もいつかママの座に	私[わたし]もいつかママの座[ざ]に	我也希望有一天能坐上媽媽的位置
CLIP	214.577	218.498	あらあらどうしたの	あらあらどうしたの	啊呀啊呀，怎麼了？
CLIP	218.498	221.397	そんなにわんわん泣いちゃって	そんなにわんわん泣い[ない]ちゃって	怎麼這麼汪汪地哭啊
CLIP	221.397	223.718	ほら泣かないで	ほら泣か[なか]ないで	看，別哭了
CLIP	223.718	225.298	あなたも嬉しいでしょ	あなたも嬉しい[うれしい]でしょ	你也很開心吧
CLIP	225.298	227.137	私がママになったら	私[わたし]がママになったら	如果我成為媽媽的話
CLIP	227.137	229.857	そしたら今より忙しくなるけど	そしたら今[いま]より忙[いそが]しくなるけど	那樣的話會比現在更忙碌，但
CLIP	229.857	232.218	あなたなら応援してくれるわよね	あなたなら応援[おうえん]してくれるわよね	妳一定會支援我的，對吧
CLIP	232.218	234.518	他の子にやきもち焼いて	他[た]の子[こ]にやきもち焼い[やい]て	對其他孩子妒忌
CLIP	234.518	237.037	わがまま言ったりしちゃダメよ	わがまま言っ[いっ]たりしちゃダメよ	不能任性說話喔
CLIP	237.037	238.857	ちょっと待って	ちょっと待っ[まっ]て	等一下
CLIP	238.857	242.377	もしかしてこれってチャンスなんじゃない	もしかしてこれってチャンスなんじゃない	難道這是機會嗎
CLIP	242.377	245.278	私がママになるの	私[わたし]がママになるの	我要當媽媽
CLIP	245.278	248.537	いつかじゃなくて今なんじゃない	いつかじゃなくて今[いま]なんじゃない	不是未來而是現在吧
CLIP	248.537	253.377	だって私が秘密を知った子供を捉えて	だって私[わたし]が秘密[ひみつ]を知[し]った子供[こども]を捉え[とらえ]て	因為我抓住了知道秘密的孩子
CLIP	253.377	255.017	違反を告発したら	違反[いはん]を告発[こくはつ]したら	如果舉發違規的話
CLIP	255.017	257.798	イザベラはクビよ	イザベラはクビよ	伊莎貝拉被解僱喔
CLIP	257.798	263.457	だったら言うこと聞くふりしてママの座奪う方が早いんじゃない	だったら言[い]うこと聞[き]くふりしてママの座[ざ]奪[うば]う方[ほう]が早[はや]いんじゃない	那麼假裝聽話去奪走媽媽的位置會比較快吧
CLIP	263.457	271.637	（語音不清）捕らえて（語音不清）即出荷	（語音不清）捕[と]らえて（語音不清）即出荷[そくしゅっか]	（語音不清）抓起來（語音不清）立即出貨
CLIP	271.637	276.317	わあ素敵	わあ素敵[すてき]	哇，好棒
CLIP	276.317	279.077	私がここのママになるのよ	私[わたし]がここのママになるのよ	我要成為這裡的媽媽喔
CLIP	279.077	281.477	一刻も早く見つけなくちゃ	一刻[いっこく]も早く[はやく]見つけ[みつけ]なくちゃ	一定要盡快找出來！
CLIP	281.477	283.857	ずいぶん懐かれているね	ずいぶん懐かれて[なつかれて]いるね	被大家很親近呢。
CLIP	283.857	288.757	ああ子供たちが懐いてる大人2人をどう出し抜くか	ああ子供[こども]たちが懐いてる[なついてる]大人[おとな]2人[にん]をどう出し抜くか[だしぬくか]	啊，要怎麼從那兩個被孩子們親近的大人身上取巧呢？
CLIP	288.757	293.917	それね何よりまずいのは鬼への通報	それね何[なに]よりまずいのは鬼[おに]への通報[つうほう]	那個啊，最糟的是向鬼舉報。
CLIP	293.917	297.317	脱獄初動で化け物たちに追われること	脱獄[だつごく]初動[しょどう]で化け物[ばけもの]たちに追わ[おわ]れること	在越獄初期被怪物追趕的事。
CLIP	297.317	299.517	阻止する方法は一つ	阻止[そし]する方法[ほうほう]は一つ[ひとつ]	阻止的方法只有一個。
CLIP	299.517	301.857	ママとシスターを	ママとシスターを	媽媽和修女。
CLIP	301.857	304.317	ノーマンとレイね	ノーマンとレイね	諾曼和雷啊。
CLIP	304.317	305.517	はい	はい	好。
CLIP	305.517	310.158	テストフルスコアなんですってね	テストフルスコアなんですってね	聽說是測試滿分啊。
CLIP	310.158	311.498	はい	はい	好。
CLIP	311.498	312.978	すごいわ	すごいわ	好厲害啊。
CLIP	312.978	315.678	よろしくね仲良くしましょう	よろしくね仲良く[なかよく]しましょう	請多關照，我們好好相處吧。
CLIP	315.678	317.477	聞かれたか	聞[き]かれたか	被聽到了嗎？
CLIP	317.477	318.777	いや大丈夫	いや大丈夫[だいじょうぶ]	不，沒事。
CLIP	318.777	320.238	あのシスター	あのシスター	那位修女。
CLIP	320.238	323.757	ここへ来たのは監視のためだけじゃなさそうだね	ここへ来[き]たのは監視[かんし]のためだけじゃなさそうだね	來這裡似乎不只是為了監視呢。
CLIP	323.757	325.217	どういう意味だ	どういう意味[いみ]だ	這是什麼意思？
CLIP	325.217	326.618	見る目が違った	見る目[みるめ]が違った[ちがった]	看法不同。
CLIP	326.618	329.257	きっと疑っているんだよ	きっと疑っている[うたがっている]んだよ	一定在懷疑吧。
CLIP	329.257	330.298	僕ら年長者	僕[ぼく]ら年[ねん]長者[ちょうしゃ]	我們是年長者
CLIP	330.298	333.657	彼女はどこからその情報を	彼女[かのじょ]はどこからその情報[じょうほう]を	她的情報是從哪裡得到的
CLIP	333.657	335.678	決まってるだろう	決[き]まってるだろう	應該是已經決定了吧
CLIP	335.678	336.877	ママだよ	ママだよ	是媽媽
CLIP	336.877	340.897	ママの手は確実に僕らに迫っている	ママの手[て]は確実[かくじつ]に僕[ぼく]らに迫[せま]っている	媽媽的手正確實地向我們逼近
CLIP	340.897	342.157	急がなきゃ	急[いそ]がなきゃ	必須快點
CLIP	342.157	343.817	考えろ	考[かんが]えろ	好好想想
CLIP	343.817	345.977	敵の立場で	敵[てき]の立場[たちば]で	以敵人的立場
CLIP	345.977	348.337	発信機は鬼も食べない	発信機[はっしんき]は鬼[おに]も食[た]べない	鬼也不會吃發信器
CLIP	348.337	349.597	だから	だから	所以
CLIP	349.597	352.238	取り出しやすい（語音不清）	取[と]り出[だ]しやすい（語音不清）	容易取出來的（語音不清）
CLIP	352.238	354.017	私ね	私[わたし]ね	我呢
CLIP	354.017	356.298	聞きたいことがあるの	聞[き]きたいことがあるの	我有想問的事
CLIP	356.298	358.037	あの日の夜	あの日[ひ]の夜[よる]	那天的夜晚
CLIP	358.037	360.957	もう消えちゃったんだよ	もう消[き]えちゃったんだよ	已經消失了呀
CLIP	360.957	362.618	そりゃそうだよね	そりゃそうだよね	那也是啊
CLIP	362.618	364.137	私は10歳	私[わたし]は10歳[さい]	我十歲
CLIP	364.137	366.017	今は11歳だもんね	今[いま]は11歳[さい]だもんね	現在十一歲了嘛
CLIP	366.017	368.197	思ってたよりずっと	思[おも]ってたよりずっと	比想像中還要多
CLIP	368.197	369.517	小さいものだったんだ	小[ちい]さいものだったんだ	原來是小小的東西
CLIP	369.517	370.798	何が	何[なに]が	什麼？
CLIP	370.798	375.558	えっいや小さな傷痕だから消えちゃったんだなって	えっいや小さ[ちいさ]な傷痕[きずあと]だから消[き]えちゃったんだなって	咦，原來是因為那小小的傷痕所以消失了啊
CLIP	375.558	379.577	うん守らなきゃこの子たちを	うん守[まも]らなきゃこの子[こ]たちを	嗯，必須守護這些孩子
CLIP	379.577	381.897	定時連絡定時連絡	定時[ていじ]連絡[れんらく]定時[ていじ]連絡[れんらく]	定時聯絡，定時聯絡
CLIP	381.897	385.217	こちら73584第3プラント	こちら73584第3[だいさん]プラント	這裡73584第3工廠
CLIP	385.217	388.717	10月17日異常なし	10月[じゅうがつ]17日[じゅうななにち]異常[いじょう]なし	10月17日，無異常
CLIP	388.717	390.037	では通信を切断	では通信[つうしん]を切断[せつだん]	那麼，斷開通訊
CLIP	390.037	391.357	イザベラ	イザベラ	伊莎貝拉
CLIP	391.357	392.357	グランマ	グランマ	奶奶
CLIP	392.357	395.498	はい元より承知しております	はい元[もと]より承知[しょうち]しております	是的，我早已知悉
CLIP	395.498	397.397	ボスにお伝えください	ボスにお伝え[おつたえ]ください	請轉告上司
CLIP	397.397	399.137	万事順調	万事[ばんじ]順調[じゅんちょう]	萬事順利
CLIP	399.137	401.337	いつでもどの子でもと	いつでもどの子[こ]でもと	隨時、任何孩子都行
CLIP	401.337	403.917	そうか出せるか	そうか出せる[だせる]か	原來如此，能拿出來嗎
CLIP	403.917	407.837	それはあの方もさぞお喜びになろう	それはあの方[ほう]もさぞお喜び[よろこび]になろう	那位大人一定會非常高興吧
CLIP	407.837	408.800	抜かるなよ	抜[ぬ]かるなよ	別出差錯了
CLIP	408.800	414.070	あの方の御膳は特別なのだ我らと違ってな	あの方[かた]の御膳[ごぜん]は特別[とくべつ]なのだ我[われ]らと違[ちが]ってな	那位大人的膳食很特別，和我們不同
CLIP	414.070	418.555	では諸君我々も収穫を祝おう	では諸君[しょくん]我々[われわれ]も収穫[しゅうかく]を祝[いわ]おう	那麼，各位，我們也來慶祝收成吧
CLIP	418.555	421.735	さああの方に祈りを	さああの方[かた]に祈り[いのり]を	來，向那位大人祈禱吧
CLIP	421.735	424.795	確かにこれは気づかねえの	確かに[たしかに]これは気づか[きづか]ねえの	確實，這件事我沒注意到
CLIP	424.795	427.695	採血痕なんて話も初めて知った	採血痕[さいけつこん]なんて話[はなし]も初[はじ]めて知[し]った	我也是第一次聽說採血痕跡的事
CLIP	427.695	430.175	そんなすぐ消える痕なのか	そんなすぐ消[き]える痕[あと]なのか	那種痕跡會這麼快消失嗎
CLIP	430.175	431.295	うん	うん	嗯
CLIP	431.295	434.575	私無意識にずっと疑ってこなかった	私[わたし]無意識[むいしき]にずっと疑[うたが]ってこなかった	我一直在無意識中沒有懷疑過
CLIP	434.575	436.415	ごめん	ごめん	抱歉
CLIP	436.415	438.175	いやお手柄だよエマ	いやお手柄[てがら]だよエマ	不，這可是你的功勞，艾瑪
CLIP	438.175	443.615	これで発信機の場所や形大きさが分かった次に進める	これで発信機[はっしんき]の場所[ばしょ]や形[かたち]大きさ[おおきさ]が分[わ]かった次[つぎ]に進[すす]める	這樣就知道了發信機的位置、形狀與大小，接下來可以前進
CLIP	443.615	445.115	場所の次	場所[ばしょ]の次[つぎ]	接著是位置
CLIP	445.115	447.355	壊し方	壊[こわ]し方[かた]	破壞方法
CLIP	447.355	450.875	どうする切開して調べたとしても	どうする切開[せっかい]して調[しら]べたとしても	怎麼辦，就算切開來檢查
CLIP	450.875	453.355	ママに髪をかき上げられたら	ママに髪[かみ]をかき上[あ]げられたら	只要媽媽撥起頭髮
CLIP	453.355	454.895	一発でバレる	一発[いっぱつ]でバレる	一發就會被發現
CLIP	454.895	455.395	だな	だな	是啊
CLIP	455.395	459.175	まあ簡単に壊せるかどうかは置いといて	まあ簡単[かんたん]に壊[こわ]せるかどうかは置[お]いといて	先不談能不能簡單地破壞
CLIP	459.175	463.455	俺たちに埋められている発信機は機能としては割と甘い	俺[おれ]たちに埋[う]められている発信機[はっしんき]は機能[きのう]としては割[わ]と甘[あま]い	我們埋的發信機功能上相當寬鬆
CLIP	463.455	464.715	え甘いの	え甘[あま]いの	啊，寬鬆的嗎
CLIP	464.715	467.775	なぜなら個人の信号を特定できない	なぜなら個人[こじん]の信号[しんごう]を特定[とくてい]できない	因為無法特定個人的訊號
CLIP	467.775	470.575	確認なしには位置が分からない	確認[かくにん]なしには位置[いち]が分[わ]からない	沒有確認就無法知道位置
CLIP	470.575	473.475	門や塀に近づいても通知一つしない	門[もん]や塀[へい]に近[ちか]づいても通知[つうち]一つ[ひとつ]しない	即使靠近門或圍牆也不會有任何通知
CLIP	473.475	475.935	でも埋めてる	でも埋[う]めてる	但還是埋著
CLIP	475.935	478.815	そうなぜか	そうなぜか	就是這樣，為什麼呢
CLIP	478.815	480.275	発信機さえ健在なら	発信機[はっしんき]さえ健在[けんざい]なら	只要發信機仍在
CLIP	480.275	482.955	どこまでも追える自信があるんだろう	どこまでも追[お]える自信[じしん]があるんだろう	她就有自信能追到天涯海角吧
CLIP	482.955	487.115	待ってそれってもし通知するなら	待っ[まっ]てそれってもし通知[つうち]するなら	等一下，如果那樣會通知的話
CLIP	487.115	489.155	発信機が壊れた時ってこと	発信機[はっしんき]が壊れ[こわれ]た時[とき]ってこと	也就是說發信器壞掉的時候
CLIP	489.155	491.115	その可能性もあるわな	その可能性[かのうせい]もあるわな	也有那種可能性呢
CLIP	491.115	492.175	どういうこと	どういうこと	這是什麼意思
CLIP	492.175	494.175	壊れた時だけ	壊れ[こわれ]た時[とき]だけ	只有在壞掉的時候
CLIP	494.175	497.355	アラームとかですぐ分かるようにしようってことだよ	アラームとかですぐ分かる[わかる]ようにしようってことだよ	就是要讓人一看到警報之類的就立刻知道的意思
CLIP	497.355	499.935	壊したらママにすぐバレる	壊し[こわし]たらママにすぐバレる	壞了的話馬上就會被媽媽發現
CLIP	499.935	503.115	まあ通知なんてものがあればの話だけど	まあ通知[つうち]なんてものがあればの話[はなし]だけど	嗯，前提是如果有通知這種東西的話
CLIP	503.115	508.595	でもママがわざと発信機の存在を教えた点を考えると	でもママがわざと発信機[はっしんき]の存在[そんざい]を教え[おしえ]た点[てん]を考える[かんがえる]と	但若考慮到媽媽故意告訴我們發信器的存在這點
CLIP	508.595	510.815	簡単には否定できない	簡単[かんたん]には否定[ひてい]できない	不能輕易否定
CLIP	510.815	512.815	迂闊に触って壊すのも危ない	迂闊[うかつ]に触っ[さわっ]て壊す[こわす]のも危ない[あぶない]	粗心觸碰而弄壞也很危險
CLIP	512.815	515.695	壊すのはあくまで逃げるとき	壊す[こわす]のはあくまで逃げる[にげる]とき	破壞的只是為了逃跑的時候
CLIP	515.695	519.155	えぇでもじゃあどうやって壊し方	えぇでもじゃあどうやって壊し[こわし]方[かた]	嗯，但那要怎麼破壞呢
CLIP	519.155	522.795	それなんだけどこの形と大きさ	それなんだけどこの形[かたち]と大きさ[おおきさ]	那是說這個形狀和大小
CLIP	522.795	524.895	ちょっと思い当たることがある	ちょっと思い当たる[おもいあたる]ことがある	有點想到什麼了
CLIP	524.895	527.895	この件は俺に任せてくれないか	この件[けん]は俺[おれ]に任せ[まかせ]てくれないか	這件事能交給我嗎
CLIP	527.895	529.795	いいの	いいの	可以
CLIP	529.795	532.615	レイが言うなら	レイが言う[いう]なら	如果雷這麼說的話
CLIP	532.615	534.275	任せた	任せ[まかせ]た	交給你了
CLIP	534.275	537.775	あとは全員を連れ出す方法	あとは全員[ぜんいん]を連れ出す[つれだす]方法[ほうほう]	接下來的問題是把所有人帶走的方法
CLIP	537.775	541.095	問題はみんなママを信じきっていることと	問題[もんだい]はみんなママを信じ[しんじ]きっていることと	問題是大家都完全相信媽媽的事
CLIP	541.095	544.895	多分真実に耐えられないことだな	多分[たぶん]真実[しんじつ]に耐え[たえ]られないことだな	大概是因為無法承受真相吧
CLIP	544.895	548.395	嘘ついて連れ出すとかになるのかな	嘘[うそ]ついて連れ出す[つれだす]とかになるのかな	會不會變成說謊把人帶走之類的呢
CLIP	548.395	551.375	それと単純に能力不足な	それと単純[たんじゅん]に能力[のうりょく]不足[ふそく]な	還有就是能力不足的簡單問題
CLIP	551.375	554.115	分かりやすく言えば足手まとい	分かり[わかり]やすく言え[いえ]ば足[あし]手[しゅ]まとい	簡單說就是累贅
CLIP	554.115	555.115	レイ!	レイ!	雷！
CLIP	555.115	561.115	でも事実だろ。運動が苦手な奴もいるし、ろくに歩けない赤ん坊もいるんだぞ。	でも事実[じじつ]だろ。運動[うんどう]が苦手[にがて]な奴[やつ]もいるし、ろくに歩けない[あるけない]赤ん坊[あかんぼう]もいるんだぞ。	但這是事實。有人不擅長運動，也有連走路都很困難的嬰兒喔。
CLIP	562.115	565.115	それについては考えがあるの。	それについては考え[かんがえ]があるの。	關於那件事我有想法。
CLIP	565.115	566.115	なに?	なに?	什麼？
CLIP	566.115	571.115	鬼ごっこ。ノーマンが鬼でみんなが逃げるの。	鬼ごっこ[おにごっこ]。ノーマンが鬼[おに]でみんなが逃げる[にげる]の。	玩抓鬼遊戲。諾曼當鬼，大家逃跑。
CLIP	571.115	576.115	遊びのふりをした訓練ってことか。それならママにもバレない。	遊び[あそび]のふりをした訓練[くんれん]ってことか。それならママにもバレない。	就是假裝在玩耍的訓練吧。那樣媽媽也不會發現。
CLIP	576.115	580.115	体の使い方は私が教える。頭の使い方は…。	体[からだ]の使い方[つかいかた]は私[わたし]が教える[おしえる]。頭[あたま]の使い方[つかいかた]は…。	身體的使用方式由我教。頭腦的使用方式…。
CLIP	580.115	583.115	任せろ。焦るな。	任せろ[まかせろ]。焦る[あせる]な。	交給我吧。別急。
CLIP	583.115	586.995	考えろどうすれば逃げ切れるか	考えろ[かんがえろ]どうすれば逃げ[にげ]切れる[きれる]か	想想要怎麼才能逃脫成功
CLIP	586.995	589.815	ノーマンはそういうのを見逃さないぞ	ノーマンはそういうのを見逃さ[みのがさ]ないぞ	諾曼不會放過那種事的
CLIP	589.815	593.775	風を読め逃げやすいのはどっちだ	風[かぜ]を読め[よめ]逃げ[にげ]やすいのはどっちだ	讀懂風向，哪邊比較好逃？
CLIP	593.775	596.915	えーっと風下	えーっと風下[かざした]	呃…風下
CLIP	596.915	601.455	面白い前より全然捕まらない	面白い[おもしろい]前[まえ]より全然[ぜんぜん]捕まら[つかまら]ない	比起有趣的前面，根本抓不到人
CLIP	601.455	603.615	これなら俺もいけるか	これなら俺[おれ]もいけるか	這樣的話我也能去嗎
CLIP	603.615	606.095	うまく逃げたと思ったのにな	うまく逃げ[にげ]たと思っ[おもっ]たのにな	本以為自己逃得很順利，結果…
CLIP	606.095	609.755	（語音不清）	（語音不清）	（語音不清）
CLIP	609.755	611.555	相手の痕跡も見ないと	相手[あいて]の痕跡[こんせき]も見[み]ないと	也必須看到對手的痕跡。
CLIP	611.555	612.695	そうなの?	そうなの?	是這樣嗎？
CLIP	613.115	616.630	ああそれにノーマンはお前らの癖も読んでる	ああそれにノーマンはお前[まえ]らの癖[くせ]も読[よ]んでる	對，而且諾曼也看穿你們的習慣了
CLIP	616.630	618.250	例えばトーマ（語音不清）	例[たと]えばトーマ（語音不清）	例如託馬（語音不清）
CLIP	618.250	621.490	楽しそうね鬼ごっこ	楽[たの]しそうね鬼[おに]ごっこ	鬼抓人看起來很好玩呢
CLIP	621.490	624.100	私みんなと仲良くなりたいの	私[わたし]みんなと仲良[なかよ]くなりたいの	我想和大家成為好朋友
CLIP	624.100	625.585	鬼ごっこしましょう	鬼[おに]ごっこしましょう	一起玩鬼抓人吧
CLIP	625.592	628.473	勝負の時間は20分	勝負[しょうぶ]の時間[じかん]は20分[ふん]	比賽時間為20分鐘。
CLIP	628.473	630.332	私が鬼よ	私[わたし]が鬼[おに]よ	我當鬼哦。
CLIP	630.332	633.092	みんな逃げ切ってね	みんな逃げ切っ[にげきっ]てね	大家要逃到最後喔。
CLIP	633.092	635.653	7	7	7
CLIP	635.653	637.253	8	8	8
CLIP	637.253	638.913	9	9	9
CLIP	638.913	640.153	10	10	10
CLIP	640.153	644.053	さーて見せてもらおうじゃないの	さーて見せ[みせ]てもらおうじゃないの	那麼，就讓我看看吧。
CLIP	644.053	647.092	あの女の特別な子供たちよ	あの女[おんな]の特別[とくべつ]な子供[こども]たちよ	那位女士的特別孩子們啊。
CLIP	647.092	650.233	さて敵はどう動く	さて敵[てき]はどう動く[うごく]	那麼，敵人會怎麼行動呢？
CLIP	650.233	652.712	まずは僕らを探すだろ	まずは僕ら[ぼくら]を探す[さがす]だろ	首先會去找我們吧。
CLIP	652.712	655.673	その途中でチビたちを根こそぎ捕らえる	その途中[とちゅう]でチビたちを根こそぎ[ねこそぎ]捕らえる[とらえる]	在途中把小孩們全部抓住。
CLIP	655.673	657.613	そんなところだろ	そんなところだろ	大概就是那樣吧。
CLIP	657.613	658.633	ダミー	ダミー	假的
CLIP	658.633	661.533	何この静けさ	何[なに]この静けさ[しずけさ]	這是什麼靜謐？
CLIP	661.533	665.952	本気出しちゃおう	本気[ほんき]出し[だし]ちゃおう	來真的吧
CLIP	665.952	667.592	全然追ってこない	全然[ぜんぜん]追[お]ってこない	根本不追啊
CLIP	667.592	669.393	手を変えたかも	手[て]を変え[かえ]たかも	好像換了手段
CLIP	669.393	669.913	あれ	あれ	那個
CLIP	669.913	673.853	残念でした	残念[ざんねん]でした	真遺憾
CLIP	673.853	675.952	なんでみんな一箇所に	なんでみんな一箇所[いっかしょ]に	為什麼大家都在同一個地方
CLIP	675.952	679.133	これで年長者をおびき寄せたんだ	これで年長者[ねんちょうしゃ]をおびき寄[よ]せたんだ	她用這招把年長的孩子引過去了
CLIP	679.133	680.913	ただのバカじゃなさそうだ	ただのバカ[ばか]じゃなさそうだ	看起來不像只是普通的笨蛋
CLIP	680.913	685.113	ちょっと聞いて	ちょっと聞い[きい]て	稍微聽一下
CLIP	685.113	686.913	シスター（語音不清）	シスター（語音不清）	修女（語音不清）
CLIP	687.673	691.153	ドンとギルダも	ドンとギルダも	連唐和吉爾達也……
CLIP	691.153	692.233	やべえよ	やべえよ	糟了
CLIP	692.233	693.913	どこまでも追ってくる	どこまでも追って[お]くる	會一直追到底
CLIP	693.913	697.973	あれノーマンが鬼の時よりペース早いよ	あれノーマンが鬼[おに]の時[とき]よりペース早[はや]いよ	那個諾曼在當鬼的時候速度還更快
CLIP	697.973	699.973	エマ	エマ	艾瑪
CLIP	699.973	701.753	（語音不清）	（語音不清）	（語音不清）
CLIP	701.753	704.973	ドン	ドン	唐
CLIP	704.973	709.192	二人抱えて走り続けて	二人[ふたり]抱え[かかえ]て走り[はしり]続け[つづけ]て	抱著兩個人一直跑
CLIP	709.192	710.872	疲れたでしょ	疲れ[つかれ]たでしょ	累了吧
CLIP	710.872	712.273	エマ	エマ	艾瑪
CLIP	712.273	715.372	休まなきゃ動けないわよね	休[やす]まなきゃ動[うご]けないわよね	不能休息的話就動不了啊
CLIP	715.372	717.332	知ってる	知[し]ってる	我知道
CLIP	717.332	719.653	ノーマンの弱点は体力	ノーマンの弱点[じゃくてん]は体力[たいりょく]	諾曼的弱點是體力
CLIP	719.653	722.433	昔体が弱かったんですってね	昔[むかし]体[からだ]が弱[よわ]かったんですってね	聽說以前身體很虛弱呢
CLIP	722.433	726.133	レイの弱点は諦めが少し早いところ	レイの弱点[じゃくてん]は諦[あき]めが少し[すこし]早[はや]いところ	雷的弱點是稍微有點早放棄
CLIP	726.133	727.872	判断が早い分	判断[はんだん]が早[はや]い分[ぶん]	判斷得快的部分
CLIP	727.872	730.372	切り捨ててしまうのも早いのね	切[き]り捨[す]ててしまうのも早[はや]いのね	也會很快就把人切掉呢
CLIP	730.372	732.113	そしてエマ	そしてエマ	然後艾瑪
CLIP	732.113	735.113	あなたの弱点は甘さ	あなたの弱点[じゃくてん]は甘[あま]さ	你的弱點是甜蜜
CLIP	735.113	740.053	追われているのに他の子抱えて逃げちゃうような甘さよね	追[お]われているのに他[ほか]の子[こ]抱[だ]えて逃[に]げちゃうような甘[あま]さよね	明明被追著，卻抱著其他孩子逃跑的那種甜蜜呢
CLIP	740.053	743.773	諦めて出てきなさい	諦[あき]めて出[で]てきなさい	放棄吧，出來吧
CLIP	743.773	745.872	悪いようにはしないわ	悪[わる]いようにはしないわ	我不會做壞事的
CLIP	746.393	748.173	ねえエマ	ねえエマ	嘿，艾瑪
CLIP	748.173	752.273	もしあなたがあの日収穫を見たのなら	もしあなたがあの日[ひ]収穫[しゅうかく]を見[み]たのなら	如果你那天看到了收成的話
CLIP	752.273	754.872	私はあなたの味方よ	私[わたし]はあなたの味方[みかた]よ	我會站在你這邊
CLIP	755.393	757.533	見つけた	見[み]つけた	找到了
CLIP	757.872	759.273	あと2人	あと2人[にん]	還有兩個人
CLIP	759.273	760.473	残り何分?	残[のこ]り何[なん]分[ふん]?	剩下多少分鐘？
CLIP	760.893	761.872	8分40秒	8分[ふん]40秒[びょう]	8分40秒
CLIP	761.872	762.952	これが	これが	這就是
CLIP	762.952	766.053	ここのフルスコア	ここのフルスコア	這裡的滿分
CLIP	766.053	767.952	タイムアップ	タイムアップ	時間到
CLIP	767.952	773.053	ノーマン	ノーマン	諾曼
CLIP	773.053	774.553	レイ	レイ	雷
CLIP	774.553	775.433	エマ	エマ	艾瑪
CLIP	775.433	776.673	（語音不清）	（語音不清）	（語音不清）
CLIP	776.673	779.332	あれから何もしてこないね	あれから何[なに]もしてこないね	從那之後什麼都沒做呢
CLIP	779.332	780.133	あのシスター	あのシスター	那位修女
CLIP	780.133	783.233	それはきっとママの指示だ	それはきっとママの指示[しじ]だ	那一定是媽媽的指示
CLIP	783.233	786.033	ママも最初は僕らを疑っていたけど	ママも最初[さいしょ]は僕ら[ぼくら]を疑っ[うたがっ]ていたけど	媽媽一開始也懷疑我們，但
CLIP	786.033	787.733	今はそうは見えない	今[いま]はそうは見え[みえ]ない	現在看不出那樣
CLIP	787.733	789.173	どうしてだろう	どうしてだろう	為什麼會這樣呢
CLIP	789.173	791.353	どう思うレイ	どう思う[おもう]レイ	雷，你怎麼想
CLIP	791.353	794.913	お前はどう思うんだノーマン	お前[おまえ]はどう思う[おもう]んだノーマン	諾曼，你怎麼看
CLIP	794.913	797.212	ママは自分で動かなくてもいいように	ママは自分[じぶん]で動か[うごか]なくてもいいように	媽媽想讓自己不必親自行動
CLIP	797.212	799.253	影で手を回したんだよ	影[かげ]で手[て]を回し[まわし]たんだよ	她在暗中操縱了一切
CLIP	799.253	799.853	どういうこと	どういうこと	這是什麼意思
CLIP	799.853	803.393	ママにとって一番楽な状況って何	ママにとって一番[いちばん]楽[らく]な状況[じょうきょう]って何[なに]	對媽媽而言最輕鬆的情況是什麼
CLIP	803.393	808.033	それは何もしなくても僕たちの動きを知れること	それは何[なに]もしなくても僕[ぼく]たちの動き[うごき]を知れる[しれる]こと	那就是即使什麼都不做也能掌握我們的行動
CLIP	808.033	812.113	でもここには監視カメラも盗聴器も	でもここには監視[かんし]カメラも盗聴[とうちょう]器[き]も	但這裡有監視攝影機和竊聽器
CLIP	812.113	813.592	それって	それって	那是什麼？
CLIP	813.592	814.973	そう	そう	是的
CLIP	814.965	818.000	恐らくすでに他の見張りがいる	恐[おそ]らくすでに他[ほか]の見張[みは]りがいる	恐怕已經有其他人在監視我們了
CLIP	818.000	822.745	多分子供たちの中に内通者がいる	多分[たぶん]子供[こども]たちの中[なか]に内通者[ないつうしゃ]がいる	孩子們之中大概有內應
CLIP	822.753	827.092	（語音不清）	（語音不清）	（語音不清）
SOURCE	The Promised Neverland - S01E04 - Episode 4 HDTV-1080p.condensed.mp3
DURATION	666.220
CLIP	0.000	2.000	ここでの暮らしはどうかしら	ここでの暮らし[くらし]はどうかしら	在這裡的生活怎麼樣呢
CLIP	2.000	4.820	はい素晴らしいハウスですわ	はい素晴らしい[すばらしい]ハウスですわ	是的，非常棒的房子
CLIP	4.820	7.640	子供たちもみんな優秀でいい子で	子供[こども]たちもみんな優秀[ゆうしゅう]でいい子[こ]で	孩子們也都很優秀，是好孩子
CLIP	7.640	12.880	そうあなたも最近は言いつけを守っていい子にしているわね	そうあなたも最近[さいきん]は言[い]いつけを守[まも]っていい子[こ]にしているわね	是啊，你最近也遵守規矩，表現得很乖
CLIP	12.880	14.880	あはい	あはい	啊，好
CLIP	14.880	18.060	子供たちと打ち解けようとしたり	子供[こども]たちと打[う]ち解[と]けようとしたり	試著與孩子們打成一片
CLIP	18.060	20.000	全力で鬼ごっこしたり	全力[ぜんりょく]で鬼[おに]ごっこしたり	全力玩捉鬼遊戲
CLIP	20.780	23.100	おてんばだったから心配していたけれど	おてんばだったから心配[しんぱい]していたけれど	因為她很調皮，我很擔心
CLIP	23.100	24.780	大丈夫みたいね	大丈夫[だいじょうぶ]みたいね	看起來沒問題呢
CLIP	24.780	27.320	あなたは保険	あなたは保険[ほけん]	你是保險
CLIP	27.320	30.580	より確実に商品を守るために	より確実[かくじつ]に商品[しょうひん]を守[まも]るために	為了更確實地保護商品
CLIP	30.580	33.400	念のため呼び寄せた保険に過ぎないの	念[ねん]のため呼[よ]び寄[よ]せた保険[ほけん]に過[す]ぎないの	只是為了以防萬一而召喚的保險而已
CLIP	33.400	35.940	だからあなたは	だからあなたは	所以你
CLIP	35.940	39.040	誰が秘密を知っているのか知らなくていいし	誰[だれ]が秘密[ひみつ]を知っ[しっ]ているのか知ら[しら]なくていいし	不需要知道誰知道秘密
CLIP	39.040	41.920	従順なふりして立派に働いて	従順[じゅうじゅん]なふりして立派[りっぱ]に働[はたら]いて	假裝順從，努力工作得體面
CLIP	41.920	44.920	私の弱みを握っているのだと	私[わたし]の弱[よわ]みを握[にぎ]っているのだと	說自己掌握了我的弱點
CLIP	44.920	46.840	高笑いしていればいいのよ	高笑[たかわら]いしていればいいのよ	妳就儘管得意地大笑吧
CLIP	46.840	48.260	そんなことは	そんなことは	那種事
CLIP	48.260	51.120	あなたは私の駒である以外	あなたは私[わたし]の駒[こま]である以外[いがい]	除了你是我的棋子之外
CLIP	51.120	53.360	すべきことは何もないでしょ	すべきことは何[なに]もないでしょ	沒有什麼該做的了吧
CLIP	53.360	55.580	いい子にしていたら	いい子[こ]にしていたら	好好乖乖的話
CLIP	55.580	59.080	私が必ずあなたをママにしてあげる	私[わたし]が必ず[かならず]あなたをママにしてあげる	我一定會把你變成媽媽給你
CLIP	59.080	60.500	保証するわ	保証[ほしょう]するわ	我保證
CLIP	60.500	62.580	あなたは賢い子	あなたは賢い[かしこい]子[こ]	你是聰明的孩子
CLIP	62.580	65.400	今後は道を誤らないでね	今後[こんご]は道[みち]を誤[あやま]らないでね	以後可別再走錯路了
CLIP	65.400	68.580	あのアマ	あのアマ	那個賤女人
CLIP	68.580	70.820	今に見てろ	今[いま]に見[み]てろ	等著瞧吧
CLIP	70.820	74.320	お前を引きずり下ろしてやる	お前[まえ]を引[ひ]きずり下[お]ろしてやる	我一定要把妳拉下來
CLIP	74.320	74.800	え	え	嘛
CLIP	74.800	79.240	そしたら私がママよ	そしたら私[わたし]がママよ	那樣的話我就是媽媽喔
CLIP	79.240	80.360	エマ	エマ	艾瑪
CLIP	80.360	83.680	今日からはチームで鬼ごっこをしていこう	今日[きょう]からはチームで鬼ごっこ[おにごっこ]をしていこう	從今天起我們一起玩抓鬼遊戲吧
CLIP	83.680	84.800	チームで	チームで	一起
CLIP	84.800	88.680	今のまま個々で逃走したらほぼ死ぬからな	今[いま]のまま個々[ここ]で逃走[とうそう]したらほぼ死[し]ぬからな	照現在這樣各自逃跑，幾乎都會死
CLIP	88.680	89.600	ちょっとレイ	ちょっとレイ	稍微，雷
CLIP	89.600	92.400	でもみんなの動きは悪くない	でもみんなの動き[うごき]は悪く[わるく]ない	但大家的動作還不錯
CLIP	92.400	94.480	だったら個々にしなければいい	だったら個々[ここ]にしなければいい	那就不要分頭行動
CLIP	94.480	97.820	だから隊列を組んでチームで逃げる	だから隊列[たいれつ]を組ん[くん]でチームで逃げる[にげる]	所以排好隊形一起逃走
CLIP	97.820	100.360	より本番に近い形での鬼ごっこだ	より本番[ほんばん]に近い[ちかい]形[かたち]での鬼ごっこ[おにごっこ]だ	比起正式比賽更接近的抓鬼形式
CLIP	100.360	101.540	本番	本番[ほんばん]	正式比賽
CLIP	101.540	103.540	そこでさらに提案	そこでさらに提案[ていあん]	於是再提出建議
CLIP	103.540	106.260	ドンとギルダを引き入れよう	ドンとギルダを引き入れよう[ひきいれよう]	把唐和吉爾達拉進來吧
CLIP	106.260	109.980	事情を話して隊列を率いてもらうんだ	事情[じじょう]を話して[はなして]隊列[たいれつ]を率いて[ひきいて]もらうんだ	把情況說清楚，請他們率領佇列
CLIP	109.980	112.720	もし二人がママの情報源だったら	もし二人[ふたり]がママの情報源[じょうほうげん]だったら	如果兩人是媽媽的資訊來源的話
CLIP	112.720	113.940	問題ない	問題ない[もんだいない]	沒問題
CLIP	113.940	117.260	情報源の炙り出しと二人を引き入れること	情報源[じょうほうげん]の炙り出し[あぶりだし]と二人[ふたり]を引き入れること[ひきいれること]	資訊來源的揭露以及把兩人拉進來的事
CLIP	117.260	119.760	この二つは同時にできる	この二つ[ふたつ]は同時に[どうじに]できる	這兩件事可以同時進行
CLIP	119.760	122.480	すでに網も張った	すでに網[あみ]も張った[はった]	已經佈好網了
CLIP	122.480	123.760	エマ	エマ	艾瑪
CLIP	123.760	127.280	とりあえず今から隊列の型	とりあえず今から[いまから]隊列[たいれつ]の型[かた]	暫且從現在開始佇列的型態
CLIP	127.280	129.020	（語音不清）言うから覚えろ	（語音不清）言[い]うから覚[おぼ]えろ	我會說出（語音不清），記住了
CLIP	129.020	130.840	それって耳で	それって耳で[みみで]	那是用耳朵嗎
CLIP	130.840	132.940	できねえ	できねえ	做不到
CLIP	132.940	134.940	楽勝	楽勝[らくしょう]	輕鬆贏
CLIP	134.940	141.300	それじゃ今から十分逃げ切ってみな	それじゃ今[いま]から十分[じゅっぷん]逃[に]げ切[き]ってみな	那麼從現在開始盡量逃脫吧
CLIP	141.300	142.740	スタート	スタート	開始
CLIP	142.740	150.340	みんなついてきて逃げ切ってレイを驚かそうやってやるぜ	みんなついてきて逃げ切って[にげきって]レイを驚かそう[おどろかそう]やってやるぜ	大家跟著我逃脫，讓雷嚇一跳，就這樣做吧
CLIP	150.340	154.180	フィルは逃げるの上手だったね	フィルは逃[に]げるの上手[じょうず]だったね	菲爾很會逃呢
CLIP	154.180	158.100	これ面白えよ次は俺が隊長な	これ面白[おもしろ]えよ次[つぎ]は俺[おれ]が隊長[たいちょう]な	這個真好玩，下次換我當隊長
CLIP	158.100	160.480	でもちょっと休憩にしましょう	でもちょっと休憩[きゅうけい]にしましょう	不過先稍微休息一下吧
CLIP	160.480	164.300	チームで鬼ごっこうまくいきそうだね	チームで鬼[おに]ごっこうまくいきそうだね	組隊玩鬼抓人，看來行得通呢
CLIP	164.300	167.470	フィルスコアいくつだっけ	フィルスコアいくつだっけ	菲爾的分數是多少來著？
CLIP	167.470	172.407	えっと最近の平均は203ちょい	えっと最近[さいきん]の平均[へいきん]は203ちょい	嗯，最近平均是兩百零三分多一點
CLIP	172.415	177.255	高いねシスターとの鬼ごっこの時も今回も	高いね[たかいね]シスターとの鬼ごっこ[おにごっこ]の時も[のときも]今回も[こんかいも]	很高啊，和修女的捉迷藏時也是這樣，這次也是
CLIP	177.255	180.095	ラストまで残ってたんだよなあいつ	ラストまで残ってたんだよな[のこってたんだよな]あいつ	那傢伙一直撐到最後
CLIP	180.095	183.555	やめてよやっぱ疑うのなんてやだよ	やめてよやっぱ疑う[うたがう]のなんてやだよ	別這樣啦，我真的不想再懷疑了
CLIP	183.555	186.975	アホもっと疑え嫌でもとことん	アホもっと疑[うたが]え嫌[いや]でもとことん	笨蛋，多懷疑一點，就算不願意也要懷疑到底
CLIP	186.975	190.775	レイあれから発信機を壊す算段は順調	レイあれから発信[はっしん]機[き]を壊す[こわす]算段[さんだん]は順調[じゅんちょう]	雷，從那時起破壞發信機的計畫進展順利
CLIP	190.775	192.915	あとどのくらいで整う	あとどのくらいで整う[ととのう]	還要多久才能完成？
CLIP	192.915	194.815	そうだな	そうだな	是啊
CLIP	194.815	196.535	10日あれば	10日[とおか]あれば	只要十天就行
CLIP	196.535	199.255	じゃあ10日後に決行しよう	じゃあ10日後[とおかご]に決行[けっこう]しよう	那就十天後行動吧
CLIP	199.255	201.935	脱獄決行は10日後	脱獄決行[だつごくけっこう]は10日後[とおかご]	十天後實行越獄
CLIP	201.935	203.655	11月8日だ	11月[がつ]8日[ようか]だ	是11月8日
CLIP	203.655	205.715	ちょちょちょ急すぎない	ちょちょちょ急[きゅう]すぎない	別、別、別太急了吧
CLIP	205.715	206.995	いやいいんだけど	いやいいんだけど	不，其實沒關係
CLIP	206.995	208.215	よかねえよ	よかねえよ	不行啊
CLIP	208.215	210.355	コニーが出荷されてから2週間	コニーが出荷[しゅっか]されてから2週間[しゅうかん]	康妮出貨後已經兩週了
CLIP	210.355	212.595	出荷サイクルは最短で2ヶ月だから	出荷[しゅっか]サイクルは最短[さいたん]で2ヶ月[かげつ]だから	出貨週期最短需要兩個月
CLIP	212.595	214.755	残り猶予はあと1月半	残り[のこり]猶予[ゆうよ]はあと1月[つき]半[はん]	剩下的寬限時間還有一個半月
CLIP	214.755	218.635	その間じっくり準備を進めてって話じゃねえのかよ	その間[そのかん]じっくり準備[じゅんび]を進め[すすめ]てって話[はなし]じゃねえのかよ	不是說那段時間好好準備嗎？
CLIP	218.635	224.435	うんレイがそう考えたようにママは僕らがそう考えるよう制御してる	うんレイがそう考[かんが]えたようにママは僕[ぼく]らがそう考[かんが]えるよう制御[せいぎょ]してる	嗯，就像雷會這樣想，媽媽也在控制我們，讓我們這樣想
CLIP	224.435	227.435	だからその裏をかくんだ	だからその裏[うら]をかくんだ	所以我們要出乎她的意料
CLIP	227.435	228.435	ああ	ああ	啊
CLIP	228.435	231.435	それで焦って失敗したらどうするんだ	それで焦っ[あせっ]て失敗[しっぱい]したらどうするんだ	那麼如果因為急躁而失敗了，該怎麼辦？
CLIP	231.435	234.435	どのみち冬になる前には逃げないと	どのみち冬[ふゆ]になる前[まえ]には逃げ[にげ]ないと	不管怎樣，在冬天來臨前必須逃走
CLIP	234.435	238.435	発信機を壊し次第最速で脱獄を決行しよう	発信[はっしん]機[き]を壊し[こわし]次第[しだい]最速[さいそく]で脱獄[だつごく]を決行[けっこう]しよう	一破壞發信機就立刻以最快速度執行越獄
CLIP	238.435	241.935	必要なことは残り十日でやるんだね	必要[ひつよう]なことは残[のこ]り十日[とおか]でやるんだね	要做的事就在剩下的十天內完成吧
CLIP	241.935	245.835	今夜ドンとギルダに話をしよう	今夜[こんや]ドンとギルダに話[はなし]をしよう	今晚跟唐和吉爾達說說話吧
CLIP	245.835	248.315	二人とも私に合わせて	二人[ふたり]とも私[わたし]に合わせ[あわせ]て	兩人都配合我
CLIP	248.315	250.135	何話って	何[なに]話[はなし]って	說什麼話
CLIP	250.135	253.675	え？人身売買？	え？人身売買[じんしんばいばい]？	咦？人口販賣？
CLIP	255.675	259.975	今までの兄弟みんな悪い人に売られてたの	今[いま]までの兄弟[きょうだい]みんな悪い[わるい]人[ひと]に売ら[うら]れてたの	到目前為止的兄弟們全都被賣給了壞人
CLIP	259.975	261.675	ないないないない	ないないないない	沒有沒有沒有沒有
CLIP	261.675	267.135	でも塀に門出て行った兄弟たちから手紙の一つも来ないのも	でも塀[へい]に門[もん]出[で]て行[い]った兄弟[きょうだい]たちから手紙[てがみ]の一[ひと]つも来[こ]ないのも	可是，圍牆和大門，還有離開的兄弟姊妹連一封信也沒寄來……
CLIP	267.135	268.915	またまた	またまた	又來了
CLIP	268.915	272.715	でオチは一体これ何の遊び	でオチは一体[いったい]これ何[なに]の遊び[あそび]	那結局到底是什麼遊戲
CLIP	272.715	274.735	本当とか言わないよね	本当[ほんとう]とか言わ[いわ]ないよね	不會說是真的吧
CLIP	274.735	275.915	本当	本当[ほんとう]	真的
CLIP	275.910	280.055	は？待って、じゃあママは？	は？待[ま]って、じゃあママは？	什麼？等等，那媽媽呢？
CLIP	281.015	285.275	悪い人に私たちを売ってる	悪[わる]い人[ひと]に私[わたし]たちを売[う]ってる	她把我們賣給壞人
CLIP	285.275	289.055	は？あんなに優しいママがありえねえだろ	は？あんなに優[やさ]しいママがありえねえだろ	什麼？媽媽那麼溫柔，怎麼可能！
CLIP	289.055	290.355	取り消せ、エマ	取[と]り消[け]せ、エマ	收回那句話，艾瑪
CLIP	290.355	291.555	ドン	ドン	唐
CLIP	291.555	297.895	ハウスのこと、ママのこと大好きなエマが	ハウスのこと、ママのこと大好[だいす]きなエマが	那麼喜歡這個家、那麼喜歡媽媽的艾瑪
CLIP	297.895	300.355	そんな嘘つくはずない	そんな嘘[うそ]つくはずない	不可能說那種謊
CLIP	300.355	301.735	ギルダ	ギルダ	吉爾達
CLIP	301.735	304.735	それにね	それにね	而且啊
CLIP	304.735	309.555	変だと思ってたコニーが出て行った日	変[へん]だと思[おも]ってたコニーが出[で]て行[い]った日[ひ]	我早就覺得不對勁了，康妮離開的那天
CLIP	309.555	312.100	エマとノーマンが門へ行って	エマとノーマンが門[もん]へ行[い]って	艾瑪和諾曼去了大門那裡
CLIP	312.100	313.935	門へ？	門[もん]へ？	去了大門？
CLIP	313.935	322.615	いつもの2人ならたとえ規則を破ってもすぐに正直に謝って元通りなのにそうしていない	いつもの2人[にん]ならたとえ規則[きそく]を破っ[やぶっ]てもすぐに正直[しょうじき]に謝っ[あやまっ]て元通り[もとどおり]なのにそうしていない	如果是平常的兩個人，即使違規也會立刻誠實道歉恢復原狀，卻沒有這樣做
CLIP	322.615	325.875	エマ すごく真剣だし	エマ すごく真剣[しんけん]だし	艾瑪非常認真
CLIP	325.875	327.910	どんどん聞けなくなっちゃって	どんどん聞[き]けなくなっちゃって	就越來越問不出口了
CLIP	327.910	331.190	ごめんねごめんねギルダ	ごめんねごめんねギルダ	對不起，對不起，吉爾達
CLIP	331.190	333.500	不安にさせたよね	不安[ふあん]にさせたよね	讓妳擔心了吧
CLIP	333.500	335.570	エマは見たの？	エマは見[み]たの？	艾瑪，妳看到了嗎？
CLIP	335.570	340.988	コニーが売られていったの、その悪い人に	コニーが売[う]られていったの、その悪[わる]い人[ひと]に	康妮被賣給那些壞人的樣子
CLIP	340.990	345.990	ああ、でも間に合わなかった	ああ、でも間に合わ[まにあわ]なかった	啊，但來不及了
CLIP	345.990	348.310	コニーは無事なんだよな	コニーは無事[ぶじ]なんだよな	康妮平安無事吧
CLIP	348.310	349.650	わからない	わからない	不知道
CLIP	349.650	353.570	そんな、なんだよそんな	そんな、なんだよそんな	那樣，什麼啊那樣
CLIP	353.570	357.670	証拠になるか分からないけれど	証拠[しょうこ]になるか分から[わから]ないけれど	雖然不知道會不會成為證據
CLIP	357.670	361.730	ここ数日でレイとエマに調べてもらった兄弟のスコア	ここ数[すう]日[にち]でレイとエマに調べ[しらべ]てもらった兄弟[きょうだい]のスコア	最近幾天讓雷和艾瑪調查的兄弟分數
CLIP	361.730	363.630	スコア	スコア	分數
CLIP	363.630	371.190	出て行った子たちは6歳以降スコアの低い順に里子に出されている	出[で]て行っ[いっ]た子[こ]たちは6歳[さい]以降[いこう]スコアの低い[ひくい]順[じゅん]に里子[さとご]に出さ[ださ]れている	離開的孩子在六歲之後，依照分數低的順序被送去領養
CLIP	371.190	372.790	変だろ	変[へん]だろ	很奇怪吧
CLIP	372.790	375.190	確かにコニーのこのスコア	確か[たしか]にコニーのこのスコア	確實是康妮的這個分數
CLIP	375.190	376.930	ハーモンセディも	ハーモンセディも	哈蒙塞迪也是
CLIP	376.930	379.490	ノーマンの言う通りだ	ノーマンの言う[いう]通り[とおり]だ	諾曼說得對
CLIP	379.490	381.290	ドン、ギルダ	ドン、ギルダ	唐、吉爾達
CLIP	381.290	385.430	ここから逃げてコニーたちを助けに行こう	ここから逃げ[にげ]てコニーたちを助け[たすけ]に行こ[いこ]う	從這裡逃走去救康妮她們吧
CLIP	385.430	388.350	全員で一緒にここから逃げよう	全員[ぜんいん]で一緒[いっしょ]にここから逃げよ[にげよ]う	全員一起從這裡逃走吧
CLIP	388.350	389.670	助けて	助け[たすけ]て	救命
CLIP	389.670	391.890	おいノーマン	おいノーマン	喂，諾曼
CLIP	391.890	392.750	出荷のこと?	出荷[しゅっか]のこと?	是關於出貨的事嗎？
CLIP	393.330	394.790	何がわからないだ	何[なに]がわからないだ	什麼不懂啊
CLIP	394.790	397.050	あそこは死んだって言っとけよ	あそこは死ん[しん]だって言っ[いっ]とけよ	那裡說他死了吧
CLIP	397.050	400.070	円滑に引き入れるにはあれがベストだった	円滑[えんかつ]に引き入れる[ひきいれる]にはあれがベストだった	要順利引入的話，那個是最佳選擇
CLIP	400.070	402.770	もしあいつらがスパイじゃなかったら	もしあいつらがスパイじゃなかったら	如果他們不是間諜的話
CLIP	402.770	405.070	こんな嘘は残酷すぎる	こんな嘘[うそ]は残酷[ざんこく]すぎる	這樣的謊言太殘忍了
CLIP	405.070	408.850	生きてるなんてありもしない希望を与えるなよ	生きてる[いきてる]なんてありもしない希望[きぼう]を与える[あたえる]なよ	別給予那根本不存在的希望
CLIP	408.850	414.550	真実はいつどう言うんだ 言えるのか	真実[しんじつ]はいつどう言う[いう]んだ 言える[いえる]のか	真相到底什麼時候會說出來，能說嗎？
CLIP	414.550	417.250	その時はその時だよ	その時[とき]はその時[とき]だよ	那時候就是那時候
CLIP	417.250	419.590	二人がスパイだって線も拭えない	二人[ふたり]がスパイだって線[せん]も拭[ぬぐ]えない	也還不能排除他們兩人是間諜的可能
CLIP	419.590	421.450	ついでに罠も仕掛ける	ついでに罠[わな]も仕掛ける[しかける]	順便再設下陷阱
CLIP	421.450	422.510	罠	罠[わな]	陷阱
CLIP	422.510	426.290	ロープの隠し場所を二人に教える	ロープの隠し場所[かくしばしょ]を二人[ふたり]に教える[おしえる]	把繩子的藏匿處告訴兩人
CLIP	426.290	428.230	ドンには僕のベッドの裏	ドンには僕[ぼく]のベッドの裏[うら]	告訴唐我床底下的事
CLIP	428.230	431.730	ギルダには二階トイレの天井裏って伝えるんだ	ギルダには二[に]階[かい]トイレの天井裏[てんじょううら]って伝える[つたえる]んだ	告訴吉爾達二樓廁所的天花板上
CLIP	431.730	436.150	誰がどう動くか ママにどう漏れるか	誰[だれ]がどう動く[うごく]か ママにどう漏れる[もれる]か	誰會怎麼行動，會怎麼洩漏給媽媽
CLIP	436.150	437.370	それでたどれる	それでたどれる	就能追蹤到
CLIP	437.370	438.930	ロープは	ロープは	繩子是
CLIP	438.930	441.270	二人がスパイじゃなかった場合	二人[ふたり]がスパイじゃなかった場合[ばあい]	如果兩人不是間諜的話
CLIP	441.270	443.170	実物がなきゃこじれるぜ	実物[じつぶつ]がなきゃこじれるぜ	沒有實體就會卡住
CLIP	443.170	445.590	ちゃんと用意してあるよ	ちゃんと用意[ようい]してあるよ	已經好好準備好了
CLIP	445.590	448.890	準備万端ってわけか	準備[じゅんび]万端[ばんたん]ってわけか	就是說已經萬全準備了
CLIP	448.890	450.130	言っただろ	言っ[いっ]ただろ	我說過了吧
CLIP	450.130	452.310	裏をかかなきゃって	裏[うら]をかかなきゃって	得出乎她的意料才行
CLIP	452.310	453.470	待って待って	待っ[まっ]て待っ[まっ]て	等一下，等一下
CLIP	453.470	455.450	なんかこうやって	なんかこうやって	就這樣子
CLIP	455.450	458.090	エマと二人で話すの久しぶり	エマと二人[ふたり]で話す[はなす]の久しぶり[ひさしぶり]	和艾瑪兩人一起說話好久不見了
CLIP	458.090	459.310	変だよね	変[へん]だよね	很奇怪吧
CLIP	459.310	461.590	毎日一緒なのに	毎日[まいにち]一緒[いっしょ]なのに	明明每天都在一起
CLIP	461.590	462.990	これからだって	これからだって	從現在開始也是
CLIP	462.990	464.830	ずっと一緒だよね	ずっと一緒[いっしょ]だよね	一直都會在一起吧
CLIP	464.830	466.010	うん	うん	嗯
CLIP	466.010	470.970	そうロープがノーマンのベッドにあるのね	そうロープがノーマンのベッドにあるのね	原來繩子在諾曼的床上啊
CLIP	470.970	472.930	待ってたわギルダ	待っ[まっ]てたわギルダ	等著呢，吉爾達
CLIP	472.930	476.070	さあ話してギルダ	さあ話し[はなし]てギルダ	來說說吧，吉爾達
CLIP	476.070	478.910	例の件ですよね	例[れい]の件[けん]ですよね	就是那件事吧
CLIP	478.910	480.870	悩み事はありません	悩み[なやみ]事[ごと]はありません	沒有煩惱的事
CLIP	480.870	484.510	心配して何度も声をかけてくださってありがとうございました	心配[しんぱい]して何[なん]度[ど]も声[こえ]をかけてくださってありがとうございました	感謝你一直關心並多次跟我說話
CLIP	484.510	488.730	そうよ心配してるの	そうよ心配[しんぱい]してるの	是啊，我在擔心
CLIP	488.730	490.550	でももう大丈夫です	でももう大丈夫[だいじょうぶ]です	但是現在已經沒問題了
CLIP	490.550	492.690	なので放っておいてください	なので放[ほう]っておいてください	所以請不要管我了
CLIP	492.690	494.530	失礼します	失礼[しつれい]します	失禮了
CLIP	494.530	498.760	そうエマが全て話してくれたのね	そうエマが全[すべ]て話[はな]してくれたのね	這樣啊，艾瑪已經全都告訴妳了呢
CLIP	498.760	504.100	ギルダあなた全部知ってしまったのね	ギルダあなた全部[ぜんぶ]知[し]ってしまったのね	吉爾達，妳已經全都知道了呢
CLIP	504.100	506.558	ああ残念よギルダ	ああ残念[ざんねん]よギルダ	啊，真可惜，吉爾達
CLIP	506.565	510.565	あなたとはお友達になれると思っていたのに	あなたとはお友達[ともだち]になれると思っ[おもっ]ていたのに	本來以為能和你成為朋友的
CLIP	510.565	513.485	他に誰が知っているの	他[た]に誰[だれ]が知[し]っているの	還有誰知道呢？
CLIP	513.485	515.905	ノーマンレイ	ノーマンレイ	諾曼、雷
CLIP	515.905	517.545	あとは	あとは	還有…
CLIP	517.545	520.425	あなただけ見逃してあげるから	あなただけ見逃[みのが]してあげるから	只會放過你
CLIP	520.425	522.305	仲良くしましょうよ	仲良[なかよ]くしましょうよ	我們好好相處吧
CLIP	522.305	523.605	やめてください	やめてください	請不要這樣
CLIP	523.605	526.605	何の話か分かりません	何[なに]の話[はなし]か分[わ]かりません	我不清楚在說什麼
CLIP	526.605	528.585	エマとは喧嘩してただけ	エマとは喧嘩[けんか]してただけ	只是和艾瑪吵了一下
CLIP	528.585	531.525	でももう仲直りできたから大丈夫なんです	でももう仲直り[なかなおり]できたから大丈夫[だいじょうぶ]なんです	但現在已經和好，沒問題的
CLIP	531.525	536.005	そうじゃあ私の勘違いねごめんなさい	そうじゃあ私[わたし]の勘違い[かんちがい]ねごめんなさい	原來是我誤會了，對不起
CLIP	536.005	541.225	エマの嘘つきと思ったらまた私の元へおいでなさい	エマの嘘[うそ]つきと思っ[おもっ]たらまた私[わたし]の元[もと]へおいでなさい	如果把艾瑪當成說謊者，就再回到我這裡吧
CLIP	541.225	543.385	またねギルダ	またねギルダ	再見，吉爾達
CLIP	543.385	545.825	エマギルダ	エマギルダ	艾瑪，吉爾達
CLIP	545.825	550.205	諦めないギルダがダメなら	諦め[あきらめ]ないギルダがダメなら	如果不放棄的吉爾達不行的話
CLIP	550.205	553.765	トーマ様参上	トーマ様[さま]参上[さんじょう]	託馬大人登場
CLIP	553.765	555.205	大丈夫かな	大丈夫[だいじょうぶ]かな	沒事吧？
CLIP	555.205	556.665	行こう	行[い]こう	走吧
CLIP	556.665	558.665	ママが見てる	ママが見[み]てる	媽媽在看著
CLIP	558.665	560.925	エマの話からすると	エマの話[はなし]からすると	從艾瑪的說法來看
CLIP	560.925	562.265	ギルダは潔白	ギルダは潔白[けっぱく]	吉爾達是清白的
CLIP	562.265	564.405	ねえレイ	ねえレイ[れい]	嘿，雷
CLIP	564.405	567.385	内通者はなぜ内通するんだろう	内通者[ないつうしゃ]はなぜ内通[ないつう]するんだろう	內通者為什麼會內通呢
CLIP	567.385	568.685	そりゃ	そりゃ	那是因為
CLIP	568.685	570.805	そうするメリットがあるからじゃね	そうするメリットがあるからじゃね	因為這樣有好處啊
CLIP	570.805	571.785	例えば	例えば[たとえば]	比如說
CLIP	571.785	574.325	出荷を逃れて大人になれる	出荷[しゅっか]を逃れ[のがれ]て大人[おとな]になれる	逃過出貨，變成大人
CLIP	574.325	574.925	とか	とか	之類的
CLIP	574.925	578.465	命の保障	命[いのち]の保障[ほしょう]	生命的保障
CLIP	578.465	579.445	か	か	嗎
CLIP	579.445	584.665	なるほどこれは逃走の訓練だったってわけ	なるほどこれは逃走[とうそう]の訓練[くんれん]だったってわけ	原來這是逃跑的訓練啊
CLIP	584.665	591.285	エマちょっといい	エマちょっといい	艾瑪，方便一下嗎
CLIP	591.285	595.265	エマの考えを聞きたいんだ	エマの考[かんが]えを聞[き]きたいんだ	我想聽聽艾瑪的想法
CLIP	595.265	599.565	もし望んで鬼の手先になっている子がいて	もし望ん[のぞん]で鬼[おに]の手先[てさき]になっている子[こ]がいて	如果有孩子自願成為鬼的走狗
CLIP	599.565	604.045	スパイをすることでその命を保証されているとしたら	スパイをすることでその命[いのち]を保証[ほしょう]されているとしたら	如果說成為間諜就能保證那個孩子的性命
CLIP	604.045	608.525	スパイをすれば出荷されずに生きられるってこと	スパイをすれば出荷[しゅっか]されずに生き[いき]られるってこと	也就是說只要當間諜就不會被出貨，能活下去
CLIP	608.525	612.725	エマはその子を置いてく?連れていく?	エマはその子[こ]を置い[おい]てく?連れ[つれ]ていく?	艾瑪會把那孩子留下，還是帶走？
CLIP	613.225	614.025	連れてく	連れ[つれ]てく	帶走
CLIP	614.025	618.065	たとえ相手が望まなくても	たとえ相手[あいて]が望ま[のぞま]なくても	即使對方不願意
CLIP	618.065	619.525	うん引っ張ってく	うん引っ張っ[ひっぱっ]てく	嗯，我會拉著她
CLIP	619.525	624.885	だって私たちが逃げたらその子の命が保証されるとは限らないもの	だって私[わたし]たちが逃げ[にげ]たらその子[こ]の命[いのち]が保証[ほしょう]されるとは限ら[かぎら]ないもの	可是我們一逃走，那孩子的性命未必就能得到保障
CLIP	624.885	630.025	それにねやっぱり私は信じたい	それにねやっぱり私[わたし]は信[しん]じたい	而且說真的，我還是想相信。
CLIP	630.025	633.165	ギルダとのことで改めて思ったんだ	ギルダとのことで改[あらた]めて思[おも]ったんだ	和吉爾達的事讓我重新這麼想。
CLIP	633.165	635.945	レイには疑えって言われたけど	レイには疑[うたが]えって言[い]われたけど	雷說過要我懷疑，但…
CLIP	635.945	638.545	たとえ鬼の手先の内通者でも	たとえ鬼[おに]の手先[てさき]の内通者[ないつうしゃ]でも	即使是鬼的手下的內通者也…
CLIP	638.545	641.625	兄弟に悪い子はいないと思う	兄弟[きょうだい]に悪い[わるい]子[こ]はいないと思う[おもう]	我覺得兄弟裡沒有壞孩子。
CLIP	641.625	644.725	一緒に育った家族だもん	一緒[いっしょ]に育っ[そだっ]た家族[かぞく]だもん	因為是一起長大的家人嘛。
CLIP	644.725	647.505	邪魔されても裏切られても甘いって言われても	邪魔[じゃま]されても裏切[うらぎ]られても甘[あま]いって言[い]われても	即使被妨礙、被背叛、被說甜言蜜語，我仍想相信那孩子。
CLIP	647.505	649.545	私はその子を信じたい	私[わたし]はその子[こ]を信[しん]じたい	我想相信那孩子。
CLIP	649.545	651.805	エマならそう言うよね	エマならそう言[い]うよね	艾瑪會這麼說吧。
CLIP	651.805	653.485	どうよ	どうよ	怎麼樣？
CLIP	653.485	654.605	ない	ない	沒有。
CLIP	654.605	656.365	マジか	マジか	真的嗎？
CLIP	656.365	658.925	じゃあ	じゃあ	那麼。
CLIP	658.925	661.485	ドンで決まりだな	ドンで決[き]まりだな	那就確定是唐了吧
CLIP	661.485	661.885	うん	うん	嗯。
CLIP	661.885	665.005	内通者は君だったんだね	内通者[ないつうしゃ]は君[きみ]だったんだね	原來內通者是你啊。
CLIP	665.005	666.165	レイ	レイ	雷
SOURCE	The Promised Neverland - S01E05 - 301045 HDTV-1080p.condensed.mp3
DURATION	875.610
CLIP	0.000	4.000	何を言ってる どうしたノーマン	何[なに]を言[い]ってる どうしたノーマン	你在說什麼？怎麼了，諾曼？
CLIP	4.000	8.000	もう わかっているでしょ	もう わかっているでしょ	你已經明白了吧
CLIP	8.000	11.000	罠を仕掛けた相手は3人	罠[わな]を仕掛[しか]けた相手[あいて]は3人[にん]	設下陷阱的對手有三個人
CLIP	11.000	14.000	ドンには僕のベッドの裏	ドンには僕[ぼく]のベッドの裏[うら]	我告訴唐的是，我的床底下
CLIP	14.000	17.000	ギルダには2階のトイレの天井裏	ギルダには2階[にかい]のトイレの天井[てんじょう]裏[うら]	告訴吉爾達的是，二樓廁所的天花板夾層
CLIP	17.000	20.000	レイ 君にはそう言った	レイ 君[きみ]にはそう言[い]った	雷，我是這樣告訴你的
CLIP	20.000	23.000	でも実際はドンには食堂	でも実際[じっさい]はドンには食堂[しょくどう]	但實際上，我告訴唐的是食堂
CLIP	23.000	26.000	ギルダには図書室って伝えてある	ギルダには図書室[としょしつ]って伝[つた]えてある	我已經告訴吉爾達是圖書室
CLIP	26.000	29.340	そして僕のベッド裏からロープが消えた	そして僕[ぼく]のベッド裏[うら]からロープが消[き]えた	然後我的床底的繩子不見了
CLIP	29.340	31.780	残りの2カ所はどうだろう	残[のこ]りの2カ所[かしょ]はどうだろう	剩下的兩個地方會是怎樣呢
CLIP	31.780	35.340	これから一緒に確認しに行こうか	これから一緒[いっしょ]に確認[かくにん]しに行[い]こうか	接下來要一起去確認嗎
CLIP	35.340	39.240	ああうまくやってたと思ったのに	ああうまくやってたと思[おも]ったのに	啊，我本以為做得很順利
CLIP	39.240	40.920	そうだよ	そうだよ	就是這樣
CLIP	40.920	43.860	俺がママのスパイだ	俺[おれ]がママのスパイだ	我是媽媽的間諜
CLIP	43.860	45.480	いつから疑ってた	いつから疑[うたが]ってた	從什麼時候開始懷疑的
CLIP	45.480	48.540	シスターがハウスに来た日	シスターがハウスに来[き]た日[ひ]	修女來這個家的那天
CLIP	48.540	52.440	我ながら嫌気がさすよ	我[わが]ながら嫌気[いやけ]がさすよ	我自己也覺得很厭煩
CLIP	52.440	54.660	真っ先にレイを疑った	真っ先[まっさき]にレイを疑[うたが]った	我第一時間懷疑了雷
CLIP	54.660	60.160	友達なのにそうでなければいいのにって	友達[ともだち]なのにそうでなければいいのにって	明明是朋友，卻希望不是那樣
CLIP	60.160	63.920	最悪の想定だったけどね	最悪[さいあく]の想定[そうてい]だったけどね	雖然是最糟的想像
CLIP	63.920	68.420	でも僕らはレイが内通者なら一番困るし	でも僕[ぼく]らはレイが内通者[ないつうしゃ]なら一番[いちばん]困る[こまる]し	但如果雷是內通者，我們會最頭痛
CLIP	68.420	72.400	敵からすればレイを内通者にするのが一番いい	敵[てき]からすればレイを内通[ないつう]者[しゃ]にするのが一番[いちばん]いい	從敵人的角度看，讓雷成為內通者是最好的
CLIP	72.400	76.240	レイなら作戦にまで口を出せるし	レイなら作戦[さくせん]にまで口[くち]を出せる[だせる]し	只要是雷，甚至可以干涉作戰計畫
CLIP	76.240	79.200	事態制御の面から見ても完璧だ	事態制御[じたいせいぎょ]の面[めん]から見[み]ても完璧[かんぺき]だ	從事態控制的角度看也是完美的
CLIP	79.200	81.660	これ以上ない（語音不清）だろ	これ以上[いじょう]ない（語音不清）だろ	再也找不到（語音不清）了吧
CLIP	81.660	83.860	だから疑った	だから疑[うたが]った	所以懷疑了
CLIP	83.860	87.960	それでまんまと罠にはまっちまったわけか	それでまんまと罠[わな]にはまっちまったわけか	結果就這樣完美地掉進陷阱了
CLIP	87.960	89.380	ついでに言えば	ついでに言[い]えば	順帶一提
CLIP	89.380	93.900	レイ君は今回限りの即席内通者じゃないだろ	レイ君[きみ]は今回限[こんかいかぎ]りの即席[そくせき]内通者[ないつうしゃ]じゃないだろ	雷，你不是隻在這次才臨時當上內應的吧
CLIP	93.900	97.200	突然の密告や即席のスパイを	突然[とつぜん]の密告[みっこく]や即席[そくせき]のスパイを	突如其來的密告與臨時間諜
CLIP	97.200	99.460	ママが信用するわけがない	ママが信用[しんよう]するわけがない	媽媽不會相信的
CLIP	99.460	103.060	レイはいつからママのスパイだったの	レイはいつからママのスパイだったの	雷從什麼時候開始成為媽媽的間諜的
CLIP	103.060	105.720	ずっと前から	ずっと前[まえ]から	很久以前就
CLIP	105.720	108.740	ずっと前からママの手下だった	ずっと前[まえ]からママの手下[てした]だった	很久以前就是媽媽的手下
CLIP	108.740	112.480	要は羊飼いにおける牧羊犬さ	要[よう]は羊飼い[ひつじかい]における牧羊犬[ぼくようけん]さ	總之就是牧羊人手裡的牧羊犬
CLIP	112.480	115.360	全部知っていてママに加担してきたってわけ	全部[ぜんぶ]知っ[しっ]ていてママに加担[かたん]してきたってわけ	全都知道卻一直在協助媽媽
CLIP	115.360	116.300	ああ	ああ	啊
CLIP	116.300	118.280	全て嘘だった	全て[すべて]嘘[うそ]だった	全都是謊言
CLIP	118.280	122.360	エマと僕と一緒に準備してきた間のこと	エマと僕[ぼく]と一緒[いっしょ]に準備[じゅんび]してきた間[あいだ]のこと	關於和艾瑪、我一起準備的那段時間
CLIP	122.360	126.060	ママに何をどこまで話した	ママに何[なに]をどこまで話[はな]した	跟媽媽說了什麼、說到哪裡
CLIP	126.060	128.420	発信機は壊せるんだよね	発信機[はっしんき]は壊[こわ]せるんだよね	發射器可以壞掉吧
CLIP	128.420	130.520	それを聞いてどうする	それを聞[き]いてどうする	聽了之後要怎麼做
CLIP	130.520	132.960	返答次第で俺を切るか	返答[へんとう]次第[しだい]で俺[おれ]を切[き]るか	看你的回應，我會不會被砍掉
CLIP	132.960	134.420	切らないよ	切[き]らないよ	不會砍掉的
CLIP	134.420	138.620	レイは今まで通り僕らのそばにいてもらう	レイは今[いま]まで通り[とおり]僕ら[ぼくら]のそばにいてもらう	雷會像以前一樣留在我們身邊
CLIP	138.620	140.200	よかったね	よかったね	太好了
CLIP	140.200	142.300	君はミスを隠し通せる	君[きみ]はミスを隠し[かくし]通[とお]せる	你能把錯誤隱瞞下去
CLIP	142.300	145.560	ドンに濡れ衣着せてまでスパイ続けたかったんだろ	ドンに濡れ衣[ぬれぎぬ]着[き]せてまでスパイ続[つづ]けたかったんだろ	你不是想把唐冤枉上，繼續當間諜吧
CLIP	145.560	148.080	何が望みだ	何[なに]が望[のぞ]みだ	你想要什麼
CLIP	148.080	149.840	3つ	3つ[みっつ]	三項
CLIP	149.840	152.820	1.今まで通りそばにいて	1.今[いま]まで通り[とおり]そばにいて	1. 像以前一樣留在身邊
CLIP	152.820	155.300	僕らの安全を保障すること	僕ら[ぼくら]の安全[あんぜん]を保障[ほしょう]すること	2. 保證我們的安全
CLIP	155.300	159.120	2.レイが持っている全情報の開示	2.レイが持[も]っている全情報[ぜんじょうほう]の開示[かいじ]	3. 揭露雷掌握的全部資訊
CLIP	159.120	161.600	3.寝返って	3.寝返[ねがえ]って	4. 叛變
CLIP	161.600	164.560	今度は僕のスパイになってよ	今度[こんど]は僕[ぼく]のスパイになってよ	這次就當我的間諜吧
CLIP	164.560	166.680	俺を切り札にするつもりか	俺[おれ]を切り札[きりふだ]にするつもりか	你打算把我當作最後的王牌嗎
CLIP	166.680	167.260	うん	うん	嗯
CLIP	167.260	168.840	バカかお前	バカかお前[まえ]	你是笨蛋嗎
CLIP	168.840	172.860	ハナからそれが目的なら黙って俺を利用すべきだ	ハナからそれが目的[もくてき]なら黙っ[だまっ]て俺[おれ]を利用[りよう]すべきだ	如果從一開始那就是目的的話，就應該默默利用我
CLIP	172.860	176.380	有無を言わせず利用していざ決行で切り捨てる	有無[うむ]を言わ[いわ]せず利用[りよう]していざ決行[けっこう]で切り捨てる[きりすてる]	不讓他說有無，直接利用後決行斬斷
CLIP	176.380	178.560	そっちのが確実だろ	そっちのが確実[かくじつ]だろ	那樣比較確實吧
CLIP	178.560	180.580	そうなんだけどね	そうなんだけどね	雖然是這樣啦
CLIP	180.580	183.840	一緒に育った家族だもんって	一緒[いっしょ]に育[そだ]った家族[かぞく]だもんって	說是一起長大的家人嘛
CLIP	183.840	186.580	それで僕の気も変わった	それで僕[ぼく]の気[き]も変[か]わった	因此我的心情也變了
CLIP	186.580	189.920	僕もレイを信じたい	僕[ぼく]もレイを信[しん]じたい	我也想相信雷
CLIP	189.920	192.360	敵である前に友達だって	敵[てき]である前[まえ]に友達[ともだち]だって	在成為敵人之前就是朋友
CLIP	192.360	196.860	それにリトルバーニー隠したのレイだよね	それにリトルバーニー隠[かく]したのレイだよね	而且把小巴尼藏起來的是雷吧
CLIP	196.860	199.520	門へ行ったあの日	門[もん]へ行[い]ったあの日[ひ]	去門口的那一天
CLIP	199.520	203.920	レイがまだ間に合うって言わなかったら僕らは行かなかった	レイがまだ間に合う[まにあう]って言わ[いわ]なかったら僕ら[ぼくら]は行か[いか]なかった	如果雷當時沒說還來得及，我們就不會去
CLIP	203.920	210.740	レイは僕らが僕ら自身でハウスの真実にたどり着くよう仕向けた	レイは僕[ぼく]らが僕[ぼく]ら自身[じしん]でハウスの真実[しんじつ]にたどり着[つ]くよう仕向[しむ]けた	雷是讓我們自己去揭開這個家的真相
CLIP	210.740	215.080	僕らのためにレイがこの脱獄を仕掛けたんでしょ	僕[ぼく]らのためにレイがこの脱獄[だつごく]を仕掛[しか]けたんでしょ	為了我們，雷策劃了這次越獄，對吧
CLIP	215.080	220.042	レイはどうしてママの犬をやっているの?	レイはどうしてママの犬[いぬ]をやっているの?	雷為什麼要當媽媽的狗呢？
CLIP	220.042	221.302	どうして?	どうして?	為什麼？
CLIP	221.302	225.843	100%ママの犬なら、僕らに真実を気づかせるような真似しない。	100%ママの犬[いぬ]なら、僕[ぼく]らに真実[しんじつ]を気[き]づかせるような真似[まね]しない。	如果是百分之百的媽媽的狗，就不會做出讓我們察覺真相的樣子。
CLIP	228.183	229.942	レイは僕らを制御してた。	レイは僕[ぼく]らを制御[せいぎょ]してた。	雷一直在控制我們。
CLIP	230.702	235.702	発信機のこと、脱獄のタイミング、主に計画の進み具合だ。	発信機[はっしんき]のこと、脱獄[だつごく]のタイミング、主[おも]に計画[けいかく]の進[すす]み具合[ぐあい]だ。	是關於發信機、越獄的時機，主要是計畫的進展情況。
CLIP	236.463	239.042	だから10日後の脱獄には強く反対した。	だから10日後[にちご]の脱獄[だつごく]には強[つよ]く反対[はんたい]した。	所以我強烈反對十天後的越獄。
CLIP	240.183	243.582	でもそれは、同時にママも制御していたんじゃないの?	でもそれは、同時[どうじ]にママも制御[せいぎょ]していたんじゃないの?	但那不就是同時也在控制媽媽嗎？
CLIP	243.903	247.042	やっぱりレイは敵じゃないんでしょ	やっぱりレイは敵[てき]じゃないんでしょ	果然雷不是敵人吧？
CLIP	247.042	251.362	志願したんだ自分から	志願[しがん]したんだ自分[じぶん]から	是自己自願的。
CLIP	251.362	255.662	いや売り込んだの方がより正しいかな	いや売[う]り込[こ]んだの方[ほう]がより正[ただ]しいかな	不，說是推銷的方式可能更正確吧。
CLIP	255.662	259.982	全てこの脱獄のための準備	全[すべ]てこの脱獄[だつごく]のための準備[じゅんび]	全部都是為了這次越獄的準備。
CLIP	259.982	263.062	敵を知るにも物を集めるにも	敵[てき]を知[し]るにも物[もの]を集[あつ]めるにも	無論是瞭解敵人還是收集物品。
CLIP	263.062	264.783	敵の懐が一番いい	敵[てき]の懐[ふところ]が一番[いちばん]いい	敵人的懷抱最合適。
CLIP	264.783	268.363	だから俺はママに取引を持ちかけた	だから俺[おれ]はママに取引[とりひき]を持[も]ちかけた	所以我向媽媽提出了交易。
CLIP	268.363	270.123	危険すぎる	危険[きけん]すぎる	太危險了。
CLIP	270.123	271.342	勝算はあった	勝算[しょうさん]はあった	有勝算。
CLIP	271.342	276.363	手間暇かけて育てたハイスコアを途中で刈り取るなんて	手間暇[てまひま]かけて育[そだ]てたハイスコアを途中[とちゅう]で刈[か]り取[と]るなんて	竟然在途中割掉用心培養的高分。
CLIP	276.363	277.762	ママなら避けたいはず	ママなら避[さ]けたいはず	如果是媽媽應該會想避免。
CLIP	277.762	279.342	そう考えた	そう考[かんが]えた	這樣想的。
CLIP	279.342	283.123	実際あの女は規則より利益だ	実際[じっさい]あの女[おんな]は規則[きそく]より利益[りえき]だ	實際上那個女人比規則更在乎利益。
CLIP	283.123	286.202	要求したのはざっくり2つ	要求[ようきゅう]したのはざっくり2つ	她的要求大概有兩項。
CLIP	286.202	289.363	1協力するから即出荷はしないで	1協力[きょうりょく]するから即出荷[そくしゅっか]はしないで	1、因為會合作，所以不要立刻出貨。
CLIP	289.363	293.082	2結果を出したら報酬をくれってね	2結果[けっか]を出し[だし]たら報酬[ほうしゅう]をくれってね	2、完成結果後給我報酬。
CLIP	293.082	294.602	報酬って	報酬[ほうしゅう]って	說到報酬，
CLIP	294.602	296.502	いろいろガラクタさ	いろいろガラクタさ	各式各樣的雜物。
CLIP	296.502	299.522	ハウスにないものなら取り寄せてもらえる	ハウスにないものなら取り寄せ[とりよせ]てもらえる	只要是這個家裡沒有的東西，都可以幫忙寄過來。
CLIP	299.522	304.062	何が手に入って何が不可能なのか試してた	何[なに]が手[て]に入っ[はいっ]て何[なに]が不可能[ふかのう]なのか試[ため]してた	在測試什麼能取得、什麼不可能取得。
CLIP	304.062	306.442	外の世界を探る意味でも	外[そと]の世界[せかい]を探[さが]る意味[いみ]でも	即使是為了探索外部世界的意義。
CLIP	306.442	311.303	結果危険物でなきゃ大抵手に入れてもらえたよ	結果[けっか]危険物[きけんぶつ]でなきゃ大抵[たいてい]手[て]に入[い]れてもらえたよ	結果只要不是危險品，大多都能讓人取得。
CLIP	311.303	315.002	ただどれも旧型ばかりだったけどな	ただどれも旧型[きゅうがた]ばかりだったけどな	只是全都是舊型的而已。
CLIP	315.002	318.762	じゃあ発信機の壊し方に当てがあるというのも	じゃあ発信機[はっしんき]の壊[こわ]し方[かた]に当[あ]てがあるというのも	那麼說發信機的破壞方法也有線索。
CLIP	318.762	320.923	俺は現物を見てる	俺[おれ]は現物[げんぶつ]を見[み]てる	我正在看實物。
CLIP	320.923	325.902	実験もして何年もかけて壊し方を突き止めた	実験[じっけん]もして何年[なんねん]もかけて壊[こわ]し方[かた]を突[つ]き止[と]めた	經過實驗，花了好幾年才找出破壞方法。
CLIP	325.902	329.202	発信機は確実に無効化できる	発信機[はっしんき]は確実[かくじつ]に無効化[むこうか]できる	發信機可以確實地被無效化。
CLIP	329.522	331.382	わかるか	わかるか	明白嗎？
CLIP	331.382	336.442	今お前の目の前にいる俺は最強のカードだ	今[いま]お前[おまえ]の目[め]の前[まえ]にいる俺[おれ]は最強[さいきょう]のカードだ	現在站在你面前的我，是最強的卡牌。
CLIP	336.442	344.322	発信機やママのことお前が想像するよりはるかに多く脱獄に必要な情報を持ってる	発信[はっしん]機[き]やママのことお前[おまえ]が想像[そうぞう]するよりはるかに多く[おおく]脱獄[だつごく]に必要[ひつよう]な情報[じょうほう]を持[も]ってる	發信機和媽媽的資訊，比你想像的還要多得多，足以支援越獄所需的資訊。
CLIP	344.322	349.322	ハウスの正体に気づいた時からずっと準備してきた	ハウスの正体[しょうたい]に気[き]づいた時[とき]からずっと準備[じゅんび]してきた	自從發現這個家的真相起，我就一直在準備
CLIP	349.322	351.022	レイ	レイ	雷
CLIP	351.022	352.982	誰にも気づかれないように	誰[だれ]にも気[き]づかれないように	不讓任何人發現
CLIP	352.982	355.462	お前ら二人を門へ行かせて	お前[まえ]ら二人[ふたり]を門[もん]へ行[い]かせて	讓你們兩個去門口
CLIP	355.462	356.863	（語音不清）	（語音不清）	（語音不清）
CLIP	356.863	360.582	お前ら二人を殺させないためだよ	お前[まえ]ら二人[ふたり]を殺[ころ]させないためだよ	是為了不讓你們兩個被殺
CLIP	360.582	362.082	ノーマンの言う通り	ノーマンの言[い]う通[とお]り	正如諾曼所說
CLIP	362.082	364.022	俺は二人の敵じゃない	俺[おれ]は二人[ふたり]の敵[てき]じゃない	我不是你們兩個的敵人
CLIP	364.022	365.822	でも味方でもない	でも味方[みかた]でもない	但也不是盟友
CLIP	365.822	367.642	条件次第で	条件[じょうけん]次第[しだい]で	視條件而定
CLIP	367.642	370.123	完全にお前の切り札になってやってもいい	完全[かんぜん]にお前[まえ]の切[き]り札[ふだ]になってやってもいい	完全可以成為你的必殺技
CLIP	370.123	372.662	全情報をお前にやるし	全情報[ぜんじょうほう]をお前[まえ]にやるし	會把全部情報交給你
CLIP	372.662	374.542	お前の望む通り	お前[まえ]の望[のぞ]む通[とお]り	依照你的願望
CLIP	374.542	376.442	ママに嘘を流してやる	ママに嘘[うそ]を流[なが]してやる	會對媽媽撒謊
CLIP	376.442	377.303	条件	条件[じょうけん]	條件
CLIP	377.303	379.202	エマを騙せ	エマを騙[だま]せ	騙艾瑪
CLIP	379.202	383.423	全員連れて行くふりをして土壇場で切り離せ	全員[ぜんいん]連[つ]れて行[い]くふりをして土壇場[どたんば]で切[き]り離[はな]せ	假裝帶全員離開，卻在最後關頭把他們分開
CLIP	383.423	385.982	連れて行ってもドン、ギルダまでだ	連[つ]れて行[い]ってもドン、ギルダまでだ	即使帶走也只能到唐、吉爾達那裡
CLIP	385.982	389.083	全員での脱獄を諦めろってこと	全員[ぜんいん]での脱獄[だつごく]を諦[あきら]めろってこと	就是要放棄全員的越獄計畫。
CLIP	389.083	389.962	ああ	ああ	啊
CLIP	389.962	393.442	訓練でみんな予想以上に成長してる	訓練[くんれん]でみんな予想以上[よそういじょう]に成長[せいちょう]してる	在訓練中大家的成長超出預期。
CLIP	393.442	395.803	レイだって動きは悪くないって	レイだって動き[うごき]は悪く[わるく]ないって	雷的動作也不差。
CLIP	395.803	397.942	あれを本心だろ	あれを本心[ほんしん]だろ	那就是他的真心吧。
CLIP	397.942	399.303	だったら全員でも	だったら全員[ぜんいん]でも	那麼即使是全員也……
CLIP	399.303	402.102	それでもあいつらが荷物だってことに変わりはない	それでもあいつらが荷物[にもつ]だってことに変わり[かわり]はない	即使如此，他們仍然是貨物這一點不變。
CLIP	402.102	404.583	助けてくれるって言ったくせに	助け[たすけ]てくれるって言[い]ったくせに	明明說會幫忙卻……
CLIP	404.583	406.962	これが俺の助けるだよ	これが俺[おれ]の助[たす]けるだよ	這就是我的幫忙。
CLIP	406.962	410.522	できなきゃエマもろともここで死ね	できなきゃエマもろともここで死[し]ね	如果做不到，就和艾瑪一起在這裡死吧。
CLIP	410.522	414.363	僕らを死なせたくないんじゃなかったの	僕[ぼく]らを死[し]なせたくないんじゃなかったの	不是不想讓我們死。
CLIP	414.363	418.762	どの道早々に死なれるんなら出荷のがましだ	どの道[みち]早々[そうそう]に死[し]なれるんなら出荷[しゅっか]のがましだ	無論如何，如果要早早死去，還不如出貨。
CLIP	418.762	423.062	どうする条件のむか	どうする条件[じょうけん]のむか	要怎樣的條件才行？
CLIP	423.062	423.942	分かった	分[わ]かった	瞭解。
CLIP	423.942	427.623	もし今の言葉が嘘だったら	もし今[いま]の言葉[ことば]が嘘[うそ]だったら	如果現在的話是謊言的話，
CLIP	427.623	429.842	分かってる	分かっ[わかっ]てる	我知道。
CLIP	429.842	431.902	嘘じゃないよ	嘘[うそ]じゃないよ	不是謊言。
CLIP	431.902	433.042	遅かったわね	遅[おそ]かったわね	太遲了呢。
CLIP	433.042	435.223	ノーマンと話してた	ノーマンと話[はな]してた	和諾曼在說話
CLIP	435.223	436.363	それで	それで	於是
CLIP	436.363	438.525	特に変わりなし	特に[とくに]変[か]わりなし	沒有特別的變化
CLIP	438.525	440.705	鬼ごっこ訓練に夢中	鬼[おに]ごっこ訓練[くんれん]に夢中[むちゅう]	沉迷於鬼抓人的訓練
CLIP	440.705	443.705	それよかあのシスターだ	それよかあのシスターだ	還不如那位修女
CLIP	443.705	445.405	また勝手に動いてる	また勝手[かって]に動[うご]いてる	又在自行行動
CLIP	445.405	447.005	気をつけた方がいい	気[き]をつけた方[ほう]がいい	最好小心點
CLIP	447.005	451.545	そうシスターなんて呼ばなきゃよかったのに	そうシスターなんて呼[よ]ばなきゃよかったのに	本來不該叫她修女的
CLIP	451.545	454.725	あれ俺への抑止のつもりでしょ	あれ俺[おれ]への抑止[よくし]のつもりでしょ	那是想對我起威嚇的吧
CLIP	454.725	460.065	6年ママに尽くしていまだに警戒されているなんて悲しくなる	6年[ねん]ママに尽[つ]くしていまだに警戒[けいかい]されているなんて悲[かな]しくなる	為媽媽盡了六年力，仍被警戒，真讓人難過
CLIP	460.065	461.985	万が一のためよ	万[まん]が一[いち]のためよ	為了以防萬一
CLIP	461.985	466.585	そもそもあの日2人を門へ行かせないようにしていれば	そもそもあの日[ひ]2人[にん]を門[もん]へ行[い]かせないようにしていれば	本來如果那天不讓兩人去門口的話
CLIP	466.585	468.985	こんなことにはなっていないのよ	こんなことにはなっていないのよ	就不會變成這樣了
CLIP	468.985	470.685	悪かったって	悪[わる]かったって	說是錯了
CLIP	470.685	476.765	あなたが留守番の一つ満足にできない無能犬だなんて思ってもみなかったわ	あなたが留守番[るすばん]の一[ひと]つ満足[まんぞく]にできない無能[むのう]犬[いぬ]だなんて思[おも]ってもみなかったわ	我從沒想過你會是個連當一次看門狗都做不到的無能狗
CLIP	476.765	478.765	だから挽回したろ	だから挽回[ばんかい]したろ	所以要彌補了
CLIP	478.765	481.545	スパイして親友も売ったし	スパイして親友[しんゆう]も売[う]ったし	間諜過後也賣掉了摯友
CLIP	481.545	484.105	シスターの不穏も逐一教えてる	シスターの不穏[ふおん]も逐一[ちくいち]教[おし]えてる	也把修女的異樣逐一告訴了
CLIP	484.105	486.525	ご褒美はきっちりもらうよ	ご[ご]褒[ほう]美[び]はきっちりもらうよ	獎勵一定會好好領取喔
CLIP	486.525	489.565	もちろんよ取引だもの	もちろんよ取引[とりひき]だもの	當然啦，因為是交易
CLIP	489.565	493.025	全員でみんなで一緒に逃げよう	全員[ぜんいん]でみんなで一緒[いっしょ]に逃げよ[にげよ]う	大家一起一起一起逃走吧
CLIP	493.025	494.565	もちろんレイも	もちろんレイも	當然雷也會一起
CLIP	494.565	495.885	だから	だから	所以
CLIP	495.885	498.965	だから言ったのに	だから言っ[いっ]たのに	明明說過了
CLIP	498.965	500.665	エマ	エマ	艾瑪
CLIP	500.665	502.145	エマ	エマ	艾瑪
CLIP	502.145	503.485	みんな	みんな	大家
CLIP	503.485	506.065	ノーマン朝だよ	ノーマン朝[あさ]だよ	是諾曼的早晨喔
CLIP	506.065	507.405	おはよう	おはよう	早安
CLIP	507.405	510.165	おはようノーマン	おはようノーマン	早安諾曼
CLIP	510.165	511.885	おはようエマ	おはようエマ	早安艾瑪
CLIP	511.885	513.765	おはようノーマン	おはようノーマン	早安諾曼
CLIP	513.765	516.385	おはようレイ	おはようレイ	早安雷
CLIP	516.385	521.245	それでロープはどうなった	それでロープはどうなった	那麼繩子怎麼樣了
CLIP	521.245	523.605	情報源に動きってあった	情報[じょうほう]源[げん]に動き[うごき]ってあった	情報來源說有動靜
CLIP	523.605	524.405	それは	それは	那是
CLIP	524.405	526.485	あああれな俺	あああれな俺[おれ]	那樣的我
CLIP	526.485	530.025	俺がママの内通者です	俺[おれ]がママの内通[ないつう]者[しゃ]です	我是媽媽的內通者
CLIP	530.025	531.285	お前かよ	お前[おまえ]かよ	是你嗎
CLIP	531.285	534.065	ごめん思わず突っ込んじゃったけど	ごめん思わず[おもわず]突っ込ん[つっこん]じゃったけど	抱歉，我不小心插嘴了
CLIP	534.065	535.705	ちょっと理解が	ちょっと理解[りかい]が	有點不太懂
CLIP	535.705	538.485	説明させて	説明[せつめい]させて	讓我說明一下
CLIP	538.485	542.785	つまり内通者って言っても敵じゃなくて	つまり内通[ないつう]者[しゃ]って言っ[いっ]ても敵[てき]じゃなくて	也就是說，說是內通者並不代表是敵人
CLIP	542.785	547.025	私たちのためにずっとママの手下をやってたってこと	私[わたし]たちのためにずっとママの手下[てした]をやってたってこと	意思是一直為了我們而當媽媽的手下
CLIP	547.025	548.045	うん	うん	嗯
CLIP	548.045	551.205	本当は門から帰ってきたお前らに	本当[ほんとう]は門[もん]から帰っ[かえっ]てきたお前[おまえ]らに	本來想對從門口回來的你們說
CLIP	551.205	553.665	すぐ打ち明けるつもりだったんだけど	すぐ打ち明ける[うちあける]つもりだったんだけど	本來打算馬上坦白的
CLIP	553.665	557.225	リトルバーニー置いてくるとか	リトルバーニー置[お]いてくるとか	比如說把小巴尼放過來之類的
CLIP	557.225	558.925	全員で逃げるとか	全員[ぜんいん]で逃[に]げるとか	全員一起逃跑之類的
CLIP	558.925	561.165	いろいろ予定外が重なって	いろいろ予定外[よていがい]が重[かさ]なって	各種意外的事情疊加起來
CLIP	561.165	562.845	ママに気づかれ	ママに気[き]づかれ	被媽媽發現了
CLIP	562.845	564.965	制御しなくちゃならなくなったし	制御[せいぎょ]しなくちゃならなくなったし	不得不進行控制了
CLIP	564.965	567.585	お前らも無茶して暴走しそう	お前[おまえ]らも無茶[むちゃ]して暴走[ぼうそう]しそう	你們也會因為冒進而失控吧
CLIP	567.585	569.605	じゃあここは黙って	じゃあここは黙[だ]って	那麼這裡就保持沉默吧
CLIP	569.605	571.785	どっちも制御しとこう的な	どっちも制御[せいぎょ]しとこう的[てき]な	兩邊都要控制一下的感覺
CLIP	571.785	575.725	つまり私たちのミスをカバーしてくれてたと	つまり私[わたし]たちのミスをカバーしてくれてたと	也就是說他們在幫我們彌補失誤
CLIP	575.725	580.205	そして全員での脱出には未だに反対してるんだね	そして全員[ぜんいん]での脱出[だっしゅつ]には未だに[いまだに]反対[はんたい]してるんだね	而且他們仍然反對全員一起逃脫呢
CLIP	580.205	581.685	でも今は違う	でも今[いま]は違う[ちがう]	但現在不一樣了
CLIP	581.685	584.925	全員で逃げるに協力するよ	全員[ぜんいん]で逃げる[にげる]に協力[きょうりょく]するよ	會全員合作一起逃走
CLIP	584.925	586.445	らしくないね	らしくないね	真不像平常的樣子
CLIP	586.445	589.305	嘘だと思うの	嘘[うそ]だと思う[おもう]の	我覺得這是謊言
CLIP	589.305	591.225	ううんうれしい	ううんうれしい	不，真的很開心
CLIP	591.225	594.585	レイが改めて全員に力を貸してくれる	レイが改めて[あらためて]全員[ぜんいん]に力[ちから]を貸し[かし]てくれる	雷會重新再給全員力量
CLIP	594.585	599.025	しかも今度は内側からママを騙せる情報もある	しかも今度[こんど]は内側[うちがわ]からママを騙[かた]せる情報[じょうほう]もある	而且這次還有可以從內部欺騙媽媽的情報
CLIP	599.025	600.705	最高だよ	最高[さいこう]だよ	太棒了
CLIP	600.705	606.725	でもそっかずっと知ってたんだね全部	でもそっかずっと知っ[しっ]てたんだね全部[ぜんぶ]	原來如此，你一直都知道全部啊
CLIP	606.725	611.605	辛かったよね知ってて黙って見送って	辛かっ[つらかっ]たよね知っ[しっ]てて黙っ[だまっ]て見送っ[みおくっ]て	很辛苦吧，明明知道卻沉默地送走
CLIP	611.605	614.825	何人も何人も	何[なん]人[にん]も何[なん]人[にん]も	很多很多人
CLIP	614.825	620.145	ねえ発信機の実験って誰かの耳で試したってこと	ねえ発信[はっしん]機[き]の実験[じっけん]って誰[だれ]かの耳[みみ]で試し[ためし]たってこと	欸，發信機的實驗是用別人的耳朵測試的嗎
CLIP	620.145	624.665	その子いやその子たちどうなったの	その子[こ]いやその子[こ]たちどうなったの	那孩子…不，那些孩子怎麼了
CLIP	624.665	627.405	出荷時期早まったりしてないよね	出荷[しゅっか]時期[じき]早まっ[はやまっ]たりしてないよね	出貨時機沒有提前吧
CLIP	627.405	632.185	私たちのため誰か犠牲にしてないよね	私[わたし]たちのため誰[だれ]か犠牲[ぎせい]にしてないよね	為了我們沒有犧牲任何人吧
CLIP	632.185	635.925	いやいいよありがとう	いやいいよありがとう	不，沒關係，謝謝
CLIP	635.925	638.765	そのおかげで今みんなで逃げられる	そのおかげで今[いま]みんなで逃げ[にげ]られる	多虧了這個，現在大家都能逃走了
CLIP	638.765	645.305	でもそういう線引きもう二度としないでね	でもそういう線引き[せんひき]もう二度と[にどと]しないでね	但是那種劃線以後千萬別再做了
CLIP	645.305	648.185	もう一人じゃない	もう一人[ひとり]じゃない	已經不是一個人了
CLIP	648.185	650.785	一人じゃないから	一人[ひとり]じゃないから	因為不是一個人
CLIP	650.785	652.105	誓うよ	誓う[ちかう]よ	我發誓
CLIP	652.105	654.905	もう二度としない	もう二度と[にどと]しない	再也不會了
CLIP	654.905	657.488	みんなで一緒にここから逃げよう	みんなで一緒[いっしょ]にここから逃げよ[にげよ]う	大家一起從這裡逃走吧
CLIP	657.488	658.207	エマたち	エマたち	艾瑪她們
CLIP	658.207	661.508	また3人で話してるね	また3人[にん]で話し[はなし]てるね	又是三個人在說話呢
CLIP	661.508	662.028	くそ	くそ	該死
CLIP	662.028	664.908	いつまでああやって相談してんだよ	いつまでああやって相談[そうだん]してんだよ	要聊到什麼時候啊
CLIP	664.908	666.867	早くコニーを助けてやらねえと	早く[はやく]コニーを助け[たすけ]てやらねえと	得趕快救康妮才行
CLIP	666.867	669.447	何か事情があるのかな	何[なに]か事情[じじょう]があるのかな	會不會有什麼事情？」
CLIP	669.447	670.788	事情って	事情[じじょう]って	說是什麼事情
CLIP	670.788	676.608	わかんないけど 悪い人が相手だから危ないっていうのだけじゃなくて	わかんないけど 悪い[わるい]人[ひと]が相手[あいて]だから危ない[あぶない]っていうのだけじゃなくて	雖然不知道，但不只是因為對手是壞人而危險
CLIP	676.608	679.108	もっともっと何か	もっともっと何[なに]か	還要再多點什麼
CLIP	679.808	681.408	怒ってたなエマ	怒っ[おこっ]てたなエマ	艾瑪，你當時在生氣吧
CLIP	681.408	685.028	ねえレイ聞きたいことがあるんだけど	ねえレイ聞[き]きたいことがあるんだけど	嘿，雷，我有件事想問你
CLIP	685.028	685.988	なんだ	なんだ	什麼
CLIP	685.988	690.028	僕ら二人を殺させないためって言っていたけれど	僕[ぼく]ら二人[ふたり]を殺[ころ]させないためって言[い]っていたけれど	雖然說過要防止我們兩個被殺
CLIP	690.028	691.827	ひょっとしてレイは	ひょっとしてレイは	難道說雷是……
CLIP	691.827	692.628	そうだ	そうだ	是的
CLIP	692.628	696.648	二人に報告があるの	二人[ふたり]に報告[ほうこく]があるの	有件事要向兩位報告
CLIP	696.648	701.447	ギルダと一緒に改めてきちんとママを観察してみたの	ギルダと一緒[いっしょ]に改[あらた]めてきちんとママを観察[かんさつ]してみたの	和吉爾達一起重新仔細觀察了媽媽
CLIP	701.447	704.488	ママは毎晩8時前に消える	ママは毎晩[まいばん]8時[じ]前[まえ]に消[き]える	媽媽每晚在八點前會消失
CLIP	704.488	705.688	消える?	消[き]える?	消失？」
CLIP	706.388	706.648	そう	そう	是的
CLIP	706.648	709.188	ハウスのどこにもいなくなるの	ハウスのどこにもいなくなるの	會在這個家裡的任何地方消失
CLIP	709.188	712.207	このハウスには秘密の部屋がある	このハウスには秘密[ひみつ]の部屋[へや]がある	這個家裡有秘密的房間
CLIP	712.207	714.288	秘密の部屋そう	秘密[ひみつ]の部屋[へや]そう	就是那個秘密的房間
CLIP	714.288	715.967	場所はここ	場所[ばしょ]はここ	地點就在這裡
CLIP	715.967	718.888	ママの寝室の隣	ママの寝室[しんしつ]の隣[となり]	媽媽的臥室旁邊
CLIP	718.888	720.827	ママの寝室って	ママの寝室[しんしつ]って	說是媽媽的臥室
CLIP	720.827	723.128	隣にトイレと洗面所	隣[となり]にトイレと洗面所[せんめんじょ]	旁邊有廁所和洗手間
CLIP	723.128	727.768	その先に壁を挟んでママの書斎って続くんだけど	その先[さき]に壁[かべ]を挟[はさ]んでママの書斎[しょさい]って続[つづ]くんだけど	再往前隔著牆壁會接著是媽媽的書房
CLIP	727.768	731.067	ここ多分壁じゃない	ここ多分[たぶん]壁[かべ]じゃない	這裡大概不是牆壁
CLIP	731.067	737.567	ん 気づいたの姿を消す前 ママは決まって書斎か洗面所に入っていく	ん 気[き]づいたの姿[すがた]を消[き]す前[まえ] ママは決[き]まって書斎[しょさい]か洗面所[せんめんじょ]に入[はい]っていく	嗯，在發現之前她的身影消失前，媽媽一定會進入書房或洗手間
CLIP	737.567	744.067	それで部屋の内側と廊下側 それぞれ距離を測ってみた	それで部屋[へや]の内側[うちがわ]と廊下側[ろうかがわ] それぞれ距離[きょり]を測[はか]ってみた	於是測量了房間內側與走廊側各自的距離
CLIP	744.067	746.048	ああ だからあの時	ああ だからあの時[とき]	啊，原來是那時候
CLIP	746.048	748.148	うん 結果は	うん 結果[けっか]は	嗯，結果是
CLIP	748.148	753.207	合わなかった 私の足で10個分ぐらいの差がある	合[あ]わなかった 私[わたし]の足[あし]で10個[こ]分[ぶん]ぐらいの差[さ]がある	不符合，我的腳差了大約十個單位
CLIP	753.207	760.067	一方は壁 一方は本棚だけど どちらにも隠し扉があるんだと思う	一方[いっぽう]は壁[かべ] 一方[いっぽう]は本棚[ほんだな]だけど どちらにも隠[かく]し扉[とびら]があるんだと思[おも]う	一邊是牆壁，一邊是書櫃，但我想兩邊都有隱藏門
CLIP	760.067	763.188	そしてその先に秘密の部屋がある	そしてその先[さき]に秘密[ひみつ]の部屋[へや]がある	然後在那之後有個秘密房間
CLIP	763.188	765.008	けどそれは何のため	けどそれは何[なに]のため	但是那是為了什麼
CLIP	765.008	766.128	それは多分	それは多分[たぶん]	那大概是
CLIP	766.128	767.067	定時連絡	定時連絡[ていじれんらく]	定時聯絡
CLIP	767.067	770.587	ママは本部に毎日定時連絡をしている	ママは本部[ほんぶ]に毎日[まいにち]定時連絡[ていじれんらく]をしている	媽媽每天向總部進行定時聯絡
CLIP	770.587	772.108	そのための部屋だろう	そのための部屋[へや]だろう	那應該是為此而設的房間
CLIP	772.108	773.648	本部	本部[ほんぶ]	總部
CLIP	773.648	777.967	このハウスに赤ちゃんやシスターを供給している拠点だよ	このハウスに赤ちゃん[あかちゃん]やシスターを供給[きょうきゅう]している拠点[きょてん]だよ	這個屋子是供應嬰兒與修女的據點
CLIP	777.967	780.008	レイは知ってたの	レイは知[し]ってたの	雷是知道的吧
CLIP	780.008	781.608	ここに部屋があるって	ここに部屋[へや]があるって	說這裡有房間
CLIP	781.608	784.067	いや存在は疑ってたけど	いや存在[そんざい]は疑[うたが]ってたけど	雖然懷疑過它的存在
CLIP	784.067	785.247	入ってみようぜ	入[はい]ってみようぜ	我們進去看看吧
CLIP	785.247	787.188	外との通信手段	外[そと]との通信手段[つうしんしゅだん]	與外界的通訊手段
CLIP	787.188	789.268	それにコニーたちの行き先も	それにコニーたちの行き先[ゆきさき]も	還有康妮她們的去向
CLIP	789.268	791.488	何か手がかりが掴めるかもしれない	何[なに]か手がかり[てがかり]が掴[つか]めるかもしれない	或許能抓到什麼線索
CLIP	791.488	794.228	でもそんなに簡単に入れるのかな	でもそんなに簡単[かんたん]に入[はい]れるのかな	但真的能那麼簡單進去嗎
CLIP	794.228	796.528	難しくたってやるしかないだろ	難[むずか]しくたってやるしかないだろ	就算很難也只能去做了吧
CLIP	796.528	799.247	待て待てそこまでするメリットはない	待[ま]て待[ま]てそこまでするメリットはない	等等，沒什麼好處值得這樣做
CLIP	799.247	801.947	通信手段つっても十中八九	通信手段[つうしんしゅだん]つっても十中八九[じっちゅうはっきゅう]	即使說是通訊手段，也十中八九隻是和總部連線而已
CLIP	801.947	803.908	本部とつながっているだけだし	本部[ほんぶ]とつながっているだけだし	只不過是和本部相連而已
CLIP	803.908	807.188	出てった兄弟の行き先なんてママは知らない	出[で]てった兄弟[きょうだい]の行き先[いきさき]なんてママは知ら[しら]ない	出走的兄弟去哪裡，媽媽根本不知道
CLIP	807.188	809.567	手がかり以前の問題だ	手がかり[てがかり]以前[いぜん]の問題[もんだい]だ	這是連線索都還沒到的問題
CLIP	809.567	812.928	下手したら発信機で俺たちの行動がバレるし	下手[へた]したら発信機[はっしんき]で俺[おれ]たちの行動[こうどう]がバレるし	要是失手的話，發射器會暴露我們的行動
CLIP	812.928	815.668	その部屋のセキュリティだってわからない	その部屋[へや]のセキュリティだってわからない	那個房間的安全系統也不清楚
CLIP	815.668	817.228	危険すぎるだろ	危険[きけん]すぎるだろ	太危險了吧
CLIP	817.228	818.168	だけど	だけど	但是
CLIP	818.168	822.207	つまりメリットよりリスクの方が明らかにデカいんだよ	つまりメリットよりリスクの方[ほう]が明らか[あきらか]にデカいんだよ	也就是說，風險明顯比好處大得多
CLIP	822.207	824.247	そうだね	そうだね	是啊
CLIP	824.247	826.348	今はシスターに気をつけて	今[いま]はシスターに気[き]をつけて	現在要小心修女
CLIP	826.348	829.008	下手な動きで墓穴を掘らぬこと	下手[へた]な動き[うごき]で墓穴[ぼけつ]を掘らぬ[ほらぬ]こと	別因拙劣的動作挖墓穴。
CLIP	829.008	830.848	その通り	その通り[とおり]	正是如此。
CLIP	830.848	832.388	ママは俺が押さえてるけど	ママは俺[おれ]が押さえて[おさえて]るけど	雖然媽媽是我在掌控的，但…
CLIP	832.388	835.168	シスターにバレたら即アウト	シスターにバレたら即[そく]アウト	如果被修女發現就立刻出局。
CLIP	835.168	836.867	そのつもりで動け	そのつもりで動け[うごけ]	帶著那個想法去行動。
CLIP	836.867	837.768	ドン	ドン	唐
CLIP	837.768	840.408	夕飯の準備先行ってくれるか	夕飯[ゆうはん]の準備[じゅんび]先行って[さきいって]くれるか	你願不願意先去準備晚餐？
CLIP	840.408	842.028	誰か行かないとママに	誰か[だれか]行か[いか]ないとママに	如果沒有人去，就找媽媽。
CLIP	842.028	842.467	わかってるよ	わかってるよ	我知道的。
CLIP	842.467	844.908	え、ドンそっちは	え、ドンそっち[そっち]は	嗯，唐那邊？
CLIP	844.908	847.967	本当に入るつもり	本当に[ほんとうに]入るつもり[はいる]	真的打算進去嗎？
CLIP	847.967	850.367	俺はあいつらみたいに冷静になれない	俺[おれ]はあいつらみたいに冷静[れいせい]になれない	我沒辦法像他們那樣保持冷靜。
CLIP	850.367	853.668	それに知りたいんだ	それに知り[しり]たいんだ	而且我想知道。
CLIP	853.668	855.247	本当のママを	本当[ほんとう]のママを	真正的媽媽。
CLIP	855.247	857.488	この裏に隠し扉が	この裏[うら]に隠し[かくし]扉[とびら]が	這裡的背後有隱藏的門。
CLIP	857.488	859.508	これどうなってんだ	これどうなってんだ	這是怎麼回事？
CLIP	859.508	862.668	本当にあんのかよ	本当に[ほんとうに]あんのかよ	真的有嗎？
CLIP	862.668	864.888	一刻も早く	一刻[いっこく]も早く[はやく]	趕快點。
CLIP	864.888	867.587	あいつを助けてやらなきゃいけないのに	あいつを助[たす]けてやらなきゃいけないのに	明明應該救那傢伙卻不能不這樣
CLIP	867.587	868.928	もしかして	もしかして	難道說
CLIP	868.928	871.788	形をよく観察して	形[かたち]をよく観察[かんさつ]して	好好觀察形狀
CLIP	871.788	873.108	行こう	行[い]こう	走吧
CLIP	873.108	875.048	これ鍵が	これ鍵[かぎ]が	這把鑰匙
SOURCE	The Promised Neverland - S01E06 - 311045 HDTV-1080p.condensed.mp3
DURATION	801.190
CLIP	0.000	0.800	フィル?	フィル?	菲爾?
CLIP	1.500	4.000	ナイラとエウゲンとかくれんぼしてるんだ	ナイラとエウゲンとかくれんぼしてるんだ	娜伊拉和尤根在玩捉迷藏啊
CLIP	4.000	6.940	そうなんだ	そうなんだ	是這樣啊
CLIP	6.940	8.200	さて	さて	那麼
CLIP	8.200	11.020	今探るべきこと	今[いま]探[さぐ]るべきこと	現在要探查的事
CLIP	11.020	11.900	外	外[そと]	外面
CLIP	11.900	14.360	ぶっちゃけ塀は越えられる	ぶっちゃけ塀[へい]は越[こ]えられる	說實話那圍牆可以跨過
CLIP	14.360	16.860	その次は逃げ道の下見	その次[つぎ]は逃[に]げ道[みち]の下見[したみ]	接下來是偵查逃跑路線
CLIP	16.860	19.480	1.塀を越えて脱獄	1.塀[へい]を越[こ]えて脱獄[だつごく]	1.跨過圍牆越獄
CLIP	19.480	22.820	2.この農園を無事に離れ逃走	2.この農園[のうえん]を無事[ぶじ]に離[はな]れ逃走[とうそう]	2.安全離開這座農園逃走
CLIP	22.820	26.840	3.外で安定した生活を築き自立	3.外[そと]で安定[あんてい]した生活[せいかつ]を築[きず]き自立[じりつ]	3.在外面建立穩定的生活並自立
CLIP	26.840	30.120	今第一段階までは目処が立った	今[いま]第一[だいいち]段階[だんかい]までは目処[めど]が立[た]った	現在第一階段已經有了目標
CLIP	30.120	32.100	次は第二段階	次[つぎ]は第[だい]二[に]段階[だんかい]	接下來是第二階段
CLIP	32.100	34.540	ここからは外だ	ここからは外[そと]だ	從這裡開始是外面
CLIP	34.540	37.200	追手をかわし農園から無事に離れる	追手[おって]をかわし農園[のうえん]から無事[ぶじ]に離[はな]れる	躲開追兵安全離開農園
CLIP	37.200	39.600	そのための下見下調べ	そのための下見[したみ]下調べ[したしらべ]	為此的偵查與調查
CLIP	39.600	42.440	まずは農園周辺の情報だ	まずは農園[のうえん]周辺[しゅうへん]の情報[じょうほう]だ	首先是農園周邊的資訊
CLIP	42.440	45.560	木の上から塀の向こう森が見えたよ	木[き]の上[うえ]から塀[へい]の向[む]こう森[もり]が見[み]えたよ	從樹上看到圍牆那邊的森林
CLIP	45.560	48.180	だからそういうのしっかり確かめるの	だからそういうのしっかり確かめる[たしかめる]の	所以要好好確認那個。
CLIP	48.180	50.260	明日以降早いうちに調べよう	明日[あした]以降[いこう]早い[はやい]うちに調べよう[しらべよう]	明天以後盡早去調查吧。
CLIP	50.260	50.680	うん	うん	嗯。
CLIP	50.680	53.920	ねえ出てからの話もう一個いい?	ねえ出[で]てからの話[はなし]もう一個[いっこ]いい?	嘿，從出去之後的事還可以再說一件嗎？
CLIP	54.440	54.540	ん?	ん?	嗯？
CLIP	54.540	57.080	紹介したい人がいます	紹介[しょうかい]したい人[ひと]がいます	有想介紹的人。
CLIP	57.080	59.780	ごめんママ急いでて	ごめんママ急いでて[いそいでて]	抱歉，媽媽，我很急。
CLIP	59.780	61.360	見てママ	見て[みて]ママ	看，媽媽。
CLIP	61.360	63.540	うまくいったぜ	うまくいったぜ	順利完成了。
CLIP	63.540	64.720	すごいでしょ	すごいでしょ	很厲害吧。
CLIP	64.720	67.960	紹介したい人っていうのは	紹介[しょうかい]したい人[ひと]っていうのは	所說的想介紹的人是
CLIP	67.960	69.760	この人	この人[ひと]	這個人
CLIP	69.760	74.400	ウィリアム・ミネルバさん	ウィリアム・ミネルバさん	威廉·米奈爾巴先生
CLIP	74.400	75.340	うん	うん	嗯。
CLIP	75.340	76.680	誰	誰[だれ]	誰？
CLIP	76.680	77.820	わかんない	わかんない	不知道。
CLIP	77.820	80.760	わかるのはこの本の持ち主ってことだけ	わかるのはこの本[ほん]の持ち主[もちぬし]ってことだけ	我只知道的是這本書的持有人而已。
CLIP	80.760	81.620	でも	でも	但是。
CLIP	81.620	84.640	私たちの味方かもしれない人	私たち[わたしたち]の味方[みかた]かもしれない人[ひと]	可能是我們的盟友的人
CLIP	84.640	85.900	どういうこと	どういうこと	這是什麼意思
CLIP	85.900	89.740	この人本を通してあるメッセージを伝えてる	この人本[ひとほん]を通[とお]してあるメッセージを伝[つた]えてる	此人透過書本傳遞某個訊息
CLIP	89.740	91.500	それも一冊じゃない	それも一冊[いっさつ]じゃない	而且不只一本
CLIP	91.500	93.200	何冊も	何冊[なんさつ]も	好幾本
CLIP	93.200	95.000	この印って	この印[しるし]って	這個印記
CLIP	95.000	95.980	蔵書票	蔵書票[ぞうしょひょう]	藏書票
CLIP	95.980	99.140	本がここへ来る前の持ち主を示す紙	本[ほん]がここへ来[く]る前[まえ]の持ち主[もちぬし]を示す[しめす]紙[かみ]	顯示此書在來到這裡之前的持有人之紙
CLIP	99.140	101.600	それであるメッセージって	それであるメッセージって	那就是訊息
CLIP	101.600	102.380	よく見て	よく見[み]て	仔細看看
CLIP	102.380	106.380	どれも同じフクロウにしか	どれも同じ[おなじ]フクロウにしか	全部都只有同一隻貓頭鷹
CLIP	106.380	108.300	いや	いや	不
CLIP	108.300	110.460	この円	この円[えん]	這個圓形
CLIP	110.460	112.540	モールス符号	モールス符号[ふごう]	摩爾斯符號
CLIP	112.540	114.460	正解	正解[せいかい]	正確答案
CLIP	114.460	115.620	ラン	ラン	蘭
CLIP	115.620	117.020	逃げろ	逃げろ[にげろ]	快逃！
CLIP	117.020	118.420	ダウト	ダウト	懷疑
CLIP	118.420	119.820	疑い	疑[うたが]い	疑慮
CLIP	119.820	121.100	デンジャー	デンジャー	危險
CLIP	121.100	122.000	危険	危[き]険[けん]	危險
CLIP	122.000	123.920	トゥルース	トゥルース	真相
CLIP	123.920	125.000	真実	真[しん]実[じつ]	真實
CLIP	125.000	129.100	これは外から鬼や大人に隠して	これは外[そと]から鬼[おに]や大人[おとな]に隠[かく]して	這是從外面對鬼和大人隱藏的
CLIP	129.100	130.820	俺たちに向けたメッセージ	俺[おれ]たちに向[む]けたメッセージ	給我們的訊息
CLIP	130.820	133.780	それはまず信じていいと思う	それはまず信[しん]じていいと思[おも]う	我覺得那件事先可以相信
CLIP	133.780	134.280	それは	それは	那是
CLIP	134.280	137.540	俺はこいつと違って疑り深いんでね	俺[おれ]はこいつと違[ちが]って疑[うたが]り深[ふか]いんでね	我跟這傢伙不一樣，較為多疑
CLIP	137.540	139.700	このミネルバって男	このミネルバって男[おとこ]	這個叫米奈爾巴的男人
CLIP	139.700	142.180	確かに味方かもしれん	確[たし]かに味方[みかた]かもしれん	確實可能是盟友
CLIP	142.180	145.300	が生きてるか死んでるかもわからん相手だぞ	が生[い]きてるか死[し]んでるかもわからん相手[あいて]だぞ	那是個生死未卜的對手
CLIP	145.300	148.080	期待しすぎるのはどうかと思うね	期待[きたい]しすぎるのはどうかと思[おも]うね	我覺得過度期待有點不妥
CLIP	148.080	149.560	またそういう	またそういう	又是那樣
CLIP	149.560	151.140	ウィリアム・ミネルバ	ウィリアム・ミネルバ	威廉·米奈爾巴
CLIP	151.140	153.080	この人は外にいて	この人[ひと]は外[そと]にいて	這個人在外面
CLIP	153.080	155.160	農園の存在を知っていて	農園[のうえん]の存在[そんざい]を知[し]っていて	知道農園的存在
CLIP	155.160	157.180	間接的にではあるけれど	間接的[かんせつてき]にではあるけれど	雖然是間接的，但……
CLIP	157.180	159.360	僕らを助けようとしてくれている	僕[ぼく]らを助[たす]けようとしてくれている	他正試著幫助我們
CLIP	159.360	160.040	そうそう	そうそう	對對
CLIP	160.040	161.880	外に味方がいた	外[そと]に味方[みかた]がいた	外面有盟友
CLIP	161.880	163.800	今もいるかもしれない	今[いま]もいるかもしれない	現在也可能還在
CLIP	163.800	167.660	もしそうなら外に人間の社会もあるかもしれない	もしそうなら外[そと]に人間[にんげん]の社会[しゃかい]もあるかもしれない	如果是這樣的話，外面也可能有人類社會
CLIP	167.660	169.100	その通り	その通り[とおり]	正是如此
CLIP	169.100	172.760	こんなメッセージミネルバって人の本にだけ	こんなメッセージミネルバって人[ひと]の本[ほん]にだけ	只有在人類的書本裡才會出現這樣的訊息「米奈爾瓦」
CLIP	172.760	176.220	この印がいつ貼られたのかは分からないけど	この印[しるし]がいつ貼[は]られたのかは分[わ]からないけど	雖然不知道這個印記是什麼時候貼上的
CLIP	176.220	180.800	少なくともこの一枚は2015年以降に貼られたってこと	少なくとも[すくなくとも]この一枚[いちまい]は2015年[ねん]以降[いこう]に貼[は]られたってこと	至少這張是2015年之後貼的
CLIP	180.800	184.780	なるほど他にも分かることはないの?	なるほど他[ほか]にも分[わ]かることはないの?	原來如此，還有其他可以瞭解的事嗎？
CLIP	185.440	187.620	本の中身や傾向に共通点とか	本[ほん]の中身[なかみ]や傾向[けいこう]に共通点[きょうつうてん]とか	書的內容或傾向有沒有共通點之類的
CLIP	187.620	192.540	特にないかなジャンルも雑多出版社や出版年も	特に[とくに]ないかなジャンルも雑多[ざつた]出版社[しゅっぱんしゃ]や出版年[しゅっぱんねん]も	似乎沒有特別的，型別、出版社、出版年份也都雜亂
CLIP	192.540	195.140	でもあれえっとどれだ?	でもあれえっとどれだ?	但是，那個…是哪一本？
CLIP	196.260	202.637	この二つだけモールスの意味が分からない中身はよくある冒険小説とよく分かんねえ	この二つ[ふたつ]だけモールスの意味[いみ]が分[わ]からない中身[なかみ]はよくある冒険小説[ぼうけんしょうせつ]とよく分[わ]かんねえ	只有這兩本的摩爾斯碼意義不明，內容大概是常見的冒險小說，還真不清楚
CLIP	202.637	206.417	神話の本だったかなモールスがないマークと	神話[しんわ]の本[ほん]だったかなモールスがないマークと	好像是神話類的書，沒有摩爾斯碼的標記
CLIP	206.417	208.298	もう一つは	もう一つ[ひとつ]は	另一個是
CLIP	208.298	210.977	プロミス	プロミス	「約定」
CLIP	210.977	212.637	約束	約束[やくそく]	約定
CLIP	212.637	216.238	なんでここに	なんでここに[なんでここに]	為什麼會在這裡
CLIP	216.238	218.757	やっぱり本当だったんだよ	やっぱり本当だったんだよ[やっぱりほんとうだったんだよ]	果然是真的啊
CLIP	218.757	220.118	エマたちが言ってたこと	エマたちが言[い]ってたこと	艾瑪她們說的事
CLIP	220.118	222.537	ママは嘘をついてた	ママは嘘[うそ]をついてた	媽媽在說謊
CLIP	222.537	224.577	誰も里子になんか出されてない	誰[だれ]も里子[さとご]になんか出[だ]されてない[ない]	沒有人被當作裡子送出去
CLIP	224.577	225.477	どうして	どうして[どうして]	為什麼
CLIP	225.477	227.757	だってもし里子に行ったなら	だってもし里子[さとご]に行[い]ったなら[なら]	因為如果真的去當裡子
CLIP	227.757	229.498	ここにあるはずない	ここにあるはずない[はずない]	不應該在這裡
CLIP	229.498	232.657	コニーにちゃんと届けてあげてるはず	コニーにちゃんと届[とど]けてあげてるはず	應該已經好好地交給康妮了
CLIP	232.657	235.077	リトルバーニーだけじゃない	リトルバーニーだけじゃない	不只是小兔兔
CLIP	235.077	238.077	全部出て行くときに奪われたんだよ	全部[ぜんぶ]出[で]て行く[いく]ときに奪[うば]われたんだよ[だよ]	全部在離開的時候被奪走了
CLIP	238.077	238.897	ママに	ママに	被媽媽拿走的
CLIP	238.897	242.537	それでみんな悪い人に連れて行かれて	それでみんな悪い人[わるいひと]に連れて行かれて[つれていかれて]	結果大家都被壞人帶走了
CLIP	242.537	244.597	やめろよ	やめろよ[やめろよ]	住手
CLIP	244.597	248.137	私これ意味あると思うんだよね	私[わたし]これ意味[いみ]あると思うんだよね[おもうんだよね]	我覺得這是有意義的
CLIP	248.137	250.637	一つだけモールスがないのとか	一[ひと]つだけモールスがないのとか	像是隻有一個沒有摩斯密碼
CLIP	250.637	252.537	ページが破れてるのとか	ページが破[やぶ]れてるのとか[とか]	頁面破損之類的
CLIP	252.537	254.897	約束ってメッセージにも	約束[やくそく]ってメッセージにも	即使在訊息裡也有約定的意味
CLIP	254.897	257.058	この2冊は特別ってこと	この2冊[にさつ]は特別[とくべつ]ってこと	這兩本是特別的意思
CLIP	257.058	258.038	うん	うん	嗯
CLIP	258.038	259.697	なんというか	なんというか	該怎麼說呢
CLIP	259.697	262.357	私たちにとって何か	私[わたし]たちにとって何[なに]か	對我們而言是什麼
CLIP	262.357	265.238	大切な道しるべになるような気がする	大切[たいせつ]な道しるべ[みちしるべ]になるような気[き]がする	感覺會成為重要的指引
CLIP	265.238	266.397	根拠は	根拠[こんきょ]は	依據是
CLIP	266.397	267.417	カン	カン	感覺
CLIP	267.417	269.317	何その顔	何[なに]その顔[かお]	那是什麼表情
CLIP	269.317	271.158	ママ	ママ	媽媽
CLIP	271.158	273.857	誰と連絡取ってるんだ	誰[だれ]と連絡[れんらく]取[と]ってるんだ	在跟誰聯絡
CLIP	273.857	275.697	レイが言ってた本部か	レイが言[い]ってた本部[ほんぶ]か	是雷說的總部嗎
CLIP	275.697	277.998	そいつらが悪い人なのか	そいつらが悪[わる]い人[ひと]なのか	那些人是壞人嗎
CLIP	277.998	279.957	あれもそうだ	あれもそうだ	那個也是如此
CLIP	279.957	282.317	ママは俺が抑えてるけど	ママは俺[おれ]が抑[おさ]えてるけど	雖然媽媽是我在控制的
CLIP	282.317	284.238	シスターにバレたら即アウト	シスターにバレたら即[そく]アウト	如果被修女發現就會立刻被踢出
CLIP	284.238	286.357	アウトってなんだよ	アウトってなんだよ	什麼叫「アウト」
CLIP	286.357	289.257	バレたらママとシスターに何かされるってことか	バレたらママとシスターに何[なに]かされるってことか	被發現的話會被媽媽和修女做什麼嗎
CLIP	289.257	292.938	本当はママはもっとヤバくて	本当[ほんとう]はママはもっとヤバくて	其實媽媽更危險
CLIP	292.938	294.377	コニーたちはもう	コニーたちはもう	康妮她們已經
CLIP	294.377	298.197	やめてコニーがどうなったかは分からないってノーマンが	やめてコニーがどうなったかは分から[わから]ないってノーマンが	別說了，諾曼說不知道康妮發生了什麼
CLIP	298.197	301.017	いやあいつらは俺たちに隠してるだけで	いやあいつらは俺[おれ]たちに隠し[かくし]てるだけで	不，那些人只是對我們隱瞞而已
CLIP	301.017	303.417	言えない事情があるんだよきっと	言え[いえ]ない事情[じじょう]があるんだよきっと	一定有說不出口的事情
CLIP	303.417	306.257	俺はそんな風に信じられない	俺[おれ]はそんな風[かぜ]に信じ[しんじ]られない	我無法那樣相信
CLIP	306.257	310.477	だってあいつらが俺たちを信じてないからな	だってあいつらが俺[おれ]たちを信じ[しんじ]てないからな	因為他們根本不相信我們
CLIP	310.478	313.798	でも確かに調べてみる価値はある	でも確か[たしか]に調べ[しらべ]てみる価値[かち]はある	不過確實值得去調查
CLIP	313.798	315.938	ミネルバさんとその本の謎	ミネルバさんとその本[ほん]の謎[なぞ]	米奈爾瓦女士與那本書的謎團
CLIP	315.938	317.678	ただ逃げるんじゃない	ただ逃げる[にげる]んじゃない	不是隻會逃跑
CLIP	317.678	318.877	見つけよう	見つけよ[みつけよ]う	一起找出來吧
CLIP	318.877	322.118	この世界で私たちが生き残る方法	この世界[せかい]で私[わたし]たちが生き残る[いきのこる]方法[ほうほう]	在這個世界裡我們活下去的方法
CLIP	322.118	323.837	うん逃げよう	うん逃げよ[にげよ]う	嗯，逃吧
CLIP	323.837	325.817	生きよう	生きよ[いきよ]う	活下去吧
CLIP	325.817	329.357	たとえ世界がどんなでも	たとえ世界[せかい]がどんなでも	即使世界如何
CLIP	329.357	331.257	待っててフィル	待っ[まっ]ててフィル	等著我，菲爾
CLIP	331.257	332.757	すぐに行くわ	すぐに行く[いく]わ	馬上就去
CLIP	332.757	334.777	でも驚いたな	でも驚い[おどろい]たな	不過真讓人吃驚
CLIP	334.777	338.137	常日頃本を読んでいるレイはともかく	常[つね]日頃[ひごろ]本[ほん]を読[よ]んでいるレイはともかく	雷平時常讀書的事就不說了
CLIP	338.137	340.678	エマがあの蔵書票に気づいていたとは	エマがあの蔵書票[ぞうしょひょう]に気[き]づいていたとは	竟然是艾瑪注意到了那張藏書票
CLIP	340.678	342.817	あれ気づいたの私じゃないよ	あれ気[き]づいたの私[わたし]じゃないよ	那個注意到的不是我
CLIP	342.817	343.197	え?	え?	嗯？
CLIP	343.837	345.757	フィルが見つけて教えてくれたの	フィルが見[み]つけて教[おし]えてくれたの	是菲爾發現後告訴我的
CLIP	345.757	346.558	フィルが?	フィルが?	菲爾？
CLIP	346.977	347.257	うん	うん	嗯
CLIP	347.257	350.377	フィルが読んでた絵本がミネルバさんの本で	フィルが読[よ]んでた絵本[えほん]がミネルバさんの本[ほん]で	菲爾在讀的繪本是米奈爾巴小姐的書
CLIP	350.377	353.317	ちょうどモールス符号が出てくるお話で	ちょうどモールス符号[ふごう]が出[で]てくるお話[はなし]で	正好是出現摩爾斯符號的故事
CLIP	353.317	358.357	ドンとギルダは	ドンとギルダは	唐和吉爾達
CLIP	358.357	359.877	こっちにもいない	こっちにもいない	這邊也不在
CLIP	359.877	362.077	まさか	まさか	難道說
CLIP	362.077	363.158	ママ	ママ	媽媽
CLIP	363.158	366.678	あらどうしたのエウゲン	あらどうしたのエウゲン	啊，尤根怎麼了
CLIP	366.678	367.998	これ落ちてた	これ落[お]ちてた	這個掉了
CLIP	367.998	369.077	ありがとう	ありがとう	謝謝
CLIP	369.077	371.498	ドン ギルダ	ドン ギルダ	唐、吉爾達
CLIP	371.498	374.058	よかった てっきり	よかった てっきり	太好了，我還以為…
CLIP	374.058	375.817	どこ行ってた	どこ行[い]ってた	你去哪裡了？
CLIP	375.817	376.897	んで	んで	然後呢
CLIP	376.897	380.458	入ってきたよ ママの秘密の部屋	入[はい]ってきたよ ママの秘密[ひみつ]の部屋[へや]	我進來了，媽媽的秘密房間
CLIP	380.458	381.178	どうやって	どうやって	怎麼做的？
CLIP	381.178	384.217	ドンが鍵を盗んで	ドンが鍵[かぎ]を盗[ぬす]んで	唐偷了鑰匙
CLIP	384.217	385.058	ママから	ママから	從媽媽那裡
CLIP	385.058	386.938	それでママには	それでママには	那樣對媽媽來說
CLIP	386.938	389.178	気づかれてないと思う	気[き]づかれてないと思[おも]う	我覺得沒被發現
CLIP	389.178	390.798	鍵ももう返したし	鍵[かぎ]ももう返[かえ]したし	鑰匙也已經還了
CLIP	390.798	391.917	たぶん	たぶん	大概
CLIP	391.917	394.217	バカなことをしてくれたな	バカなことをしてくれたな	真是幹了蠢事啊
CLIP	394.217	402.015	もしカメラ 盗聴器 警報どれか一つでもあの部屋についてたらどうするママやシスターにバレたら	もしカメラ 盗聴器[とうちょうき] 警報[けいほう]どれか一つ[ひとつ]でもあの部屋[へや]についてたらどうするママやシスターにバレたら	如果那個房間裡安了攝影機、竊聽器或警報哪怕只安一個，該怎麼辦？如果被媽媽或修女發現的話
CLIP	402.015	408.435	お前らいや俺たち全員どうなるか言ってみろよ殺されるか	お前[おまえ]らいや俺[おれ]たち全員[ぜんいん]どうなるか言っ[いっ]てみろよ殺さ[ころさ]れるか	你們還是我們全部會怎樣，說說看吧，是會被殺嗎？
CLIP	408.435	413.555	秘密の部屋で見つけたよコニーのリトルバーニー	秘密[ひみつ]の部屋[へや]で見つけ[みつけ]たよコニーのリトルバーニー	在秘密房間裡找到了康妮的Little Barney
CLIP	413.555	416.655	何がわからない助けに行こうだ	何[なに]がわからない助け[たすけ]に行こ[いこ]うだ	什麼不明白？我們去救她吧
CLIP	416.655	419.295	助けになんて行けないんじゃないか	助け[たすけ]になんて行け[いけ]ないんじゃないか	不是說我們根本無法去救她嗎？
CLIP	419.295	423.535	だってコニーはコニーたちはもう	だってコニーはコニーたちはもう	可是康妮、康妮她們已經…
CLIP	423.535	426.935	ごめんごめんなさい	ごめんごめんなさい	對不起，真的很抱歉
CLIP	426.935	429.195	じゃあ本当に	じゃあ本当[ほんとう]に	那麼真的嗎
CLIP	429.195	433.135	ほらなギルダやっぱりこいつら嘘ついてたんだよ	ほらなギルダやっぱりこいつら嘘[うそ]ついてたんだよ	看吧，吉爾達果然這些傢伙在說謊
CLIP	433.135	435.895	何隠してる	何[なに]隠[かく]してる	在隱瞞什麼
CLIP	435.895	437.995	全部話せよ	全部[ぜんぶ]話[はな]せよ	全部說出來
CLIP	437.995	438.675	鬼?	鬼[おに]?	鬼？
CLIP	439.815	440.415	農園?	農園[のうえん]?	農園？
CLIP	441.415	441.935	そんな	そんな	那樣的
CLIP	441.935	443.175	みんな	みんな	大家
CLIP	443.175	445.155	食べられるために	食[た]べられるために	為了能吃
CLIP	445.155	446.355	お前が	お前[おまえ]が	是你
CLIP	446.355	447.615	スパイ?	スパイ?	間諜？
CLIP	448.355	448.795	ずっと?	ずっと?	一直嗎？
CLIP	449.135	450.255	僕らのためにね	僕[ぼく]らのためにね	為了我們啊
CLIP	450.255	451.435	じゃあレイは	じゃあレイは	那麼雷呢
CLIP	451.435	454.215	あの日コニーがどうなるのか分かってたのか	あの日[ひ]コニーがどうなるのか分[わ]かってたのか	那天康妮會怎樣，你知道嗎
CLIP	454.215	457.235	エマとノーマンは	エマとノーマンは	艾瑪和諾曼
CLIP	457.235	459.215	俺たちを敵だらけの世界へ	俺[おれ]たちを敵[てき]だらけの世界[せかい]へ	把我們帶到充滿敵人的世界裡
CLIP	459.215	461.435	騙して連れて行こうとしていたってわけか	騙[だま]して連[つ]れて行[い]こうとしていたってわけか	原來是想騙我們帶走
CLIP	461.435	463.155	ふざけんな	ふざけんな	別開玩笑了
CLIP	463.155	464.355	おいドン	おいドン	喂，唐
CLIP	464.355	465.475	ドン	ドン	唐
CLIP	465.475	468.515	そんなに荷物なのかよ	そんなに荷物[にもつ]なのかよ	真的那麼沉重嗎？
CLIP	468.515	471.395	そんなにお前らにとって俺たちは	そんなにお前[おまえ]らにとって俺[おれ]たちは	對你們來說，我們真的那麼……
CLIP	471.395	475.195	守ってあげなきゃ何もできない雑魚なのかよ	守[まも]ってあげなきゃ何[なに]もできない雑魚[ざこ]なのかよ	要是不能保護你們，我就是什麼都做不了的渣滓嗎？
CLIP	475.195	480.315	あの時お願い助けてって頼ってくれたんじゃねえのかよ	あの時[とき]お願い[おねがい]助け[たすけ]てって頼っ[たよっ]てくれたんじゃねえのかよ	那時不是已經拜託過你幫忙了嗎？」
CLIP	480.315	482.215	あれは嘘だったのか	あれは嘘[うそ]だったのか	那是謊言嗎？
CLIP	482.215	486.095	俺たちお前らみたいに出来は良くない	俺[おれ]たちお前[おまえ]らみたいに出来[でき]は良[よ]くない	我們不像你們那樣厲害
CLIP	486.095	487.975	良くないけど	良[よ]くないけど	雖然不行
CLIP	487.975	490.795	家族だろ	家族[かぞく]だろ	我們是家人吧
CLIP	490.795	493.415	兄弟だろ	兄弟[きょうだい]だろ	我們是兄弟吧
CLIP	493.415	496.415	少しは信じてほしいんだよ	少し[すこし]は信じ[しんじ]てほしいんだよ	希望你能稍微相信我
CLIP	496.415	499.195	ごめん俺ちょっと変だ	ごめん俺[おれ]ちょっと変[へん]だ	抱歉，我有點怪
CLIP	499.195	501.615	頭冷やしてくる	頭[あたま]冷やし[ひやし]てくる	我要去冷靜一下
CLIP	501.615	505.455	私間違ってた	私[わたし]間違っ[まちがっ]てた	我錯了
CLIP	505.455	506.895	違うんだ	違[ちが]うんだ	不是那樣的
CLIP	506.895	509.895	全部八つ当たりだ	全部[ぜんぶ]八つ[やっつ]当たり[やつあたり]だ	全都是發洩罷了
CLIP	509.895	512.995	雑魚扱いが悔しいんじゃない	雑魚[ざこ]扱[あつか]いが悔[く]しいんじゃない	不是因為被當成雜魚而感到懊惱
CLIP	512.995	515.495	あいつらに嘘をつかせた	あいつらに嘘[うそ]をつかせた	讓他們說了謊
CLIP	515.495	519.115	コニーたちに何もしてやれなかった	コニーたちに何[なに]もしてやれなかった	沒能對康妮她們做任何事
CLIP	519.115	522.475	無知で無力な俺が	無知[むち]で無力[むりょく]な俺[おれ]が	無知且無力的我
CLIP	522.475	526.375	自分が本当に雑魚なのが悔しい	自分[じぶん]が本当[ほんとう]に雑魚[ざこ]なのが悔[く]しい	真的被當成雜魚的自己讓人懊惱
CLIP	526.375	528.835	悔しい	悔[く]しい	懊惱
CLIP	528.835	531.095	強くなりたい	強[つよ]くなりたい	想變強
CLIP	531.095	532.955	強くなりたい	強[つよ]くなりたい	想變強
CLIP	532.955	536.395	ドン、ギルダ	ドン、ギルダ	唐、吉爾達
CLIP	536.395	537.615	エマ	エマ	艾瑪
CLIP	537.615	540.995	ごめん、私分かってなかった	ごめん、私[わたし]分かっ[わかっ]てなかった	對不起，我沒弄懂
CLIP	540.995	544.015	恨まれる覚悟ばっかで	恨[うら]まれる覚悟[かくご]ばっかで	只顧著被恨的覺悟
CLIP	544.015	546.155	（語音不清）覚悟が足りてなかった	（語音不清）覚悟[かくご]が足[た]りてなかった	（語音不清）覺悟不夠
CLIP	546.155	550.875	僕からも、ごめん	僕[ぼく]からも、ごめん	我也很抱歉
CLIP	550.875	556.995	いやその俺もつい殴ったりしてごめん	いやその俺[おれ]もつい殴[なぐ]ったりしてごめん	不，那個我也不小心揍了人，抱歉
CLIP	556.995	559.335	大丈夫じゃないよな	大丈夫[だいじょうぶ]じゃないよな	沒事吧？
CLIP	559.335	563.975	平気平気勝手な行動を取ったこともごめんなさい	平気[へいき]平気[へいき]勝手[かって]な行動[こうどう]を取[と]ったこともごめんなさい	對於隨意的行為也很抱歉
CLIP	563.975	566.875	レイが怒るのも当然だ	レイが怒[おこ]るのも当然[とうぜん]だ	雷生氣也是理所當然
CLIP	566.875	569.195	その本当に	その本当[ほんとう]に	那個，真的……
CLIP	569.195	572.035	ほらレイ	ほらレイ	看，雷
CLIP	572.035	577.275	もういいよ万が一の場合は全部俺が何とかするから	もういいよ万が一[まんがいち]の場合[ばあい]は全部[ぜんぶ]俺[おれ]が何とか[なんとか]するから	已經好啦，萬一的話全部由我想辦法
CLIP	577.275	580.055	俺もいろいろ悪かった	俺[おれ]もいろいろ悪[わる]かった	我也有很多錯
CLIP	580.055	582.475	ごめん	ごめん	對不起
CLIP	582.475	586.495	ドン ギルダ もう嘘はなしだから改めて聞かせて	ドン ギルダ もう嘘[うそ]はなしだから改めて[あらためて]聞か[きか]せて	唐 吉爾達，已經不說謊了，請再說一次
CLIP	586.495	591.295	しくじれば死ぬ 外は最悪鬼の世界	しくじれば死ぬ[しぬ] 外[そと]は最悪[さいあく]鬼[おに]の世界[せかい]	失敗就會死，外面是最糟的鬼的世界
CLIP	591.295	594.655	それでも一緒に逃げてくれる	それでも一緒[いっしょ]に逃[に]げてくれる	即使如此也會一起逃走
CLIP	594.655	597.255	当たり前だろ	当たり前[あたりまえ]だろ	那是理所當然的吧
CLIP	597.255	600.455	なんか正直に話せてスッキリした	なんか正直[しょうじき]に話[はな]せてスッキリした	總算說實話後感到很舒暢
CLIP	600.455	603.733	うん私なりに考えたんだ	うん私[わたし]なりに考[かんが]えたんだ	嗯，我是這樣想的
CLIP	603.733	606.192	全員を連れ出す方法	全員[ぜんいん]を連れ出す[つれだす]方法[ほうほう]	把全員帶出去的方法
CLIP	606.192	607.312	無茶かな	無茶[むちゃ]かな	是不是太冒險了
CLIP	607.312	608.773	無茶だね	無茶[むちゃ]だね	真是冒險啊
CLIP	608.773	611.673	でもそれでママの隙はつけると思うし	でもそれでママの隙[すき]はつけると思う[おもう]し	但是這樣我覺得能給媽媽留下空檔
CLIP	611.673	613.473	本当に全員で逃げるには	本当[ほんとう]に全員[ぜんいん]で逃[に]げるには	真要全員一起逃走的話
CLIP	613.473	615.653	これしかないと思う	これしかないと思う[おもう]	我只想到這個
CLIP	615.653	615.973	うん	うん	嗯
CLIP	615.973	618.133	レイには話す?	レイ[れい]には話[はな]す?	要跟雷說嗎？
CLIP	618.733	618.933	いや	いや	不
CLIP	618.933	622.812	レイ本当に全員で逃げてくれるかな	レイ[れい]本当[ほんとう]に全員[ぜんいん]で逃[に]げてくれるかな	雷真的會全員一起逃嗎？
CLIP	622.812	624.332	もちろんだよ	もちろんだよ	當然啦
CLIP	624.332	628.053	レイはずっと僕たちのことを考えて動いてくれてたんだ	レイ[れい]はずっと僕[ぼく]たちのことを考[かんが]えて動[うご]いてくれてたんだ	雷一直在為我們著想並且行動著。
CLIP	628.053	631.092	いつだって僕たち2人のこと	いつだって僕[ぼく]たち2人[にん]のこと	無論何時都是為了我們兩個。
CLIP	631.092	632.092	2人?	2人[にん]?	兩個？
CLIP	632.092	634.033	いや大丈夫	いや大丈夫[だいじょうぶ]	不，沒問題
CLIP	634.033	636.653	レイにはそのうち僕から話しておくよ	レイ[れい]にはそのうち僕[ぼく]から話[はな]しておくよ	之後我會跟雷說的。
CLIP	636.653	638.553	うん	うん	嗯
CLIP	638.553	641.913	お前ら二人を殺させないため	お前[まえ]ら二[に]人[にん]を殺[ころ]させないため	為了不讓你們兩個被殺。
CLIP	641.913	644.513	なるほどね	なるほどね	原來如此啊
CLIP	644.513	646.973	さすがだよレイ	さすがだよレイ[れい]	不愧是雷啊
CLIP	646.973	649.692	言われた通り取ってきたぜ	言[い]われた通[とお]り取[と]ってきたぜ	照說的拿來了。
CLIP	649.692	652.572	洗剤に除草剤	洗剤[せんざい]に除草剤[じょそうざい]	洗衣劑加除草劑
CLIP	652.572	654.633	こんなの何使うんだ	こんなの何[なに]使[つか]うんだ	這種東西要幹嘛用？
CLIP	654.633	657.212	下見の時役立つ	下見[したみ]の時[とき]役立[やくだ]つ	事先檢視的時候很有用。
CLIP	657.212	659.592	下見って柵の先	下見[したみ]って柵[さく]の先[さき]	事先檢視就是指柵欄的前端。
CLIP	659.592	661.853	塀に登って外を見るんだよね	塀[へい]に登[のぼ]って外[そと]を見る[みる]んだよね	爬上圍牆去看外面，對吧？
CLIP	661.853	664.592	発信機どうするの	発信機[はっしんき]どうするの	發信機要怎麼處理？
CLIP	664.592	667.393	それは確認させなければいい	それは確認[かくにん]させなければいい	那就讓他確認吧。
CLIP	667.393	674.633	ママとシスターそれぞれ目を他へ向けて確実にコンパクトを見ない状況を作り出すでも	ママとシスターそれぞれ目[め]を他[た]へ向[む]けて確実[かくじつ]にコンパクトを見[み]ない状況[じょうきょう]を作り出す[つくりだす]でも	即使讓媽媽和修女各自把目光轉向別處，仍要確保不讓他們看到那個緊湊的情況。
CLIP	674.633	680.992	どうやってママはレイに足止めしてもらう偽の情報を流してもらうんだ	どうやってママはレイに足止め[あしどめ]してもらう偽[にせ]の情報[じょうほう]を流[なが]してもらうんだ	要怎麼讓媽媽向雷提供假情報，讓他幫忙阻止對方呢？
CLIP	680.992	687.133	あのノーマンとケンカねちょっとした方針の違いでね	あのノーマンとケンカねちょっとした方針[ほうしん]の違[ちが]いでね	那是因為和諾曼的爭執，只是些小小的方針差異罷了。
CLIP	687.133	692.312	それで話ってノーマンがママを殺そうとしている	それで話[はなし]ってノーマンがママを殺[ころ]そうとしている	結果是諾曼打算殺了媽媽。
CLIP	692.312	695.312	全員で逃げるとなればそうも考えるでしょう	全員[ぜんいん]で逃[に]げるとなればそうも考[かんが]えるでしょう	如果全員一起逃跑的話，也會這樣考慮吧。
CLIP	695.312	696.492	それで	それで	於是……
CLIP	696.492	698.173	道具を集めてる	道具[どうぐ]を集[あつ]めてる	正在收集道具。
CLIP	698.173	699.053	金槌	金槌[かなづち]	鐵錘
CLIP	699.053	699.853	洗剤	洗剤[せんざい]	清潔劑
CLIP	699.853	700.793	除草剤	除草剤[じょそうざい]	除草劑
CLIP	700.793	702.592	他にも使えそうなもの	他[ほか]にも使[つか]えそうなもの	還有其他看起來能用的東西
CLIP	702.592	703.492	片っ端から	片っ端[かたっぱし]から	從頭到尾全部
CLIP	703.492	705.673	あの短すぎるロープも	あの短[みじか]すぎるロープも	那條太短的繩子也行
CLIP	705.673	706.113	ああ	ああ	啊
CLIP	706.113	707.793	俺は止めたんだぜ	俺[おれ]は止[と]めたんだぜ	我已經阻止了，懂嗎
CLIP	707.793	708.872	やばすぎる	やばすぎる	太過危險
CLIP	708.872	709.832	間違ってるって	間違[まちが]ってるって	你說錯了吧
CLIP	709.832	711.572	それでそのざま	それでそのざま	那樣的下場
CLIP	711.572	713.053	毒殺	毒殺[どくさつ]	毒殺
CLIP	713.053	715.372	薬剤が厄介ね	薬剤[やくざい]が厄介[やっかい]ね	藥劑真麻煩呢
CLIP	715.372	715.793	ああ	ああ	嗯
CLIP	715.793	718.053	途中出荷なんてごめんだ	途中[とちゅう]出荷[しゅっか]なんてごめんだ	抱歉，不能途中出貨
CLIP	718.053	719.893	あいつらには最後まで	あいつらには最後[さいご]まで	那些傢伙要做到最後
CLIP	719.893	721.753	12歳まで生きてほしい	12歳[じゅうにさい]まで生き[いき]てほしい	希望活到12歲
CLIP	721.753	724.473	何不自由ないこのハウスで	何不自由[なんふじゆう]ないこのハウスで	在這個毫無不自由的家裡
CLIP	724.473	727.872	だからすり替えようぜ	だからすり替[すりか]えようぜ	所以來換掉吧
CLIP	727.872	730.253	薬剤中身を偽物に	薬剤[やくざい]中身[なかみ]を偽物[にせもの]に	把藥劑內容換成偽造的
CLIP	730.253	731.712	場所は分かってるの?	場所[ばしょ]は分かっ[わかっ]てるの?	你知道地點嗎？
CLIP	732.092	732.273	ああ	ああ	嗯
CLIP	732.273	734.413	では明日にでも対処しましょう	では明日[あす]にでも対処[たいしょ]しましょう	那麼明天就處理吧
CLIP	734.413	735.812	報告は以上?	報告[ほうこく]は以上[いじょう]?	報告就這樣嗎？
CLIP	736.353	738.733	ああ他に何か気になることでも?	ああ他[た]に何[なに]か気[き]になることでも?	嗯，還有什麼在意的事嗎？
CLIP	739.413	739.993	いいえ	いいえ	沒有
CLIP	739.993	741.413	そうだ	そうだ	是啊
CLIP	741.413	741.933	ん?	ん?	嗯？
CLIP	742.372	744.592	一足先に教えてあげる	一足先[ひとあしさき]に教[おし]えてあげる	先一步告訴你
CLIP	744.592	748.072	昨日の定時連絡で上から通達があった	昨日[きのう]の定時[ていじ]連絡[れんらく]で上[うえ]から通達[つうたつ]があった	昨天的定時聯絡中，上面傳達了指示
CLIP	748.072	750.233	次の出荷が決まったわ	次[つぎ]の出荷[しゅっか]が決[き]まったわ	下一批出貨已決定
CLIP	750.233	759.053	来月の定例出荷はないじゃあ次は1月俺の12歳の誕生日	来月[らいげつ]の定例[ていれい]出荷[しゅっか]はないじゃあ次[つぎ]は1月[いちがつ]俺[おれ]の12歳[じゅうにさい]の誕生[たんじょう]日[び]	下個月沒有例行出貨，那麼下次就是一月我十二歲的生日
CLIP	759.053	763.312	次の出荷はいよいよ俺か	次[つぎ]の出荷[しゅっか]はいよいよ俺[おれ]か	下一批出貨……終於輪到我了嗎
CLIP	763.312	767.393	けどよママはレイに任せていいとしてシスターは?	けどよママはレイに任せ[まかせ]ていいとしてシスターは?	不過，媽媽說可以交給雷，修女呢？
CLIP	767.393	775.233	そうよシスターにこそバレたら即出荷なんでしょ大丈夫考えてある何の用ですか?	そうよシスターにこそバレたら即出荷[そくしゅっか]なんでしょ大丈夫[だいじょうぶ]考え[かんがえ]てある何[なん]の用[よう]ですか?	對啊，如果被修女發現就會立刻出貨，沒問題，我已經想好要幹什麼了，你有什麼事嗎？
CLIP	775.233	778.733	見ちゃった	見[み]ちゃった	我看到了
CLIP	778.733	783.692	ぜーんぶ見てたのよ	ぜーんぶ見[み]てたのよ	全部都看到了喔
CLIP	783.692	788.733	ゆうべ食堂でのあなたたち	ゆうべ食堂[しょくどう]でのあなたたち	昨晚在食堂的你們
CLIP	788.733	792.013	このハウスの秘密を知っているのは	このハウスの秘密[ひみつ]を知[し]っているのは	知道這個屋子的秘密的是
CLIP	792.013	795.353	ノーマン エマ レイ ギルダ ドン	ノーマン エマ レイ ギルダ ドン	諾曼、艾瑪、雷、吉爾達、唐
CLIP	795.353	796.832	あなたたち5人	あなたたち5人[ごにん]	你們五個人
CLIP	796.832	800.692	ねえ 私と組まない	ねえ 私[わたし]と組[く]まない	嘿，要不要跟我組隊
SOURCE	The Promised Neverland - S01E07 - 011145 HDTV-1080p.condensed.mp3
DURATION	726.170
CLIP	0.000	3.000	手を組む	手[て]を組[く]む	握手
CLIP	3.000	6.300	みんな大丈夫だ問題ない	みんな大丈夫[だいじょうぶ]だ問題[もんだい]ない	大家都沒問題
CLIP	6.300	8.740	話を聞こう	話[はな]を聞[き]こう	我們來聽聽吧
CLIP	8.740	13.800	そうよお互いの目的のために協力しましょう	そうよお互[たが]いの目的[もくてき]のために協力[きょうりょく]しましょう	是的，為了彼此的目的一起合作吧
CLIP	13.800	16.360	あなたたちは脱走したい	あなたたちは脱走[だっそう]したい	你們想要逃脫
CLIP	16.360	20.000	私はこのハウスのママになりたい	私[わたし]はこのハウスのママになりたい	我想成為這個家的媽媽
CLIP	20.000	24.020	イザベラをママの座から引きずり下ろして	イザベラをママの座[ざ]から引[ひ]きずり下[お]ろして	把伊莎貝拉從媽媽的位子上拉下來
CLIP	24.020	26.660	その地位奪いたいのよ	その地位[ちい]奪[うば]いたいのよ	想奪走那個位置
CLIP	26.660	27.600	ママの座	ママの座[ざ]	媽媽的位子
CLIP	27.600	29.440	言っとくけど本心よ	言[い]っとくけど本心[ほんしん]よ	先說好，這是我的真心
CLIP	29.440	32.820	私も抜け出したいの今の境遇から	私[わたし]も抜[ぬ]け出[だ]したいの今[いま]の境遇[きょうぐう]から	我也想從現在的處境中脫身
CLIP	32.820	35.660	ここの管理システムをご存知	ここの管理[かんり]システムをご存知[ごぞんじ]	你知道這裡的管理系統嗎
CLIP	35.660	41.340	ある条件を満たして12歳まで生き残った女子には	ある条件[じょうけん]を満[み]たして12歳[さい]まで生[い]き残[のこ]った女子[じょし]には	對於符合條件、在12歲前存活下來的女孩
CLIP	41.340	44.720	出荷時2つの道が示される	出荷時[しゅっかじ]2つの道[みち]が示[しめ]される	出貨時會顯示兩條道路
CLIP	44.720	46.600	このまま死ぬか	このまま死[し]ぬか	就這樣死去嗎
CLIP	46.600	48.940	ママを目指すか	ママを目指[めざ]すか	要以成為媽媽為目標嗎
CLIP	48.940	49.900	条件って	条件[じょうけん]って	所謂條件是？
CLIP	49.900	53.120	一定以上の成績とママの推薦	一定以上[いっていいじょう]の成績[せいせき]とママの推薦[すいせん]	成績達到一定以上以及媽媽的推薦
CLIP	53.120	55.560	それらさえ手に入れれば	それらさえ手[て]に入[い]れれば	只要得到那些就行
CLIP	55.560	58.480	脱走しなくても生き延びることはできるのよ	脱走[だっそう]しなくても生[い]き延[の]びることはできるのよ	即使不逃跑也能活下去
CLIP	58.480	60.080	女子はね	女子[じょし]はね	女生啊
CLIP	60.080	61.720	女子	女子[じょし]	女生
CLIP	61.720	64.300	でもやめた方がいい	でもやめた方[ほう]がいい	但還是不要比較好
CLIP	64.300	68.120	二度と敷地の外へ出られない体になる	二度[にど]と敷地[しきち]の外[そと]へ出[で]られない体[からだ]になる	會變成再也無法離開領地的身體
CLIP	68.120	69.560	何それ	何[なに]それ	那是什麼
CLIP	69.560	71.080	チップが入ってる	チップが入[はい]ってる	裡面有晶片
CLIP	71.080	72.900	大人はね	大人[おとな]はね	大人啊
CLIP	72.900	75.300	一歩でも農園の外へ出たら	一歩[いっぽ]でも農園[のうえん]の外[そと]へ出[で]たら	只要一步踏出農園外
CLIP	75.300	77.280	これに電気を流されて	これに電気[でんき]を流[なが]されて	就會被這個通電
CLIP	77.280	79.620	心臓を止められちゃうの	心臓[しんぞう]を止[と]められちゃうの	心臟會被停止
CLIP	79.620	82.960	そしてこれは同時に	そしてこれは同時[どうじ]に	而且這同時也是
CLIP	82.960	85.340	何か別の要因で心臓が止まると	何[なに]か別[べつ]の要因[よういん]で心臓[しんぞう]が止[と]まると	如果因其他因素心臟停止時
CLIP	85.340	87.660	上に通報する送信機でもある	上[うえ]に通報[つうほう]する送信機[そうしんき]でもある	也是向上層通報的發射器
CLIP	87.660	91.480	やはり大人は殺せないってことか	やはり大人[おとな]は殺[ころ]せないってことか	果然大人是殺不掉的吧
CLIP	91.480	95.540	私は農園の中でしか生きられない	私[わたし]は農園[のうえん]の中[なか]でしか生[い]きられない	我只能在農園裡活著
CLIP	95.540	99.720	だからその中で一番いい暮らしがしたいのよ	だからその中[なか]で一番[いちばん]いい暮[く]らしがしたいのよ	所以想在裡面過最好的生活
CLIP	99.720	104.040	ママとして偽りでも人間の暮らしよ	ママとして偽り[いつわり]でも人間[にんげん]の暮らし[くらし]よ	即使是偽裝成媽媽，也要過人類的生活。
CLIP	104.040	107.720	そのためにはイザベラが邪魔なのよ	そのためにはイザベラが邪魔[じゃま]なのよ	為此，伊莎貝拉是個障礙。
CLIP	107.720	111.860	あなたたちが逃げれば奴が罪に問われるわ	あなたたちが逃げれ[にげれ]ば奴[やつ]が罪[つみ]に問わ[とわ]れるわ	如果你們逃走，那傢伙就會被追究罪責。
CLIP	111.860	115.180	私は邪魔しない	私[わたし]は邪魔[じゃま]しない	我不會妨礙。
CLIP	115.180	119.180	逃げなさいそれが私の利益になる	逃げ[にげ]なさいそれが私[わたし]の利益[りえき]になる	快逃吧，這對我有利。
CLIP	119.180	120.940	出荷しないの	出荷[しゅっか]しないの	不出貨。
CLIP	120.940	122.120	しないわ	しないわ	不會的。
CLIP	122.120	124.060	協力しましょう	協力[きょうりょく]しましょう	一起合作吧。
CLIP	124.060	125.640	組みましょう	組み[くみ]ましょう	一起組織吧。
CLIP	125.640	127.020	待って	待っ[まっ]て	等一下。
CLIP	127.020	131.040	一つだけシスターに確認させて	一つ[ひとつ]だけシスターに確認[かくにん]させて	只讓修女確認一下。
CLIP	131.040	131.680	何	何[なに]	什麼？
CLIP	131.680	135.680	あなたが私たちを裏切らない保証は	あなたが私[わたし]たちを裏切ら[うらぎら]ない保証[ほしょう]は	你不背叛我們的保證是？
CLIP	135.680	138.020	信用してくれないのね	信用[しんよう]してくれないのね	你不相信我啊。
CLIP	138.020	138.740	いいから	いいから	沒關係，說吧。
CLIP	138.740	140.340	レイよ	レイよ	雷。
CLIP	140.340	142.820	レイがこのことをママにちくれば	レイがこのことをママにちくれば	如果雷把這件事告訴媽媽，
CLIP	142.820	144.340	私を潰せる	私[わたし]を潰せる[つぶせる]	我就能被打倒。
CLIP	144.340	150.320	でもレイが二重スパイだってことを私がちくれば私はレイをつぶせるわ	でもレイが二[に]重[じゅう]スパイだってことを私[わたし]がちくれば私[わたし]はレイをつぶせるわ	可是，只要我告發雷是雙面間諜，我就能毀了他。
CLIP	150.320	154.700	だからお互い裏切らないし裏切れない	だからお互い[おたがい]裏切ら[うらぎら]ないし裏切れ[うらぎれ]ない	所以我們誰也不會背叛對方，也不能背叛。
CLIP	154.700	156.800	これでいいでしょ	これでいいでしょ	這樣可以了吧？
CLIP	156.800	157.840	分かった	分かっ[わかっ]た	我知道了。
CLIP	157.840	160.240	交渉成立ね	交渉[こうしょう]成立[せいりつ]ね	那就成交了。
CLIP	160.240	164.380	他にも私にしか教えられない情報	他[た]にも私[わたし]にしか教え[おしえ]られない情報[じょうほう]	還有其他只有我能告訴你們的情報。
CLIP	164.380	166.380	何でも教えてあげる	何[なに]でも教え[おしえ]てあげる	你們想知道什麼，我都可以告訴你們。
CLIP	166.380	168.060	友好の証よ	友好[ゆうこう]の証[あかし]よ	這是友好的證明。
CLIP	168.060	172.000	今夜にでも私の部屋にいらっしゃいな	今夜[こんや]にでも私[わたし]の部屋[へや]にいらっしゃいな	今晚就來我房間吧。
CLIP	172.000	174.820	いい暮らしがしたいだって	いい暮らし[くらし]がしたいだって	竟然說想過好日子。
CLIP	174.820	176.220	自分だってそうだったのに	自分[じぶん]だってそうだったのに	明明她自己以前也是這樣。
CLIP	176.220	181.442	あの人私たちの命なんて本当に何とも思ってない	あの人[ひと]私[わたし]たちの命[いのち]なんて本当に[ほんとうに]何とも[なんとも]思っ[おもっ]てない	那個人真的完全不在乎我們的命。
CLIP	181.442	183.282	で出荷はしないって	で出荷[しゅっか]はしないって	那她說不會把我們出貨呢？
CLIP	183.282	186.343	しないんじゃないできないだけだ	しないんじゃないできないだけだ	不是不會，只是辦不到。
CLIP	186.343	187.542	本当に逃がしたいなら	本当に[ほんとうに]逃がし[にがし]たいなら	如果真的想讓我們逃走，
CLIP	187.542	190.143	然るべき時に黙って手を貸せばいい	然るべき[しかるべき]時[とき]に黙っ[だまっ]て手[て]を貸せ[かせ]ばいい	在適當的時候默默幫忙就好了。
CLIP	190.143	192.762	手の内をベラベラ喋るのは	手の内[てのうち]をベラベラ喋る[しゃべる]のは	會把自己的底牌說個不停，
CLIP	192.762	194.942	僕らの信用をつかみたいから	僕ら[ぼくら]の信用[しんよう]をつかみたいから	是因為想取得我們的信任。
CLIP	194.942	197.243	なんで俺たちの信用を	なんで俺[おれ]たちの信用[しんよう]を	為什麼要取得我們的信任？
CLIP	197.243	200.862	僕らの反逆を示す物証が欲しい	僕ら[ぼくら]の反逆[はんぎゃく]を示す[しめす]物証[ぶっしょう]が欲しい[ほしい]	她想要能證明我們反抗的物證。
CLIP	200.862	204.482	言い換えれば確実な物証がなければ	言い換えれ[いいかえれ]ば確実[かくじつ]な物証[ぶっしょう]がなければ	換句話說，沒有確實的物證，
CLIP	204.482	206.642	上に信用してもらえない立場にいる	上[うえ]に信用[しんよう]してもらえない立場[たちば]にいる	她就無法取得上面的信任。
CLIP	206.642	210.782	ママと違って出荷する権限すらないんだろ	ママと違っ[ちがっ]て出荷[しゅっか]する権限[けんげん]すらないんだろ	她跟媽媽不同，恐怕連出貨的許可權都沒有。
CLIP	210.782	211.702	物証	物証[ぶっしょう]	物證……
CLIP	211.702	212.843	おい	おい	喂。
CLIP	212.843	215.822	もし木に隠したロープが見つかったら	もし木[き]に隠し[かくし]たロープが見つかっ[みつかっ]たら	要是藏在樹上的繩子被發現了呢？
CLIP	215.822	216.582	大丈夫	大丈夫[だいじょうぶ]	沒事的。
CLIP	216.582	219.302	ロープなんて何とでも言い逃れできるよ	ロープなんて何[なに]とでも言い逃れ[いいのがれ]できるよ	繩子的用途，要怎麼解釋都行。
CLIP	219.302	220.922	遊びで使うとかね	遊び[あそび]で使う[つかう]とかね	像是拿來玩之類的。
CLIP	220.922	224.222	でも発信機壊す装置が見つかったら	でも発信[はっしん]機[き]壊す[こわす]装置[そうち]が見つかっ[みつかっ]たら	可是，要是破壞發信器的裝置被發現，
CLIP	224.222	225.262	即アウトだな	即[そく]アウトだな	就立刻完蛋了。
CLIP	225.262	228.843	言い逃れできない確実な物証だ	言い逃れ[いいのがれ]できない確実[かくじつ]な物証[ぶっしょう]だ	那可是無法辯解的確切物證。
CLIP	228.843	231.442	心配するな	心配[しんぱい]するな	別擔心。
CLIP	231.442	233.062	そんなヘマはしない	そんなヘマはしない	我不會犯那種錯。
CLIP	233.062	235.602	だいたいまだ完成してないしな	だいたいまだ完成[かんせい]してないしな	再說，東西還沒完成呢。
CLIP	235.602	240.743	僕らは発信機の場所も壊し方も知らないって思わせておけば問題ない	僕ら[ぼくら]は発信[はっしん]機[き]の場所[ばしょ]も壊し[こわし]方[かた]も知ら[しら]ないって思わ[おもわ]せておけば問題[もんだい]ない	只要讓她以為我們不知道發信器的位置，也不知道破壞方法，就沒問題。
CLIP	240.743	245.542	あのシスターなら誘導次第ですぐに信じ込んでくれるよ	あのシスターなら誘導[ゆうどう]次第[しだい]ですぐに信じ込ん[しんじこん]でくれるよ	那個修女，只要稍微引導一下，很快就會相信了。
CLIP	245.542	247.123	本当に行くの?	本当に[ほんとうに]行く[いく]の?	真的要去嗎？
CLIP	248.123	250.142	相手あのシスターだよ	相手[あいて]あのシスターだよ	對方可是那個修女耶。
CLIP	250.142	253.463	何でも教えてくれるって聞こえはいいけど	何[なに]でも教え[おしえ]てくれるって聞こえ[きこえ]はいいけど	說什麼都願意告訴我們，聽起來是很好。
CLIP	253.463	255.922	つか何であいつと組むんだよ	つか何で[なんで]あいつと組む[くむ]んだよ	話說，為什麼要跟她合作啊？
CLIP	255.922	257.642	俺たちにメリットあるのか	俺[おれ]たちにメリットあるのか	對我們有什麼好處嗎？
CLIP	257.642	261.642	うまく使えば何か情報を手に入れられるかもしれないし	うまく使え[つかえ]ば何[なに]か情報[じょうほう]を手[て]に入れ[いれ]られるかもしれないし	運用得好的話，說不定能得到一些情報。
CLIP	261.642	266.942	余計な邪魔をされずに済むこれで下見に集中できるよ	余計[よけい]な邪魔[じゃま]をされずに済む[すむ]これで下見[したみ]に集中[しゅうちゅう]できるよ	也能省去她多餘的幹擾，這樣就能專心勘查了。
CLIP	266.942	272.183	大丈夫使えるチャンスは全て使わないと	大丈夫[だいじょうぶ]使える[つかえる]チャンスは全て[すべて]使わ[つかわ]ないと	放心，能利用的機會都得利用才行。
CLIP	272.183	274.423	レイちょっといいかな	レイちょっといいかな	雷，可以耽誤你一下嗎？
CLIP	274.423	276.923	下見の段取りを相談しておきたい	下見[したみ]の段取り[だんどり]を相談[そうだん]しておきたい	我想先跟你商量勘查的安排。
CLIP	276.923	278.623	ああ	ああ	好。
CLIP	278.623	281.042	二人にお願いがあるんだけど	二人[ふたり]にお願い[おねがい]があるんだけど	有件事想拜託你們兩個。
CLIP	281.042	283.102	何が知りたい?	何[なに]が知り[しり]たい?	想知道什麼？
CLIP	283.662	285.262	ほら何でも聞いて	ほら何[なに]でも聞い[きい]て	來，儘管問。
CLIP	285.262	286.623	本当に何でも	本当に[ほんとうに]何[なに]でも	真的什麼都可以？
CLIP	286.623	291.042	ええ農園のことでも本部のことでも	ええ農園[のうえん]のことでも本部[ほんぶ]のことでも	對，農場的事、總部的事都可以。
CLIP	291.042	292.262	じゃあ	じゃあ	那麼，
CLIP	292.262	293.442	あれ見せて	あれ見せ[みせ]て	讓我們看看那個。
CLIP	293.442	296.423	発信機の信号を確認するモニター	発信[はっしん]機[き]の信号[しんごう]を確認[かくにん]するモニター	確認發信器訊號的監視器。
CLIP	296.423	299.602	ええどうぞ	ええどうぞ	好，拿去吧。
CLIP	299.602	302.402	どうシンプルでしょ	どうシンプルでしょ	怎麼樣，很簡單吧？
CLIP	302.402	306.322	現在地だけで個人の特定はできないの	現在地[げんざいち]だけで個人[こじん]の特定[とくてい]はできないの	只能顯示現在的位置，不能辨認個人。
CLIP	306.322	309.482	発信機があることは知ってたのね	発信[はっしん]機[き]があることは知っ[しっ]てたのね	你們已經知道有發信器了啊。
CLIP	309.482	312.062	ええママに見せられて	ええママに見せ[みせ]られて	對，媽媽給我們看過。
CLIP	312.062	315.602	でもその場所と壊し方が分からない	でもその場所[ばしょ]と壊し[こわし]方[かた]が分から[わから]ない	可是我們不知道位置，也不知道怎麼破壞。
CLIP	315.602	317.062	シスターは知ってる?	シスターは知っ[しっ]てる?	修女知道嗎？
CLIP	317.722	319.762	ええ場所は耳よ	ええ場所[ばしょ]は耳[みみ]よ	知道，在耳朵裡。
CLIP	319.762	322.683	左耳この辺り	左[ひだり]耳[みみ]この辺り[あたり]	左耳，大概這裡。
CLIP	322.683	324.322	壊し方は知らないわ	壊し[こわし]方[かた]は知ら[しら]ないわ	我不知道怎麼破壞。
CLIP	324.322	326.442	でも壊すと通知される	でも壊す[こわす]と通知[つうち]される	不過一旦破壞，就會發出通知。
CLIP	326.442	329.542	そこにも本部にも	そこにも本部[ほんぶ]にも	這個監視器和總部都會收到。
CLIP	329.542	331.243	取り出すしかないわ	取り出す[とりだす]しかないわ	只能取出來了。
CLIP	331.243	332.962	もしくは切り落とすか	もしくは切り落とす[きりおとす]か	或者把耳朵切掉。
CLIP	332.962	335.882	でもハウスにはろくな刃物がない	でもハウスにはろくな刃物[はもの]がない	可是屋裡沒有什麼像樣的刀具。
CLIP	335.882	337.882	メスがあるわ 医療用メス	メスがあるわ 医療[いりょう]用[よう]メス	有手術刀，醫療用的手術刀。
CLIP	338.423	340.423	外へ出たら薬もない	外[そと]へ出[で]たら薬[くすり]もない	到了外面也沒有藥。
CLIP	340.423	343.762	出て行く時から出血や感染症のリスクまで負いたくない	出[で]て行く[いく]時[とき]から出血[しゅっけつ]や感染[かんせん]症[しょう]のリスクまで負い[おい]たくない	我們不想才剛離開，就承擔失血或感染的風險。
CLIP	343.762	347.423	医務室には薬も道具も備えてある	医務[いむ]室[しつ]には薬[くすり]も道具[どうぐ]も備え[そなえ]てある	醫務室裡有藥，也有工具。
CLIP	347.423	349.002	麻酔もね	麻酔[ますい]もね	麻醉藥也有。
CLIP	349.002	350.363	まあ	まあ	嗯，
CLIP	350.363	353.142	5人くらいなら足りるでしょ	5人[にん]くらいなら足りる[たりる]でしょ	五個人的份應該還夠。
CLIP	353.142	355.303	使い方も教えてあげる	使い方[つかいかた]も教え[おしえ]てあげる	我也可以教你們怎麼用。
CLIP	355.303	357.303	鍵も貸してあげる	鍵[かぎ]も貸し[かし]てあげる	鑰匙也可以借給你們。
CLIP	357.303	359.022	これで解決	これで解決[かいけつ]	這樣就解決了。
CLIP	359.022	361.002	さっ次はシスター	さっ次[つぎ]はシスター	那接下來，修女，
CLIP	361.002	361.803	今いくつ	今[いま]いくつ	妳現在幾歲？
CLIP	361.803	364.505	生まれた時から家畜なの?	生まれ[うまれ]た時[とき]から家畜[かちく]なの?	妳從出生起就是家畜嗎？
CLIP	364.505	365.445	ふんふん…	ふんふん…	嗯嗯……
CLIP	365.445	369.085	大人の女性に年齢を聞くなんて…	大人[おとな]の女性[じょせい]に年齢[ねんれい]を聞く[きく]なんて…	居然問成年女性的年紀……
CLIP	369.085	371.085	と 言いたいところだけど…	と 言い[いい]たいところだけど…	雖然我很想這麼說……
CLIP	372.085	376.085	26よ 生まれも育ちもこのハウス	26よ 生まれ[うまれ]も育ち[そだち]もこのハウス	二十六歲。我從出生到長大都在這種家裡。
CLIP	376.085	378.085	ここ 第三プラントじゃないけどね	ここ 第[だい]三[さん]プラントじゃないけどね	不過不是這裡的第三農場。
CLIP	378.085	379.085	第三プラント?	第[だい]三[さん]プラント?	第三農場？
CLIP	379.085	384.085	ちなみにイザベラは31歳 そう記録で見たわ	ちなみにイザベラは31歳[さい] そう記録[きろく]で見[み]たわ	順帶一提，伊莎貝拉三十一歲。我在紀錄上看過。
CLIP	384.085	386.085	外は? 見たことあるんでしょ?	外[そと]は? 見[み]たことあるんでしょ?	外面呢？妳看過吧？
CLIP	386.085	387.085	ないわ	ないわ	沒有。
CLIP	388.085	391.025	あら、嘘でもあるって言うと思った?	あら、嘘[うそ]でもあるって言う[いう]と思っ[おもっ]た?	哎呀，你以為我就算說謊，也會說有嗎？
CLIP	391.965	393.205	ないわよ	ないわよ	真的沒有。
CLIP	393.205	396.425	でも外に人間はいる	でも外[そと]に人間[にんげん]はいる	不過外面有人類。
CLIP	396.425	400.305	あなたたちの食料は上と私たちで作っている	あなたたちの食料[しょくりょう]は上[うえ]と私[わたし]たちで作っ[つくっ]ている	你們的食物是上面和我們種出來的。
CLIP	400.305	404.845	でも服や道具は外から運んでくる人間がいるのよ	でも服[ふく]や道具[どうぐ]は外[そと]から運ん[はこん]でくる人間[にんげん]がいるのよ	但衣服和工具，是由外面的人類運進來的。
CLIP	404.845	407.445	一度だけ本部で見たわ	一[いち]度[ど]だけ本部[ほんぶ]で見[み]たわ	我曾在總部見過一次。
CLIP	407.445	411.265	その人間たちは奴らと対等だった	その人間[にんげん]たちは奴ら[やつら]と対等[たいとう]だった	那些人類跟那些傢伙地位平等。
CLIP	411.265	414.445	食われてない人間も外にはいる	食わ[くわ]れてない人間[にんげん]も外[そと]にはいる	外面也有不會被吃掉的人類。
CLIP	414.445	416.325	そこに紛れなさい	そこに紛れ[まぎれ]なさい	混進他們之中吧。
CLIP	416.325	422.725	じゃあシスターは鬼がいつからいるとか	じゃあシスターは鬼[おに]がいつからいるとか	那修女知道鬼是從什麼時候開始存在的嗎？
CLIP	422.725	425.645	鬼?ああ奴らのことね	鬼[おに]?ああ奴ら[やつら]のことね	鬼？啊，你說那些傢伙啊。
CLIP	425.645	429.705	世界がどうしてこうなったとか知らないの?	世界[せかい]がどうしてこうなったとか知ら[しら]ないの?	妳不知道世界為什麼變成這樣嗎？
CLIP	430.125	430.825	知らないわ	知ら[しら]ないわ	不知道。
CLIP	430.825	433.425	このハウスはどこにあるの?	このハウスはどこにあるの?	這個家位於哪裡？
CLIP	433.625	434.305	知らない	知ら[しら]ない	不知道。
CLIP	434.305	435.905	周辺のセキュリティは?	周辺[しゅうへん]のセキュリティは?	周圍的警備呢？
CLIP	436.145	438.665	それは知ってる大したことないわ	それは知っ[しっ]てる大した[たいした]ことないわ	這個我知道，沒什麼了不起的。
CLIP	438.665	442.165	発信機に頼ってろくな人数配置してないし	発信[はっしん]機[き]に頼っ[たよっ]てろくな人数[にんずう]配置[はいち]してないし	他們仰賴發信器，根本沒安排多少人。
CLIP	442.165	444.565	巡回すらしていないはずよ	巡回[じゅんかい]すらしていないはずよ	應該連巡邏都沒有。
CLIP	444.565	445.925	ありがとうございました	ありがとうございました	謝謝妳。
CLIP	445.925	447.785	もういいの	もういいの	已經問完了嗎？
CLIP	447.785	448.845	はい	はい	是的。
CLIP	448.845	450.805	おやすみなさい	おやすみなさい	晚安。
CLIP	450.805	455.225	そう発信機の場所も壊し方も突き止めてたの	そう発信[はっしん]機[き]の場所[ばしょ]も壊し[こわし]方[かた]も突き止め[つきとめ]てたの	原來如此，你們已經查出發信器的位置和破壞方法了啊。
CLIP	455.225	457.225	やるじゃない	やるじゃない	挺能幹的嘛。
CLIP	457.225	458.745	なるほどね	なるほどね	原來如此。
CLIP	458.745	461.165	いろいろとよくわかったわ	いろいろとよくわかったわ	我明白了不少事情呢。
CLIP	461.165	464.385	言葉だけじゃないのよ	言葉[ことば]だけじゃないのよ	情報可不只有語言而已。
CLIP	464.385	465.425	情報は	情報[じょうほう]は	所謂的情報……
CLIP	465.425	466.865	人間はね	人間[にんげん]はね	人類啊，
CLIP	466.865	468.605	その場に立っているだけで	その場[ば]に立っ[たっ]ているだけで	光是站在那裡，
CLIP	468.605	470.425	情報の塊なの	情報[じょうほう]の塊[かたまり]なの	就是一大堆情報。
CLIP	470.425	471.545	態度	態度[たいど]	態度、
CLIP	471.545	472.485	目線	目線[めせん]	視線、
CLIP	472.485	473.705	瞬き	瞬き[まばたき]	眨眼、
CLIP	473.705	474.145	汗	汗[あせ]	汗水、
CLIP	474.145	475.105	しぐさ	しぐさ	動作，
CLIP	475.105	479.885	瞳孔、脈拍、全てが相手を探るヒントなのよ	瞳孔[どうこう]、脈拍[みゃくはく]、全て[すべて]が相手[あいて]を探る[さぐる]ヒントなのよ	瞳孔、脈搏，全都是探查對方的線索。
CLIP	479.885	484.505	なのに、あなたたちと来たら耳にあるってわかったのに	なのに、あなたたちと来[き]たら耳[みみ]にあるってわかったのに	可是你們啊，明明知道東西在耳朵裡，
CLIP	484.505	486.665	触って確かめようとすらしないし	触っ[さわっ]て確かめよ[たしかめよ]うとすらしないし	卻連摸一下確認都沒有。
CLIP	486.665	489.025	取り出せる段取りついたってのに	取り出せる[とりだせる]段取り[だんどり]ついたってのに	明明已經安排好取出的方法，
CLIP	489.025	491.265	全然嬉しそうにしてないんだもの	全然[ぜんぜん]嬉し[うれし]そうにしてないんだもの	也完全沒有高興的樣子。
CLIP	491.265	498.345	ねえ、なぜわざわざ聞く必要のない発信機について聞いたの	ねえ、なぜわざわざ聞く[きく]必要[ひつよう]のない発信[はっしん]機[き]について聞い[きい]たの	欸，為什麼要特地問那些根本不需要問的發信器問題呢？
CLIP	498.345	501.805	私に何か隠したい	私[わたし]に何[なに]か隠し[かくし]たい	你們想對我隱瞞什麼？
CLIP	501.805	505.165	内緒にしたいことでもあるのかしら	内緒[ないしょ]にしたいことでもあるのかしら	難道有什麼不想讓我知道的事？
CLIP	505.165	506.305	まあいいわ	まあいいわ	算了。
CLIP	506.305	507.945	あの方って知ってる?	あの方[かた]って知っ[しっ]てる?	你們知道「那一位」嗎？
CLIP	508.885	509.985	知らないわね	知ら[しら]ないわね	不知道吧。
CLIP	509.985	511.645	知りたいでしょ	知り[しり]たいでしょ	想知道吧？
CLIP	511.645	515.185	次来た時教えてあげる	次[つぎ]来[き]た時[とき]教え[おしえ]てあげる	下次來的時候再告訴你們。
CLIP	515.185	517.605	またいつでもいらっしゃい	またいつでもいらっしゃい	隨時歡迎再來。
CLIP	517.605	520.105	今日よりもっとお話ししましょう	今日[きょう]よりもっとお話し[おはなし]しましょう	下次聊得比今天更多吧。
CLIP	520.105	521.505	ママ	ママ	媽媽。
CLIP	521.505	523.005	へえ	へえ	喔。
CLIP	523.005	525.625	最初は何も写ってないんだ	最初[さいしょ]は何[なに]も写っ[うつっ]てないんだ	原來一開始什麼都沒拍到啊。
CLIP	525.625	528.225	最後の報酬がカメラね	最後[さいご]の報酬[ほうしゅう]がカメラね	最後的報酬是相機啊。
CLIP	528.225	530.545	写真って現象に興味があったんだ	写真[しゃしん]って現象[げんしょう]に興味[きょうみ]があったんだ	我對照片這種現象很感興趣。
CLIP	530.545	534.345	写真もカメラも本でしか見たことなかったし	写真[しゃしん]もカメラも本[ほん]でしか見[み]たことなかったし	畢竟照片和相機都只在書上看過。
CLIP	534.345	538.085	欲を言えば現像まで自分でしたかった	欲[よく]を言え[いえ]ば現像[げんぞう]まで自分[じぶん]でしたかった	如果能再貪心一點，我還想自己沖洗照片。
CLIP	538.085	544.005	すごいな本当に時間を切り取ったみたいだ	すごいな本当に[ほんとうに]時間[じかん]を切り取っ[きりとっ]たみたいだ	真厲害，好像真的把時間擷取下來一樣。
CLIP	544.005	547.487	例の件だけど昼飯の後でいい?	例[れい]の件[けん]だけど昼飯[ひるめし]の後[のち]でいい?	關於那件事，午餐後可以嗎？
CLIP	547.487	549.867	ええいいわよ	ええいいわよ	嗯，可以啊。
CLIP	549.867	553.347	さてそろそろ頃合いかしら	さてそろそろ頃合[ころあい]いかしら	好了，差不多是時候了吧。
CLIP	553.347	554.788	確認するぞ	確認[かくにん]するぞ	再確認一次。
CLIP	554.788	558.168	昼飯の後自由時間に入ったら	昼飯[ひるめし]の後[のち]自由[じゆう]時間[じかん]に入っ[はいっ]たら	午餐過後，開始自由活動時間時，
CLIP	558.168	559.628	俺がママを引きつける	俺[おれ]がママを引きつける[ひきつける]	我來牽制媽媽。
CLIP	559.628	562.788	ノーマンとエマは塀に登って下見	ノーマンとエマは塀[へい]に登っ[のぼっ]て下見[したみ]	諾曼和艾瑪爬上圍牆勘查。
CLIP	562.788	566.148	ドンとギルダは外からハウス2階の	ドンとギルダは外[そと]からハウス2階[かい]の	唐和吉爾達待在屋外，
CLIP	566.148	567.688	南窓が見える位置にいろ	南[みなみ]窓[まど]が見える[みえる]位置[いち]にいろ	能看見二樓南側窗戶的位置。
CLIP	567.688	573.087	万一俺がママを引きつけられなかったら合図する	万一[まんいち]俺[おれ]がママを引き[ひき]つけられなかったら合図[あいず]する	萬一我沒辦法牽制住媽媽，就會發出訊號。
CLIP	573.087	576.967	エマたちに伝えて速攻で下見中止させろ	エマたちに伝え[つたえ]て速攻[そっこう]で下見[したみ]中止[ちゅうし]させろ	通知艾瑪他們，立刻中止勘查。
CLIP	576.967	581.308	決行日までは6日だが究極次の1月	決行日[けっこうび]までは6日[むいか]だが究極[きゅうきょく]次[つぎ]の1月[がつ]	距離行動日還有六天，不過最晚到明年一月，
CLIP	581.308	585.087	俺の満期出荷まで2ヶ月半の時間がある	俺[おれ]の満期[まんき]出荷[しゅっか]まで2ヶ月[かげつ]半[はん]の時間[じかん]がある	離我到期出貨還有兩個半月。
CLIP	585.087	587.587	何かあれば下見は即中止	何[なに]かあれば下見[したみ]は即[そく]中止[ちゅうし]	只要出任何狀況，就立刻中止勘查。
CLIP	587.587	591.707	あくまで水面下制御可能を装うんだ	あくまで水面[すいめん]下[か]制御[せいぎょ]可能[かのう]を装う[よそおう]んだ	一切都要暗中進行，裝出仍然能被控制的樣子。
CLIP	591.707	596.008	ドン遊んで遊んで（語音不清）	ドン遊ん[あそん]で遊ん[あそん]で（語音不清）	唐，陪我們玩、陪我們玩！（語音不清）
CLIP	596.008	598.388	よーし鬼ごっこだ	よーし鬼ごっこ[おにごっこ]だ	好，來玩鬼抓人！
CLIP	598.388	601.087	レイちょっといい	レイちょっといい	雷，等一下。
CLIP	601.087	604.548	発信機壊せるをシスターにつかまれた	発信[はっしん]機[き]壊せる[こわせる]をシスターにつかまれた	修女發現我們能破壞發信器了。
CLIP	604.548	607.148	決行日を早めたい	決行[けっこう]日[び]を早め[はやめ]たい	我想把行動日提前。
CLIP	607.148	609.428	発信機はいつ壊せる	発信[はっしん]機[き]はいつ壊せる[こわせる]	什麼時候能破壞發信器？
CLIP	609.428	610.947	いきなり何	いきなり何[なに]	怎麼突然這麼說？
CLIP	610.947	614.548	これで最後のパーツが揃った	これで最後[さいご]のパーツが揃っ[そろっ]た	有了這個，最後的零件就齊了。
CLIP	614.548	616.788	もういつでも壊せる	もういつでも壊せる[こわせる]	隨時都能破壞。
CLIP	616.788	618.188	変な顔	変[へん]な顔[かお]	表情真怪。
CLIP	618.188	619.508	ひどい	ひどい	好過分。
CLIP	619.508	622.808	これはまさに諸刃の剣だね	これはまさに諸刃[もろは]の剣[けん]だね	這真是一把雙面刃。
CLIP	622.808	626.408	僕らが発信機を壊して脱走するのが先か	僕ら[ぼくら]が発信[はっしん]機[き]を壊し[こわし]て脱走[だっそう]するのが先[さき]か	究竟是我們先破壞發信器逃出去，
CLIP	626.408	629.788	それともシスターがこの物証をつかんで	それともシスターがこの物証[ぶっしょう]をつかんで	還是修女先取得這個物證，
CLIP	629.788	631.428	僕らを突き出すのが先か	僕ら[ぼくら]を突き出す[つきだす]のが先[さき]か	把我們交出去呢？
CLIP	631.428	635.508	大丈夫手は打ってある	大丈夫[だいじょうぶ]手[しゅ]は打っ[うっ]てある	沒事，我已經安排好了。
CLIP	635.508	641.207	ねえあの子たちどうして知らないふりしたのかしら	ねえあの子[こ]たちどうして知ら[しら]ないふりしたのかしら	欸，那些孩子為什麼要裝作不知道呢？
CLIP	641.207	645.648	本当は発信機の場所も壊し方も知ってるのに	本当は[ほんとうは]発信[はっしん]機[き]の場所[ばしょ]も壊し[こわし]方[かた]も知っ[しっ]てるのに	明明已經知道發信器的位置和破壞方法了。
CLIP	645.648	649.027	そもそもどうやって知ったのかしら	そもそもどうやって知っ[しっ]たのかしら	話說，他們到底是怎麼知道的？
CLIP	649.027	652.408	っていうかどうやって壊すの	っていうかどうやって壊す[こわす]の	應該說，到底要怎麼破壞？
CLIP	652.408	655.967	専用の道具でも使うのかしら	専用[せんよう]の道具[どうぐ]でも使う[つかう]のかしら	難道要用什麼專門的工具？
CLIP	655.967	658.408	まさかそういうの作ったの	まさかそういうの作っ[つくっ]たの	難不成他們做出那種東西了？
CLIP	658.408	662.207	ならそれが確たる証拠になったりする	ならそれが確たる[かくたる]証拠[しょうこ]になったりする	那東西或許就能成為確切的證據。
CLIP	662.207	665.288	だから恐れて嘘をついたの	だから恐れ[おそれ]て嘘[うそ]をついたの	所以他們害怕了，才會說謊嗎？
CLIP	665.288	669.188	だとしたらガサ入れね	だとしたらガサ入れ[いれ]ね	既然如此，就得搜查一下了。
CLIP	669.188	675.487	今がチャンス	今[いま]がチャンス	現在就是機會。
CLIP	675.487	677.348	何してるの	何[なに]してるの	妳在做什麼？
CLIP	677.348	679.688	ちょっと床のお掃除	ちょっと床[ゆか]のお掃除[そうじ]	稍微打掃一下地板。
CLIP	679.688	684.747	あった	あった	找到了。
CLIP	684.747	686.768	本当だ	本当[ほんとう]だ	是真的。
CLIP	686.768	689.348	これは本当に事実なんだ	これは本当に[ほんとうに]事実[じじつ]なんだ	這件事竟然真的是真的。
CLIP	689.348	693.048	思いがけずゲットしちゃった	思いがけ[おもいがけ]ずゲットしちゃった	沒想到竟然讓我拿到了。
CLIP	693.048	695.348	イザベラの二つ目の弱み	イザベラの二つ[ふたつ]目[め]の弱み[よわみ]	伊莎貝拉的第二個弱點。
CLIP	695.348	699.327	さあどう料理する	さあどう料理[りょうり]する	好了，要怎麼利用呢？
CLIP	699.327	701.027	このメモを見せて	このメモを見せ[みせ]て	拿出這張紙條，
CLIP	701.027	703.447	グランマあたりに直訴できれば	グランマあたりに直訴[じきそ]できれば	如果能直接向祖母之類的人告發，
CLIP	703.447	704.628	イザベラを落として	イザベラを落とし[おとし]て	是不是就能扳倒伊莎貝拉，
CLIP	704.628	706.908	ママの座をゲットできるかしら	ママの座[ざ]をゲットできるかしら	拿到媽媽的位置呢？
CLIP	706.908	710.548	ガキどもも無条件で出荷できるわね	ガキどもも無条件[むじょうけん]で出荷[しゅっか]できるわね	那些小鬼也能無條件出貨了。
CLIP	710.548	712.247	でもなぜ	でもなぜ	可是，為什麼？
CLIP	712.247	714.867	レイはなぜこれを知ってるの	レイはなぜこれを知っ[しっ]てるの	雷為什麼會知道這件事？
CLIP	714.867	718.628	イザベラでさえ本来知らないことなのに	イザベラでさえ本来[ほんらい]知ら[しら]ないことなのに	明明這是連伊莎貝拉原本也不該知道的事。
CLIP	718.628	719.848	本部からよ	本部[ほんぶ]からよ	總部寄來的。
CLIP	719.848	721.688	開けてごらんなさい	開け[あけ]てごらんなさい	開啟看看吧。
CLIP	721.688	724.067	残念だけどそういうことね	残念[ざんねん]だけどそういうことね	很遺憾，就是這麼回事。
CLIP	724.067	726.148	さようなら	さようなら	再見。
SOURCE	The Promised Neverland - S01E08 - 021145 HDTV-1080p.condensed.mp3
DURATION	495.420
CLIP	0.000	4.160	ナンバー18684シスタークローネ	ナンバー18684シスタークローネ	編號18684，克羅妮修女。
CLIP	4.160	7.420	（語音不清）を第4プラントのママに任命する	（語音不清）を第[だい]4プラントのママに任命[にんめい]する	任命（語音不清）為第四農場的媽媽。
CLIP	7.420	9.380	私をママに	私[わたし]をママに	任命我當媽媽？
CLIP	9.380	10.320	ええ	ええ	是的。
CLIP	10.320	16.380	第4プラントの飼育官に急な空きが出たのよ	第[だい]4プラントの飼育[しいく]官[かん]に急[きゅう]な空き[あき]が出[で]たのよ	第四農場的飼育官突然出缺了。
CLIP	16.380	19.820	それでかねてから推薦していたあなたに声が	それでかねてから推薦[すいせん]していたあなたに声[こえ]が	所以就找上我先前一直推薦的妳。
CLIP	19.820	22.200	私を推薦	私[わたし]を推薦[すいせん]	推薦我？
CLIP	22.200	24.640	グランマが門へ迎えに来ている	グランマが門[もん]へ迎え[むかえ]に来[き]ている	祖母已經到門口來接妳了。
CLIP	24.640	28.120	今すぐ荷物をまとめて本部へ戻りなさい	今[いま]すぐ荷物[にもつ]をまとめて本部[ほんぶ]へ戻り[もどり]なさい	現在立刻收拾行李，回總部去。
CLIP	28.120	30.480	今すぐ	今[いま]すぐ	現在立刻？
CLIP	30.480	32.320	さようなら	さようなら	再見。
CLIP	32.320	34.960	新たなプラントでも頑張ってね	新た[あらた]なプラントでも頑張っ[がんばっ]てね	到了新的農場也要加油喔。
CLIP	34.960	36.500	どうしたの	どうしたの	怎麼了？
CLIP	36.500	38.480	うれしくないの	うれしくないの	不高興嗎？
CLIP	38.480	40.180	いえ光栄です	いえ光栄[こうえい]です	不，我很榮幸。
CLIP	40.180	41.880	すぐ支度します	すぐ支度[したく]します	我馬上準備。
CLIP	41.880	43.700	あの女	あの女[おんな]	那個女人……
CLIP	43.700	45.820	私を始末する気だ	私[わたし]を始末[しまつ]する気[き]だ	她想除掉我。
CLIP	45.820	48.680	一か八かやるしかない	一[いち]か八[はち]かやるしかない	只能孤注一擲了。
CLIP	48.680	52.520	あの女の思い通りにさせてたまるか	あの女[おんな]の思い[おもい]通り[どおり]にさせてたまるか	我怎麼能讓那個女人稱心如意！
CLIP	52.520	54.000	ママ	ママ	媽媽。
CLIP	54.000	55.360	クローネ	クローネ	克羅妮。
CLIP	55.360	57.760	ご飯用意できたよ	ご飯[ごはん]用意[ようい]できたよ	飯準備好了。
CLIP	57.760	61.760	あれクローネは一緒じゃないの	あれクローネは一緒[いっしょ]じゃないの	咦，克羅妮沒跟妳在一起嗎？
CLIP	61.760	62.820	お部屋	お部屋[へや]	在房間嗎？
CLIP	62.820	66.160	いいえちょっとお仕事	いいえちょっとお仕事[しごと]	沒有，她有點工作要做。
CLIP	66.160	68.800	先に頂いてしまいましょう	先[さき]に頂い[いただい]てしまいましょう	我們先吃吧。
CLIP	68.800	72.640	グランマご報告したいことが	グランマご報告[ほうこく]したいことが	祖母，有件事想向您報告。
CLIP	72.640	77.100	あれクローネいない	あれクローネいない	咦，克羅妮不在。
CLIP	77.100	78.520	クローネどこ	クローネどこ	克羅妮在哪裡？
CLIP	78.520	80.420	お仕事なんだって	お仕事[しごと]なんだって	聽說在工作。
CLIP	80.420	81.260	へえ	へえ	喔。
CLIP	81.260	83.260	つまりこういうことですか	つまりこういうことですか	也就是這麼回事嗎？
CLIP	83.260	85.780	このメモの事実に加え	このメモの事実[じじつ]に加え[くわえ]	除了這張紙條記載的事實以外，
CLIP	85.780	89.520	他のフルスコアも秘密を知って逃げようとしている	他[た]のフルスコアも秘密[ひみつ]を知っ[しっ]て逃げよ[にげよ]うとしている	其他滿分的孩子也知道秘密，正打算逃跑。
CLIP	89.520	91.820	続く上物の2匹もです	続く[つづく]上物[じょうもの]の2匹[ひき]もです	接下來那兩隻上等貨也是。
CLIP	91.820	94.320	脱走の件には物証はありませんが	脱走[だっそう]の件[けん]には物証[ぶっしょう]はありませんが	雖然逃跑的事沒有物證，
CLIP	94.320	95.840	でも信じてください	でも信じ[しんじ]てください	但請您相信我。
CLIP	95.840	97.680	このままでは危険です	このままでは危険[きけん]です	這樣下去很危險。
CLIP	97.680	98.640	このままでは	このままでは	再這樣下去……
CLIP	98.640	99.060	メモ	メモ	紙條……
CLIP	99.060	102.620	制御はできているのでしょ	制御[せいぎょ]はできているのでしょ	她還控制得住，對吧？
CLIP	102.620	106.240	制御できているのなら問題ありません	制御[せいぎょ]できているのなら問題[もんだい]ありません	只要控制得住，就沒有問題。
CLIP	106.240	108.860	かつての私のように	かつての私[わたし]のように	就像過去的我一樣。
CLIP	108.860	111.660	困るのですよシスタークローネ	困る[こまる]のですよシスタークローネ	克羅妮修女，妳這樣讓我很困擾。
CLIP	111.660	116.660	イザベラの邪魔をすることは特別なのです	イザベラの邪魔[じゃま]をすることは特別[とくべつ]なのです	妨礙伊莎貝拉……是特別的。
CLIP	116.660	123.975	あの子もあの子のプラントもイザベラは私に必要な駒です	あの子[こ]もあの子[こ]のプラントもイザベラは私[わたし]に必要[ひつよう]な駒[こま]です	那孩子和她的農場都是；伊莎貝拉是我需要的棋子。
CLIP	123.975	129.575	あなたでは代わりは務まらない 私が困るのです	あなたでは代わり[かわり]は務まら[つとまら]ない 私[わたし]が困る[こまる]のです	妳無法取代她，這會讓我很困擾。
CLIP	129.575	133.155	ティファリに最上の一皿を	ティファリに最上[さいじょう]の一[いち]皿[さら]を	為祭典獻上最上等的一盤佳餚。
CLIP	133.155	136.615	農園に最大の利益を	農園[のうえん]に最大[さいだい]の利益[りえき]を	為農場帶來最大的利益。
CLIP	136.615	141.795	ああそう 完全に（語音不清）だったの	ああそう 完全[かんぜん]に（語音不清）だったの	啊，原來如此，我完全是（語音不清）。
CLIP	141.795	145.015	最初から私に勝ち目など	最初[さいしょ]から私[わたし]に勝ち[かち]目[め]など	從一開始，我就沒有勝算。
CLIP	145.015	146.515	いただきます	いただきます	我要開動了。
CLIP	146.515	148.175	いただきます	いただきます	我要開動了。
CLIP	148.175	152.155	始めようぜ薬剤のすり替え	始めよ[はじめよ]うぜ薬剤[やくざい]のすり替え[すりかえ]	開始吧，把藥劑掉包。
CLIP	152.155	153.995	うまくいきますように	うまくいきますように	希望能順利。
CLIP	153.995	158.395	排除したのシスタークローネは排除した	排除[はいじょ]したのシスタークローネは排除[はいじょ]した	我排除了她，克羅妮修女已經被排除了。
CLIP	158.395	160.195	あなたもよ	あなたもよ	你也是。
CLIP	160.195	161.895	はっ	はっ	什麼？
CLIP	161.895	165.035	取引は今この時をもっておしまい	取引[とりひき]は今[いま]この時[とき]をもっておしまい	我們的交易，就在此時此刻結束。
CLIP	165.035	165.355	え	え	咦？
CLIP	165.355	167.115	俺もクビ	俺[おれ]もクビ	我也被解僱了？
CLIP	167.115	170.455	なんでママには俺が必要だろう	なんでママには俺[おれ]が必要[ひつよう]だろう	為什麼？媽媽需要我吧。
CLIP	170.455	172.155	ママは俺を使って	ママは俺[おれ]を使っ[つかっ]て	媽媽應該想利用我，
CLIP	172.155	173.535	あくまで水面下	あくまで水面[すいめん]下[か]	始終在暗中，
CLIP	173.535	177.535	間接的に穏やかにあいつらを制御したいはずだ	間接[かんせつ]的[てき]に穏やか[おだやか]にあいつらを制御[せいぎょ]したいはずだ	間接而溫和地控制那些傢伙才對。
CLIP	177.535	179.055	その通りよ	その通り[とおり]よ	沒錯。
CLIP	179.055	180.495	俺はうまくやってた	俺[おれ]はうまくやってた	我做得很好。
CLIP	180.495	182.215	ママにとって	ママにとって	對媽媽來說，
CLIP	182.215	185.495	そう常に使える犬だった	そう常に[つねに]使える[つかえる]犬[いぬ]だった	對，你一直是條有用的狗。
CLIP	185.495	187.955	だからそばに置いていたわ	だからそばに置い[おい]ていたわ	所以我才把你留在身邊。
CLIP	187.955	191.495	たとえ嘘つきの裏切り者でもね	たとえ嘘つき[うそつき]の裏切り者[うらぎりもの]でもね	就算你是個滿口謊言的叛徒也一樣。
CLIP	191.495	193.715	それでも問題ないはずだろ	それでも問題[もんだい]ないはずだろ	就算這樣，也應該沒問題吧。
CLIP	193.715	195.475	俺が使えれば	俺[おれ]が使えれ[つかえれ]ば	只要我還有用。
CLIP	195.475	198.875	ええ確かにあなたに落ち度はない	ええ確か[たしか]にあなたに落ち度[おちど]はない	是啊，確實不是你的錯。
CLIP	198.875	201.235	これは不当解雇よ	これは不当[ふとう]解雇[かいこ]よ	這是不當解僱。
CLIP	201.235	203.155	私だって残念	私[わたし]だって残念[ざんねん]	我也覺得很遺憾。
CLIP	203.155	207.895	想定外あなたのことは最後まで手放したくなかったのよ	想定[そうてい]外[がい]あなたのことは最後[さいご]まで手放し[てばなし]たくなかったのよ	這是意料之外的事。我原本想把你留到最後的。
CLIP	207.895	208.555	だったら	だったら	那為什麼……
CLIP	208.555	212.335	でも仕方ないの事情が変わったのよ	でも仕方[しかた]ないの事情[じじょう]が変わっ[かわっ]たのよ	但沒辦法，情況改變了。
CLIP	212.335	215.655	ここからは私一人で制御する	ここからは私[わたし]一人[ひとり]で制御[せいぎょ]する	從現在開始，由我一個人來控制。
CLIP	215.655	218.635	ごめんねレイ	ごめんねレイ	對不起，雷。
CLIP	218.635	222.075	私がこれからすることを許してね	私[わたし]がこれからすることを許し[ゆるし]てね	原諒我接下來要做的事。
CLIP	222.075	222.795	ママ	ママ	媽媽。
CLIP	222.795	225.415	しばらくそこにいてちょうだい	しばらくそこにいてちょうだい	你先待在那裡一陣子吧。
CLIP	225.415	228.795	戻ったらちゃんと出してあげる	戻っ[もどっ]たらちゃんと出し[だし]てあげる	我回來就會放你出來。
CLIP	228.795	232.415	さて森を走る2つの信号	さて森[もり]を走る[はしる]2つの信号[しんごう]	好了，在森林裡奔跑的兩個訊號。
CLIP	232.415	234.895	早さからしてエマとノーマン	早[はや]さからしてエマとノーマン	從速度看來，是艾瑪和諾曼。
CLIP	234.895	237.955	一直線に塀の方へ向かっているわ	一直線[いっちょくせん]に塀[へい]の方[ほう]へ向かっ[むかっ]ているわ	正筆直地朝圍牆前進。
CLIP	237.955	239.795	下見かしらね	下見[したみ]かしらね	是去勘查嗎？
CLIP	239.795	241.235	そうだ	そうだ	對了。
CLIP	241.235	244.995	薬剤の件はどうでもいいわあなたが守ってくれるもの	薬剤[やくざい]の件[けん]はどうでもいいわあなたが守っ[まもっ]てくれるもの	藥劑的事已經不重要了，因為你會保護我。
CLIP	244.995	253.870	あなたは私を殺させないあの子たちのためにだから私を封じるなら100%別の手を使う	あなたは私[わたし]を殺さ[ころさ]せないあの子[こ]たちのためにだから私[わたし]を封じる[ふうじる]なら100%別[べつ]の手[て]を使う[つかう]	為了那些孩子，你不會讓我被殺。所以要封住我的行動，你絕對會用別的辦法。
CLIP	253.870	259.170	じゃあねレイ今までお勤めご苦労様	じゃあねレイ今[いま]までお勤め[つとめ]ご苦労[ごくろう]様[さま]	再見，雷。一直以來辛苦你了。
CLIP	259.170	265.410	くそーとにかくここを出ないと最悪だ	くそーとにかくここを出[で]ないと最悪[さいあく]だ	可惡，總之得先出去，糟透了。
CLIP	265.410	267.070	合図来ないな	合図[あいず]来[こ]ないな	訊號還沒來啊。
CLIP	267.070	270.830	このまま無事に	このまま無事[ぶじ]に	希望能就這樣平安……
CLIP	270.830	275.250	え、どういうこと?レイから合図がないのにママが出てきた	え、どういうこと?レイから合図[あいず]がないのにママが出[で]てきた	咦，怎麼回事？雷沒發出訊號，媽媽卻出來了。
CLIP	275.250	277.370	一体どうすれば	一体[いったい]どうすれば	到底該怎麼辦？
CLIP	277.370	279.510	ギルダ、お前はここにいろ	ギルダ、お前[おまえ]はここにいろ	吉爾達，妳待在這裡。
CLIP	279.510	280.310	ドン	ドン	唐。
CLIP	280.310	281.910	ハウス見てくる	ハウス見[み]てくる	我去屋裡看看。
CLIP	281.910	283.950	頼むから開いてくれ	頼む[たのむ]から開い[ひらい]てくれ	拜託，開啟吧。
CLIP	283.950	286.030	レイ、お前なのか	レイ、お前[おまえ]なのか	雷，是你嗎？
CLIP	286.030	286.770	ドン	ドン	唐。
CLIP	286.770	288.070	下がってろ	下がっ[さがっ]てろ	退後。
CLIP	288.070	289.290	大丈夫か	大丈夫[だいじょうぶ]か	你沒事吧？
CLIP	289.290	292.290	問題ね、それよりレイ	問題[もんだい]ね、それよりレイ	沒問題，比起這個，雷……
CLIP	292.290	293.450	そうだ	そうだ	對了。
CLIP	293.450	295.170	ギルダ、来い	ギルダ、来い[こい]	吉爾達，過來！
CLIP	295.170	298.010	え、下見中止?エマたち止めるの?	え、下見[したみ]中止[ちゅうし]?エマたち止める[とめる]の?	咦，中止勘查？要阻止艾瑪他們嗎？
CLIP	298.330	300.770	下見強行だ、ママを止めるぞ	下見[したみ]強行[きょうこう]だ、ママを止める[とめる]ぞ	勘查照常進行，我們去攔住媽媽。
CLIP	300.770	302.090	ママを?	ママを?	攔住媽媽？
CLIP	302.270	303.770	チャンスは今しかなくなった	チャンスは今[いま]しかなくなった	現在是僅剩的機會了。
CLIP	303.770	305.650	ママに阻まれる前に	ママに阻ま[はばま]れる前[まえ]に	在被媽媽阻止之前，
CLIP	305.650	307.510	何が何でも下見させないと	何[なに]が何[なに]でも下見[したみ]させないと	無論如何都得讓他們完成勘查。
CLIP	307.510	309.050	（語音不清）	（語音不清）	（語音不清）
CLIP	309.050	309.590	エマ	エマ	艾瑪。
CLIP	309.590	312.150	なんで	なんで	為什麼……
CLIP	312.150	313.610	ママ	ママ	媽媽。
CLIP	313.610	315.350	どうしたの?	どうしたの?	怎麼了？
CLIP	316.250	316.870	10年	10年[ねん]	十年。
CLIP	316.870	320.350	10年一緒に暮らしたけれど	10年[ねん]一緒[いっしょ]に暮らし[くらし]たけれど	雖然我們一起生活了十年，
CLIP	320.350	322.490	お芝居抜きでお話しするのは	お芝居[しばい]抜き[ぬき]でお話し[おはなし]するのは	像這樣不再演戲地交談，
CLIP	322.490	324.050	これが初めてね	これが初めて[はじめて]ね	還是第一次呢。
CLIP	324.050	325.750	初めましてエマ	初め[はじめ]ましてエマ	初次見面，艾瑪。
CLIP	325.750	328.190	初めましてノーマン	初め[はじめ]ましてノーマン	初次見面，諾曼。
CLIP	328.190	328.550	あら	あら	哎呀。
CLIP	328.550	330.190	あなたたちも楽にして	あなたたちも楽[らく]にして	你們也放輕鬆點。
CLIP	330.190	333.010	大丈夫よ私たちだけ	大丈夫[だいじょうぶ]よ私[わたし]たちだけ	沒事，只有我們。
CLIP	333.010	335.610	周りには誰もいない	周り[まわり]には誰[だれ]もいない	周圍沒有別人。
CLIP	335.610	339.610	何も知らないいい子の振りなんてしなくていいの	何[なに]も知ら[しら]ないいい子[こ]の振り[ふり]なんてしなくていいの	不必再裝成什麼都不知道的乖孩子了。
CLIP	339.610	343.970	今ここではただの飼育官と食用児	今[いま]ここではただの飼育[しいく]官[かん]と食用[しょくよう]児[じ]	此時此刻，我們只是飼育官和食用兒童。
CLIP	343.970	345.850	でも誤解しないでね	でも誤解[ごかい]しないでね	不過，別誤會了。
CLIP	345.850	348.770	私はあなたたちを愛している	私[わたし]はあなたたちを愛し[あいし]ている	我愛你們。
CLIP	348.770	351.730	大好きなの本当に	大好き[だいすき]なの本当に[ほんとうに]	真的非常喜歡你們。
CLIP	351.730	353.590	我が子のように愛しているわ	我が[わが]子[こ]のように愛し[あいし]ているわ	我像愛自己的孩子一樣愛著你們。
CLIP	353.590	358.590	だからこそ諦めてほしくてここに来たのよ	だからこそ諦め[あきらめ]てほしくてここに来[き]たのよ	正因如此，我才會來這裡，希望你們放棄。
CLIP	358.590	360.090	諦める?	諦める[あきらめる]?	放棄？
CLIP	360.190	361.190	何を?	何[なに]を?	放棄什麼？
CLIP	361.190	363.190	あらがうことを	あらがうことを	放棄反抗。
CLIP	363.190	366.190	大好きだから苦しんでほしくない	大好き[だいすき]だから苦しん[くるしん]でほしくない	因為我愛你們，所以不想讓你們受苦。
CLIP	366.190	372.010	私はあなたたちを苦しませたくないの幸福な一生じゃない?	私[わたし]はあなたたちを苦しま[くるしま]せたくないの幸福[こうふく]な一生[いっしょう]じゃない?	我不想讓你們受苦。這不是幸福的一生嗎？
CLIP	372.010	378.625	（語音不清）お家で美味しいご飯と愛情いっぱい飢えも寒さも真実も知らず	（語音不清）お家[おいえ]で美味しい[おいしい]ご飯[ごはん]と愛情[あいじょう]いっぱい飢え[うえ]も寒[さむ]さも真実[しんじつ]も知ら[しら]ず	（語音不清）在家裡，有美味的飯菜和滿滿的愛，不知道飢餓、寒冷，也不知道真相。
CLIP	378.625	380.945	満たされた気持ちで死んでいく	満たさ[みたさ]れた気持ち[きもち]で死ん[しん]でいく	懷著滿足的心情死去。
CLIP	380.945	384.705	一体それのどこが不幸だというの	一体[いったい]それのどこが不幸[ふこう]だというの	這到底哪裡不幸了？
CLIP	384.705	387.285	幸福な一生	幸福[こうふく]な一生[いっしょう]	幸福的一生……
CLIP	387.285	391.625	ママの言う幸せはコニーみたいな最後を迎えること	ママの言う[いう]幸せ[しあわせ]はコニーみたいな最後[さいご]を迎える[むかえる]こと	媽媽所說的幸福，就是迎接像康妮那樣的結局嗎？
CLIP	391.625	393.965	死なんて一瞬のこと	死[し]なんて一瞬[いっしゅん]のこと	死亡只是一瞬間的事。
CLIP	393.965	396.025	コニーはその瞬間まで	コニーはその瞬間[しゅんかん]まで	康妮直到那一刻之前，
CLIP	396.025	399.725	笑顔いっぱいの満ち足りた人生を全うしたわ	笑顔[えがお]いっぱいの満ち足り[みちたり]た人生[じんせい]を全う[まっとう]したわ	都過著充滿笑容、滿足的人生。
CLIP	399.725	402.205	偽物の笑顔なんていらない	偽物[にせもの]の笑顔[えがお]なんていらない	我不需要虛假的笑容。
CLIP	402.205	403.845	たとえ苦しんだとしても	たとえ苦しん[くるしん]だとしても	就算會受苦，
CLIP	403.845	405.385	私は自由に生きる	私[わたし]は自由[じゆう]に生きる[いきる]	我也要自由地活下去。
CLIP	405.385	408.405	何が幸せかは自分で決める	何[なに]が幸せ[しあわせ]かは自分[じぶん]で決める[きめる]	什麼才是幸福，由我自己決定。
CLIP	408.405	409.045	エマ	エマ	艾瑪。
CLIP	409.045	411.365	ノーマン	ノーマン	諾曼。
CLIP	411.365	412.685	逃げるなんて不可能	逃げる[にげる]なんて不可能[ふかのう]	你們不可能逃得出去。
CLIP	412.685	414.745	お外も危ないわ	お外[そと]も危ない[あぶない]わ	外面也很危險。
CLIP	414.745	416.905	絶望がいっぱいよ	絶望[ぜつぼう]がいっぱいよ	到處充滿絕望。
CLIP	416.905	417.765	ね	ね	好嗎？
CLIP	417.765	420.845	お家の中でみんなで一緒に	お家[おいえ]の中[なか]でみんなで一緒[いっしょ]に	我們大家一起待在家裡，
CLIP	420.845	422.005	幸せに暮らそう	幸せ[しあわせ]に暮らそ[くらそ]う	幸福地生活吧。
CLIP	422.005	424.505	決められた時間最後まで	決め[きめ]られた時間[じかん]最後[さいご]まで	直到命定時間的最後一刻。
CLIP	424.505	427.845	あなたたち5人にも幸せでいてほしいの	あなたたち5人[にん]にも幸せ[しあわせ]でいてほしいの	我也希望你們五個幸福。
CLIP	427.845	430.265	5人?3人じゃないの?	5人[にん]?3人[にん]じゃないの?	五個？不是三個嗎？
CLIP	431.165	432.545	分かったよママ	分かっ[わかっ]たよママ	我知道了，媽媽。
CLIP	432.545	435.005	もういい子はやめる	もういい子[こ]はやめる	我不當乖孩子了。
CLIP	435.005	436.805	行ってノーマン	行っ[いっ]てノーマン	快走，諾曼！
CLIP	436.805	437.345	でも	でも	可是……
CLIP	437.345	440.385	よしよし大丈夫よ	よしよし大丈夫[だいじょうぶ]よ	好了好了，沒事的。
CLIP	440.385	443.925	痛くない痛くない	痛く[いたく]ない痛く[いたく]ない	不痛、不痛。
CLIP	443.925	447.685	そうよ私はあくまで制御する	そうよ私[わたし]はあくまで制御[せいぎょ]する	沒錯，我所做的始終只是控制。
CLIP	447.685	450.925	あなたたちはそれほどまでに特別なのよ	あなたたちはそれほどまでに特別[とくべつ]なのよ	你們就是如此特別。
CLIP	450.925	455.345	特別なお方しか食べられない特別なご飯	特別[とくべつ]なお方[おかた]しか食べ[たべ]られない特別[とくべつ]なご飯[ごはん]	只有特別的大人物才能享用的特別佳餚。
CLIP	455.345	459.865	私が育てた最上の子供たち（語音不清）	私[わたし]が育て[そだて]た最上[さいじょう]の子供[こども]たち（語音不清）	我培育的最優秀的孩子們。（語音不清）
CLIP	459.865	461.005	だったら	だったら	既然如此……
CLIP	461.005	464.045	だからこそ守らねばならない	だからこそ守ら[まもら]ねばならない	正因如此，才必須保護。
CLIP	464.045	465.485	なんとしてでも	なんとしてでも	無論如何都要。
CLIP	465.485	467.945	諦めてくれないから	諦め[あきらめ]てくれないから	因為妳不肯放棄，
CLIP	467.945	469.985	こうするしかなかった	こうするしかなかった	我只能這麼做。
CLIP	469.985	471.305	ママ	ママ	媽媽。
CLIP	471.305	474.345	ママエマどうしたの	ママエマどうしたの	媽媽，艾瑪怎麼了？
CLIP	474.345	475.745	怪我したの	怪我[けが]したの	受傷了嗎？
CLIP	475.745	476.705	おい	おい	喂！
CLIP	476.705	479.405	これでしばらくは動けない	これでしばらくは動け[うごけ]ない	這樣妳暫時就動不了了。
CLIP	479.405	481.805	無事明日を迎えられるわ	無事[ぶじ]明日[あした]を迎え[むかえ]られるわ	就能平安迎接明天了。
CLIP	481.805	487.765	明日そう明日おとなしくお祝いしてね	明日[あした]そう明日[あした]おとなしくお祝い[おいわい]してね	明天，對，明天要乖乖地慶祝喔。
CLIP	487.765	490.565	エマ上から通達があった	エマ上[じょう]から通達[つうたつ]があった	艾瑪，上面傳來通知了。
CLIP	490.565	492.445	おめでとうノーマン	おめでとうノーマン	恭喜你，諾曼。
CLIP	492.445	495.385	あなたの出荷が決まったわ	あなたの出荷[しゅっか]が決まっ[きまっ]たわ	你的出貨已經決定了。
SOURCE	The Promised Neverland - S01E09 - 031145 HDTV-1080p.condensed.mp3
DURATION	592.060
CLIP	0.000	2.500	ノーマンが出荷	ノーマンが出荷[しゅっか]	諾曼要出貨？
CLIP	2.500	5.800	そう 明日に決まったの	そう 明日[あした]に決まっ[きまっ]たの	對，已經決定明天了。
CLIP	5.800	8.100	ママ エマのその足	ママ エマのその足[あし]	媽媽，艾瑪的腳……
CLIP	8.100	10.400	うまく折ったから大丈夫	うまく折っ[おっ]たから大丈夫[だいじょうぶ]	我折得很巧妙，沒事的。
CLIP	10.400	14.400	傷一つ残らず元通りになるわ	傷[きず]一つ[ひとつ]残ら[のこら]ず元通り[もとどおり]になるわ	會完全恢復原狀，連一點傷都不會留下。
CLIP	14.400	17.260	全治一二ヶ月ってとこかしら	全治[ぜんち]一[いち]二[に]ヶ月[かげつ]ってとこかしら	大概一、兩個月就能痊癒了吧。
CLIP	17.260	20.300	あなたの誕生日に間に合えばいいわね	あなたの誕生[たんじょう]日[び]に間に合え[まにあえ]ばいいわね	希望能趕上妳的生日呢。
CLIP	20.300	23.900	レイ その袋 後でこちらにちょうだいね	レイ その袋[ふくろ] 後で[あとで]こちらにちょうだいね	雷，那個袋子待會兒給我吧。
CLIP	23.900	27.760	さあ お家へ帰りましょう	さあ お家[おいえ]へ帰り[かえり]ましょう	好了，回家吧。
CLIP	28.580	29.920	どうすりゃいいんだ	どうすりゃいいんだ	該怎麼辦才好？
CLIP	29.920	33.360	ノーマンが出荷	ノーマンが出荷[しゅっか]	諾曼要出貨了。
CLIP	33.360	38.420	ロープは取られたし エマは足を折られて動けねえ	ロープは取ら[とら]れたし エマは足[あし]を折ら[おら]れて動け[うごけ]ねえ	繩子被拿走了，艾瑪的腳也被折斷，動不了了。
CLIP	38.420	40.160	エマなら足は速攻で治す	エマなら足[あし]は速攻[そっこう]で治す[なおす]	艾瑪的話，腳很快就會好。
CLIP	40.160	45.580	ロープもまた作りゃいい 脱獄はどうにかなるしどうにかする	ロープもまた作りゃ[つくりゃ]いい 脱獄[だつごく]はどうにかなるしどうにかする	繩子再做就行了。逃獄總會有辦法，我們會想出辦法的。
CLIP	45.580	51.580	今はまずノーマンだ でもなんでどうしてノーマンが出荷なの	今[いま]はまずノーマンだ でもなんでどうしてノーマンが出荷[しゅっか]なの	現在先救諾曼。可是，為什麼？為什麼諾曼要出貨？
CLIP	51.580	58.120	ママが言ってた次の出荷 事情が変わったってのはノーマンのことだったのか	ママが言っ[いっ]てた次[つぎ]の出荷[しゅっか] 事情[じじょう]が変わっ[かわっ]たってのはノーマンのことだったのか	媽媽說的下一次出貨，說情況改變了，原來是在說諾曼嗎？
CLIP	58.120	65.500	それにまさかシスターまで昼前までは普通に元気だったのに	それにまさかシスターまで昼前[ひるまえ]までは普通[ふつう]に元気[げんき]だったのに	而且沒想到連修女也……中午以前明明還好好的。
CLIP	65.500	72.760	普通に笑って洗濯とかしてなのに今はもう世界のどこにも生きてない	普通[ふつう]に笑っ[わらっ]て洗濯[せんたく]とかしてなのに今[いま]はもう世界[せかい]のどこにも生き[いき]てない	明明還笑著洗衣服，可是現在，這個世界上已經沒有活著的她了。
CLIP	72.760	77.380	エマ大丈夫取られたのはロープだけだ	エマ大丈夫[だいじょうぶ]取ら[とら]れたのはロープだけだ	艾瑪，沒事，被拿走的只有繩子。
CLIP	77.380	81.540	待っててお水取ってくるノーマン	待っ[まっ]ててお水[みず]取っ[とっ]てくるノーマン	等一下，我去拿水。諾曼。
CLIP	81.540	83.720	レイどうすんだよ	レイどうすんだよ	雷，該怎麼辦？
CLIP	83.720	86.320	（語音不清）もちろん何としてでも	（語音不清）もちろん何[なに]としてでも	（語音不清）當然，無論如何都要。
CLIP	86.320	87.380	くそ	くそ	可惡。
CLIP	87.380	89.780	ドンギルダ	ドンギルダ	唐、吉爾達。
CLIP	89.780	91.540	準備だ	準備[じゅんび]だ	準備吧。
CLIP	91.540	93.280	ノーマンを逃がすぞ	ノーマンを逃がす[にがす]ぞ	我們要讓諾曼逃走。
CLIP	93.280	94.360	エマ	エマ	艾瑪。
CLIP	94.360	97.080	レイ	レイ	雷。
CLIP	97.080	99.540	ノーマン	ノーマン	諾曼。
CLIP	99.540	102.700	明日の昼お前一人で逃げろ	明日[あした]の昼[ひる]お前[おまえ]一人[ひとり]で逃げろ[にげろ]	明天中午，你一個人逃走。
CLIP	102.700	105.140	絶対死なせないから	絶対[ぜったい]死な[しな]せないから	我們絕對不會讓你死。
CLIP	105.140	107.540	ごめん	ごめん	對不起。
CLIP	107.540	108.860	できない	できない	我做不到。
CLIP	108.860	109.520	却下	却下[きゃっか]	駁回。
CLIP	109.520	114.560	正確には明日の昼一人で逃げたふりをしろ	正確[せいかく]には明日[あした]の昼[ひる]一人[ひとり]で逃げ[にげ]たふりをしろ	正確地說，明天中午，你要假裝一個人逃走。
CLIP	114.560	118.240	発信機を無効化させて逃げたふりをして	発信[はっしん]機[き]を無効[むこう]化[か]させて逃げ[にげ]たふりをして	讓發信器失效，假裝逃跑，
CLIP	118.240	121.740	エマの足が治るまで敷地内に潜伏しろ	エマの足[あし]が治る[なおる]まで敷地[しきち]内[ない]に潜伏[せんぷく]しろ	在艾瑪的腳康復之前，潛伏在院區裡。
CLIP	121.740	125.060	そして私たちの決行日に一緒に逃げる	そして私[わたし]たちの決行[けっこう]日[び]に一緒[いっしょ]に逃げる[にげる]	然後在我們的行動日，一起逃走。
CLIP	125.060	129.640	けどたとえ嘘でも僕が逃げたら警備が厳しく	けどたとえ嘘[うそ]でも僕[ぼく]が逃げ[にげ]たら警備[けいび]が厳しく[きびしく]	可是，就算是假裝的，我一逃跑，警備就會變嚴……
CLIP	129.640	133.380	問題ないこのハウスの飼育方針から言って	問題[もんだい]ないこのハウスの飼育[しいく]方針[ほうしん]から言っ[いっ]て	沒問題。從這個家的飼育方針來看，
CLIP	133.380	135.460	大した警備強化はされない	大した[たいした]警備[けいび]強化[きょうか]はされない	不會大幅加強警備。
CLIP	135.460	137.400	飼育方針	飼育[しいく]方針[ほうしん]	飼育方針？
CLIP	137.400	140.540	1.伸び伸び健全に育てる	1.伸び伸び[のびのび]健全[けんぜん]に育てる[そだてる]	第一，讓孩子自由自在、健康地成長。
CLIP	140.540	149.535	2.秘密は厳守すること1.は脳の発達に最適だから伸び伸び育った感情豊かで健康な子供	2.秘密[ひみつ]は厳守[げんしゅ]すること1.は脳[のう]の発達[はったつ]に最適[さいてき]だから伸び伸び[のびのび]育っ[そだっ]た感情[かんじょう]豊か[ゆたか]で健康[けんこう]な子供[こども]	第二，嚴守秘密。第一點是因為這樣最有利於大腦發育；自由成長、感情豐富而健康的孩子，
CLIP	149.535	153.535	ハウスが製造する人間の最低条件	ハウスが製造[せいぞう]する人間[にんげん]の最低[さいてい]条件[じょうけん]	就是這個家生產人類的最低條件。
CLIP	153.535	158.995	ということはにもそう 鬼たちは姿を見せない	ということはにもそう 鬼[おに]たちは姿[すがた]を見せ[みせ]ない	也就是說，第二點也是如此。鬼不會露面。
CLIP	158.995	162.855	恐怖支配しても好みの脳にはならないから	恐怖[きょうふ]支配[しはい]しても好み[このみ]の脳[のう]にはならないから	因為用恐懼統治，培育不出他們喜歡的腦子。
CLIP	162.855	166.895	警備変えるとすりゃせいぜい見回りや飼育者の増員	警備[けいび]変える[かえる]とすりゃせいぜい見回り[みまわり]や飼育[しいく]者[しゃ]の増員[ぞういん]	就算要改變警備，頂多增加巡邏和飼育人員。
CLIP	166.895	169.895	その程度どうにでもできる いやする	その程度[ていど]どうにでもできる いやする	那種程度總會有辦法，不，是一定要想出辦法。
CLIP	169.895	174.495	それでも わずかでも塀をロープで登れない高さにされたら	それでも わずかでも塀[へい]をロープで登れ[のぼれ]ない高[たか]さにされたら	即使如此，萬一圍牆被加高到繩子也爬不上去呢？
CLIP	174.495	176.995	次どうやって塀を越えて出るつもり?	次[つぎ]どうやって塀[へい]を越え[こえ]て出る[でる]つもり?	到時候打算怎麼翻牆出去？
CLIP	176.995	180.295	お前が隠れて 梯子でも作っときゃいいだろ	お前[おまえ]が隠れ[かくれ]て 梯子[はしご]でも作っ[つくっ]ときゃいいだろ	你躲起來以後，先做個梯子不就好了？
CLIP	180.295	183.495	発信機をより高性能なものに変えられたら?	発信[はっしん]機[き]をより高性能[こうせいのう]なものに変え[かえ]られたら?	要是換成效能更好的發信器呢？
CLIP	183.495	187.295	新たに埋められても 場所が分かっているんだから取り出せばいい	新た[あらた]に埋め[うめ]られても 場所[ばしょ]が分かっ[わかっ]ているんだから取り出せ[とりだせ]ばいい	就算植入新的，既然知道位置，取出來就行了。
CLIP	187.295	189.495	どうにだってできる	どうにだってできる	怎麼樣都能想出辦法。
CLIP	189.495	191.795	ふっ わかるだろ	ふっ わかるだろ	你明白吧。
CLIP	191.795	194.195	とにかくお前が死ぬことはないんだよ	とにかくお前[おまえ]が死ぬ[しぬ]ことはないんだよ	總之，你不必死。
CLIP	194.195	197.455	食料は手配する潜伏は絶対に隠し通す	食料[しょくりょう]は手配[てはい]する潜伏[せんぷく]は絶対[ぜったい]に隠し[かくし]通す[とおす]	食物我們會準備，你躲藏的事也絕對會隱瞞到底。
CLIP	197.455	199.875	多少の警備強化はなんとかなる	多少[たしょう]の警備[けいび]強化[きょうか]はなんとかなる	稍微加強一點警備，我們應付得來。
CLIP	199.875	202.995	ママを出し抜く奥の手も俺はまだ持ってる	ママを出し抜く[だしぬく]奥の手[おくのて]も俺[おれ]はまだ持っ[もっ]てる	我也還留著能瞞過媽媽的最後一招。
CLIP	202.995	206.735	だから生きろ逃げたふりしてこの方法で	だから生きろ[いきろ]逃げ[にげ]たふりしてこの方法[ほうほう]で	所以，活下去。假裝逃跑，用這個辦法。
CLIP	206.735	208.875	ダメだできない	ダメだできない	不行，我做不到。
CLIP	208.875	212.775	ダメなんだ警備だけじゃない	ダメなんだ警備[けいび]だけじゃない	不行，不只是警備的問題。
CLIP	212.775	217.115	僕が逃げたらレイやエマが代わりに出荷されるかもしれない	僕[ぼく]が逃げ[にげ]たらレイやエマが代わり[かわり]に出荷[しゅっか]されるかもしれない	我一逃跑，雷或艾瑪就可能代替我出貨。
CLIP	217.115	219.375	二人ともありがとう	二人[ふたり]ともありがとう	謝謝你們兩個。
CLIP	219.375	222.055	僕がいなくなってからの計画	僕[ぼく]がいなくなってからの計画[けいかく]	我不在以後的計畫，
CLIP	222.055	225.315	今のうちに考えて決めておかなきゃね	今[いま]のうちに考え[かんがえ]て決め[きめ]ておかなきゃね	得趁現在想好、決定下來才行。
CLIP	225.315	226.375	ふざけるな	ふざけるな	別開玩笑了！
CLIP	226.375	229.875	これじゃ俺の6年は何だったんだ	これじゃ俺[おれ]の6年[ねん]は何[なに]だったんだ	這樣一來，我這六年到底算什麼？
CLIP	229.875	231.515	ごめん	ごめん	對不起。
CLIP	231.515	233.055	くそ	くそ	可惡。
CLIP	233.055	236.195	じゃあレイも足折ればいいよ	じゃあレイも足[あし]折れ[おれ]ばいいよ	那雷也把腳折斷就好啦。
CLIP	236.195	237.955	いいでしょ	いいでしょ	可以吧？
CLIP	237.955	239.855	ねえレイ骨折しよ	ねえレイ骨折[こっせつ]しよ	欸，雷，骨折吧。
CLIP	239.855	241.695	（語音不清）何って	（語音不清）何[なに]って	（語音不清）什麼叫做什麼？
CLIP	241.695	244.555	あのねこんな派手に怪我してるから	あのねこんな派手[はで]に怪我[けが]してるから	你看，我受了這麼嚴重的傷，
CLIP	244.555	247.635	私が代わりに出荷されることはないと思うの	私[わたし]が代わり[かわり]に出荷[しゅっか]されることはないと思う[おもう]の	所以我想，應該不會拿我來代替你出貨。
CLIP	247.635	250.255	門で鬼が言ってたでしょ	門[もん]で鬼[おに]が言っ[いっ]てたでしょ	鬼在門口不是說過嗎？
CLIP	250.255	252.215	私たちは高級品	私[わたし]たちは高級[こうきゅう]品[ひん]	我們是高階品。
CLIP	252.215	253.515	しかも特別	しかも特別[とくべつ]	而且還很特別。
CLIP	253.515	256.495	出すときはちゃんとしてなきゃダメなんだよ	出す[だす]ときはちゃんとしてなきゃダメなんだよ	出貨的時候，一定得是完好的。
CLIP	256.495	258.535	代わりに出されるとしたらレイ	代わり[かわり]に出さ[ださ]れるとしたらレイ	如果有人會被拿來代替，那就是雷。
CLIP	258.535	260.695	だからレイも大怪我しちゃえば	だからレイも大[だい]怪我[けが]しちゃえば	所以，雷也受重傷的話，
CLIP	260.695	262.775	きっとすぐには出荷されないよ	きっとすぐには出荷[しゅっか]されないよ	應該就不會立刻被出貨了。
CLIP	262.775	264.855	その手があった	その手[て]があった	還有這一招啊。
CLIP	264.855	265.955	よしおろう	よしおろう	好，折斷吧。
CLIP	265.955	266.395	ね	ね	對吧。
CLIP	266.395	268.795	けど別に腕でよくね	けど別に[べつに]腕[うで]でよくね	不過，折手臂也可以吧？
CLIP	268.795	271.015	あそっかじゃあ腕にしよう	あそっかじゃあ腕[うで]にしよう	啊，對喔，那就手臂吧。
CLIP	271.015	272.095	いや待って	いや待っ[まっ]て	不，等一下。
CLIP	272.095	275.455	必ずしも怪我をすればすぐに出荷されないとは	必ずしも[かならずしも]怪我[けが]をすればすぐに出荷[しゅっか]されないとは	受傷也不一定就不會立刻被出貨……
CLIP	275.455	277.135	じゃあめっちゃ風邪ひく	じゃあめっちゃ風邪[かぜ]ひく	那就得一場很嚴重的感冒。
CLIP	277.135	280.175	病気の時のは食わんだろってことね	病気[びょうき]の時[とき]のは食わ[くわ]んだろってことね	意思是，他們不會吃生病的吧。
CLIP	280.175	282.015	ううう	ううう	唔唔唔。
CLIP	282.015	285.775	骨折超痛いし風邪もしんどいけどいいよね	骨折[こっせつ]超[ちょう]痛い[いたい]し風邪[かぜ]もしんどいけどいいよね	骨折超痛，感冒也很難受，但沒關係吧？
CLIP	285.775	286.815	おう	おう	嗯。
CLIP	286.815	290.155	脱走の計画は糸電話使って話せばいいよ	脱走[だっそう]の計画[けいかく]は糸[いと]電話[でんわ]使っ[つかっ]て話せ[はなせ]ばいいよ	逃跑計畫就用紙杯電話來討論吧。
CLIP	290.155	293.015	そりゃいいママに聞かれる心配もねえ	そりゃいいママに聞か[きか]れる心配[しんぱい]もねえ	好主意，也不用擔心被媽媽聽到。
CLIP	293.015	297.350	そんなそれでもダメならまた別ので考える	そんなそれでもダメならまた別[べつ]ので考える[かんがえる]	怎麼這樣……如果還是不行，就再想別的辦法。
CLIP	297.350	302.490	何だってするなんでおかしいよ二人とも	何[なに]だってするなんでおかしいよ二人[ふたり]とも	什麼都願意做。為什麼？你們兩個太奇怪了。
CLIP	302.490	303.390	そんな	そんな	怎麼能……
CLIP	303.390	306.750	ノーマンが死んじゃうより全然いいよ	ノーマンが死ん[しん]じゃうより全然[ぜんぜん]いいよ	比起諾曼死掉，這樣好多了。
CLIP	306.750	308.590	ノーマン言ってくれたよね	ノーマン言っ[いっ]てくれたよね	諾曼，你說過的吧。
CLIP	308.590	310.930	みんなで一緒に逃げようって	みんなで一緒[いっしょ]に逃げよ[にげよ]うって	大家要一起逃走。
CLIP	310.930	313.730	みんなの中にノーマンがいなきゃ	みんなの中[なか]にノーマンがいなきゃ	如果「大家」裡面沒有諾曼，
CLIP	313.730	315.390	私は嫌だ	私[わたし]は嫌[いや]だ	我不要。
CLIP	315.390	317.490	一緒に生きよう	一緒[いっしょ]に生きよ[いきよ]う	一起活下去吧。
CLIP	317.490	318.830	ノーマン	ノーマン	諾曼。
CLIP	318.830	320.970	ノーマン	ノーマン	諾曼。
CLIP	320.970	325.910	明日はこれで発信機を無効化してそのまま森に身を隠す	明日[あした]はこれで発信[はっしん]機[き]を無効[むこう]化[か]してそのまま森[もり]に身[み]を隠す[かくす]	明天用這個讓發信器失效，接著就躲進森林裡。
CLIP	325.910	327.950	それから塀に登って	それから塀[へい]に登っ[のぼっ]て	然後爬上圍牆。
CLIP	327.950	331.830	下見警備が緩いうちに済ませておこう	下見[したみ]警備[けいび]が緩い[ゆるい]うちに済ませ[すませ]ておこう	趁警備還鬆懈，先完成勘查吧。
CLIP	331.830	334.950	新しいロープは今ドンとギルダが作ってる	新しい[あたらしい]ロープは今[いま]ドンとギルダが作っ[つくっ]てる	唐和吉爾達正在做新的繩子。
CLIP	334.950	337.630	リネン室から盗んだ予備シーツでな	リネン室[しつ]から盗ん[ぬすん]だ予備[よび]シーツでな	用從寢具室偷來的備用床單。
CLIP	337.630	338.950	できたんだね	できたんだね	做好了啊。
CLIP	338.950	342.210	左耳に当ててスイッチを押す	左[ひだり]耳[みみ]に当て[あて]てスイッチを押す[おす]	把它貼在左耳，按下開關。
CLIP	342.210	344.850	それで発信機を無効にできる	それで発信[はっしん]機[き]を無効[むこう]にできる	這樣就能讓發信器失效。
CLIP	344.850	347.850	この方法ならママに通知されない	この方法[ほうほう]ならママに通知[つうち]されない	用這個方法，不會通知媽媽。
CLIP	347.850	350.490	それカメラから作ったの?	それカメラから作っ[つくっ]たの?	那是用相機做的嗎？
CLIP	350.970	352.450	カメラだけじゃない	カメラだけじゃない	不只是相機。
CLIP	352.450	354.870	今まで手に入れた報酬から	今[いま]まで手[て]に入れ[いれ]た報酬[ほうしゅう]から	還從以前拿到的報酬裡，
CLIP	354.870	356.430	いろいろ調達して	いろいろ調達[ちょうたつ]して	弄到了各種零件。
CLIP	356.430	358.690	カメラは主に	カメラは主[おも]に	至於相機，主要是，
CLIP	358.690	360.450	ストロボ部分が欲しかっただけ	ストロボ部分[ぶぶん]が欲しかっ[ほしかっ]ただけ	我想要閃光燈的部分。
CLIP	360.450	362.550	6年かけて	6年[ねん]かけて	花了六年，
CLIP	362.550	364.330	いろんなものから	いろんなものから	從各種東西裡，
CLIP	364.330	365.890	ママにバレないように	ママにバレないように	瞞著媽媽，
CLIP	365.890	366.750	これを	これを	做出這個……
CLIP	366.750	368.130	すごい	すごい	好厲害。
CLIP	368.130	370.730	別にすごかねえよ	別に[べつに]すごかねえよ	沒什麼厲害的。
CLIP	370.730	372.950	ハウスの秘密に気づいて	ハウスの秘密[ひみつ]に気づい[きづい]て	發現這個家的秘密以後，
CLIP	372.950	374.830	やるしかなかった	やるしかなかった	我只能這麼做。
CLIP	374.830	376.810	それだけだ	それだけだ	就這樣而已。
CLIP	376.810	377.370	レイ	レイ	雷。
CLIP	377.370	380.190	レイはどうやって知ったの	レイはどうやって知っ[しっ]たの	雷是怎麼知道的？
CLIP	380.190	381.770	ハウスの秘密	ハウスの秘密[ひみつ]	這個家的秘密。
CLIP	381.770	386.190	これ前にも聞いたんだけど	これ前[まえ]にも聞い[きい]たんだけど	這件事我以前也問過。
CLIP	386.190	389.550	だって普通気づきようがないよね	だって普通[ふつう]気づき[きづき]ようがないよね	畢竟正常來說，根本不可能察覺吧。
CLIP	389.550	391.270	最初から	最初[さいしょ]から	從一開始。
CLIP	391.270	394.970	最初からだよ	最初[さいしょ]からだよ	從一開始就知道了。
CLIP	394.970	398.490	幼児期健忘って知ってるか	幼児[ようじ]期[き]健忘[けんぼう]って知っ[しっ]てるか	你知道幼年失憶症嗎？
CLIP	398.490	399.790	何それ	何[なに]それ	那是什麼？
CLIP	399.790	402.190	人は誰しも知らぬ間に	人[ひと]は誰[だれ]しも知ら[しら]ぬ間[ま]に	每個人都在不知不覺之間，
CLIP	402.190	405.010	赤ん坊の頃の記憶をなくしてる	赤ん坊[あかんぼう]の頃[ころ]の記憶[きおく]をなくしてる	失去嬰兒時期的記憶。
CLIP	405.010	407.250	それが幼児期健忘	それが幼児[ようじ]期[き]健忘[けんぼう]	那就是幼年失憶症。
CLIP	407.250	409.790	でもごく稀に	でもごく稀[まれ]に	不過，據說極少數，
CLIP	409.790	412.750	それが起こらない人間がいるらしい	それが起こら[おこら]ない人間[にんげん]がいるらしい	不會發生這種情況。
CLIP	412.750	414.090	レイまさか	レイまさか	雷，難道……
CLIP	414.090	418.070	俺には胎児の頃からの記憶がある	俺[おれ]には胎児[たいじ]の頃[ころ]からの記憶[きおく]がある	我有胎兒時期的記憶。
CLIP	418.070	422.510	その記憶とハウスでの暮らしに矛盾がある	その記憶[きおく]とハウスでの暮らし[くらし]に矛盾[むじゅん]がある	那些記憶和這個家的生活有矛盾。
CLIP	422.510	424.130	だから気づいた	だから気づい[きづい]た	所以我察覺了。
CLIP	424.130	428.650	最初の記憶は暗くて暖かい水の中	最初[さいしょ]の記憶[きおく]は暗く[くらく]て暖かい[あたたかい]水[みず]の中[なか]	最初的記憶，是在黑暗又溫暖的水裡。
CLIP	428.650	432.210	遠くから聞こえてくる歌声	遠く[とおく]から聞こえ[きこえ]てくる歌声[うたごえ]	還有從遠處傳來的歌聲。
CLIP	432.210	436.910	どのくらいあるの記憶って	どのくらいあるの記憶[きおく]って	你還記得多少？
CLIP	436.910	438.890	断片的だけど	断片[だんぺん]的[てき]だけど	雖然是片段的，
CLIP	438.890	447.065	かなり詳細に鬼の姿も他に子供がいたのも覚えてる	かなり詳細[しょうさい]に鬼[おに]の姿[すがた]も他[た]に子供[こども]がいたのも覚え[おぼえ]てる	但很詳細。我記得鬼的樣子，也記得還有其他孩子。
CLIP	447.065	450.285	発信機を埋め込まれてそれから子供たちは	発信[はっしん]機[き]を埋め込ま[うめこま]れてそれから子供[こども]たちは	被植入發信器以後，孩子們，
CLIP	450.285	452.145	五つに振り分けられた	五つ[いつつ]に振り分け[ふりわけ]られた	被分成了五組。
CLIP	452.145	453.485	五つ	五つ[いつつ]	五組？
CLIP	453.485	455.445	その後は	その後[そのご]は	之後，
CLIP	455.445	457.185	暗いトンネルを抜けて	暗い[くらい]トンネルを抜け[ぬけ]て	穿過黑暗的隧道，
CLIP	457.185	458.345	ここに来た	ここに来[き]た	來到了這裡。
CLIP	458.345	460.385	トンネルっていうのは門	トンネルっていうのは門[もん]	你說的隧道，就是大門？
CLIP	460.385	461.385	ああ	ああ	對。
CLIP	461.385	462.305	待って	待っ[まっ]て	等一下。
CLIP	462.305	465.365	じゃあ門の先は外じゃなくて	じゃあ門[もん]の先[さき]は外[そと]じゃなくて	那大門的另一邊，不是外面，
CLIP	465.365	465.965	本部	本部[ほんぶ]	而是總部？
CLIP	465.965	468.565	本部と	本部[ほんぶ]と	總部，
CLIP	468.565	472.945	近接する5つのプラント それがこのハウス	近接[きんせつ]する5つのプラント それがこのハウス	以及鄰近的五個農場，就是這個家的構造。
CLIP	472.945	476.965	シスターが言ってたことは本当だったんだ	シスターが言っ[いっ]てたことは本当[ほんとう]だったんだ	原來修女說的是真的。
CLIP	476.965	479.365	門は逃げ道にならない	門[もん]は逃げ道[にげみち]にならない	大門不能當作逃生路線。
CLIP	479.365	484.665	その先すぐそこには見張り番数匹って数じゃない	その先[さき]すぐそこには見張り[みはり]番[ばん]数[すう]匹[ひき]って数[かず]じゃない	那裡的另一頭，不是隻有幾隻守衛而已。
CLIP	484.665	486.445	鬼や大人がうじゃうじゃいる	鬼[おに]や大人[おとな]がうじゃうじゃいる	而是滿滿的鬼和大人。
CLIP	486.445	488.625	それってまずいんじゃ	それってまずいんじゃ	這樣不是很不妙嗎？
CLIP	488.625	492.925	違う だからこそ俺たちへの警備が甘い	違う[ちがう] だからこそ俺[おれ]たちへの警備[けいび]が甘い[あまい]	不對，正因如此，對我們的警備才會鬆懈。
CLIP	492.925	496.505	奴らは門だけを警戒してろくな警備強化をしない	奴ら[やつら]は門[もん]だけを警戒[けいかい]してろくな警備[けいび]強化[きょうか]をしない	他們只會防範大門，不會好好加強其他地方的警備。
CLIP	496.505	499.265	エマの足が治りしだい脱獄だ	エマの足[あし]が治り[なおり]しだい脱獄[だつごく]だ	艾瑪的腳一好，就逃獄。
CLIP	499.265	507.445	なるほど何もビビる必要はねえんだ明日お前は姿を消す	なるほど何[なに]もビビる必要[ひつよう]はねえんだ明日[あした]お前[おまえ]は姿[すがた]を消す[けす]	原來如此。根本不用害怕。明天你就從這裡消失。
CLIP	507.445	511.505	分かったみんな聞いていい知らせよ	分かっ[わかっ]たみんな聞い[きい]ていい知らせ[しらせ]よ	我知道了。大家聽我說，有好訊息喔。
CLIP	511.505	517.705	ノーマンの里親が決まったの急だけど明日夜の出発よ	ノーマンの里親[さとおや]が決まっ[きまっ]たの急[きゅう]だけど明日[あした]夜[よる]の出発[しゅっぱつ]よ	諾曼的養父母已經決定了。雖然很突然，但明天晚上就要出發。
CLIP	517.705	519.525	明日おめでとう	明日[あした]おめでとう	明天？恭喜！
CLIP	519.525	521.265	おめでとうなお前	おめでとうなお前[まえ]	恭喜你啊。
CLIP	521.265	523.085	お別れ	お別れ[わかれ]	要道別了……
CLIP	523.085	529.265	こんな急に寂しくなるような	こんな急[きゅう]に寂しく[さびしく]なるような	這麼突然，會很寂寞的。
CLIP	529.265	531.645	おめでとう	おめでとう	恭喜。
CLIP	531.645	535.045	明日たくさん遊ぼうね	明日[あした]たくさん遊ぼ[あそぼ]うね	明天要一起玩個夠喔。
CLIP	535.045	537.205	おめでとう	おめでとう	恭喜。
CLIP	537.205	538.385	おめでとう	おめでとう	恭喜。
CLIP	538.385	541.145	おめでとう	おめでとう	恭喜。
CLIP	541.145	544.985	おめでとう	おめでとう	恭喜。
CLIP	544.985	552.005	ノーマンおめでとう	ノーマンおめでとう	諾曼，恭喜你。
CLIP	552.005	554.905	みんなありがとう	みんなありがとう	謝謝大家。
CLIP	554.905	558.325	さあじゃあ晩ごはんいただきましょ	さあじゃあ晩[ばん]ごはんいただきましょ	好了，那就吃晚餐吧。
CLIP	558.325	559.705	ドドン	ドドン	咚咚。
CLIP	559.705	561.825	ドコドコ	ドコドコ	咚咚咚。
CLIP	561.825	564.725	気持ちよかった	気持ちよかっ[きもちよかっ]た	真舒服。
CLIP	564.725	569.985	なんだこれ大丈夫うまくいく	なんだこれ大丈夫[だいじょうぶ]うまくいく	這是什麼？沒事，會順利的。
CLIP	569.985	571.445	ノーマン	ノーマン	諾曼。
CLIP	571.445	572.405	ノーマンは?	ノーマンは?	諾曼呢？
CLIP	572.405	573.925	おかえりなさい	おかえりなさい	歡迎回來。
CLIP	573.925	575.925	ノーマン	ノーマン	諾曼。
CLIP	575.925	577.105	なんで	なんで	為什麼？
CLIP	577.105	579.925	今からでも逃げないと	今[いま]からでも逃げ[にげ]ないと	就算現在也得趕快逃啊。
CLIP	579.925	581.625	嫌だ	嫌[いや]だ	不要。
CLIP	581.625	584.125	逃げるつもりはない	逃げる[にげる]つもりはない	我不打算逃。
CLIP	584.125	586.805	それより聞いてほしい	それより聞い[きい]てほしい	比起這個，我希望你們聽我說。
CLIP	586.805	588.145	崖だった	崖[がけ]だった	是懸崖。
CLIP	588.145	589.925	塀の向こうは	塀[へい]の向こう[むこう]は	圍牆的另一邊，
CLIP	589.925	592.005	崖だ	崖[がけ]だ	是懸崖。
SOURCE	The Promised Neverland - S01E10 - Episode 10 HDTV-1080p.condensed.mp3
DURATION	628.850
CLIP	0.000	2.000	崖だったよ	崖[がけ]だったよ	是懸崖。
CLIP	2.000	3.200	崖?	崖[がけ]?	懸崖？
CLIP	3.760	6.020	とても飛び降りられる高さではなかった	とても飛び降り[とびおり]られる高[たか]さではなかった	那種高度，根本不可能跳下去。
CLIP	6.020	8.900	シスターは嘘をついていなかったし	シスターは嘘[うそ]をついていなかったし	修女沒有說謊，
CLIP	8.900	11.160	鬼も僕らをなめてはいなかった	鬼[おに]も僕ら[ぼくら]をなめてはいなかった	鬼也沒有小看我們。
CLIP	11.160	15.180	あの崖では警備の必要がないんだ	あの崖[がけ]では警備[けいび]の必要[ひつよう]がないんだ	有那道懸崖，就不需要警備了。
CLIP	15.180	18.000	塀からは逃げられないってこと?	塀[へい]からは逃げ[にげ]られないってこと?	意思是不能從圍牆逃走嗎？
CLIP	18.460	18.680	いや	いや	不。
CLIP	18.680	21.180	道はあるよ	道[みち]はあるよ	還有路。
CLIP	21.180	24.420	それで塀の端まで行ってみたんだ	それで塀[へい]の端[はじ]まで行っ[いっ]てみたんだ	所以我去了圍牆的盡頭看看。
CLIP	24.420	26.600	塀は二股に分かれていた	塀[へい]は二股[ふたまた]に分かれ[わかれ]ていた	圍牆分成了兩條岔路。
CLIP	26.600	28.680	一つは断崖に沿った塀	一つ[ひとつ]は断崖[だんがい]に沿っ[そっ]た塀[へい]	一條是沿著斷崖的圍牆，
CLIP	28.680	31.900	もう一つは僕らのハウスの側面の塀	もう一つ[ひとつ]は僕ら[ぼくら]のハウスの側面[そくめん]の塀[へい]	另一條是我們這個家側面的圍牆。
CLIP	31.900	34.980	ちょうど60度ずつ	ちょうど60度[ど]ずつ	角度剛好各是六十度。
CLIP	34.980	37.540	二股の塀の内側はまるで対称	二股[ふたまた]の塀[へい]の内側[うちがわ]はまるで対称[たいしょう]	分岔圍牆的內側，像是對稱一樣，
CLIP	37.540	40.780	そっくり同じ景色が広がっていたよ	そっくり同じ[おなじ]景色[けしき]が広がっ[ひろがっ]ていたよ	展開了一模一樣的景色。
CLIP	40.780	42.040	つまりここ	つまりここ	也就是說，這裡，
CLIP	42.040	44.080	グレイスフィールドハウスは	グレイスフィールドハウスは	恩典農場之家，
CLIP	44.080	48.080	断崖に囲まれた六角形の土地に隣接して配置されていたんだ	断崖[だんがい]に囲ま[かこま]れた六角形[ろっかっけい]の土地[とち]に隣接[りんせつ]して配置[はいち]されていたんだ	是在被斷崖包圍的六角形土地上，相鄰配置的。
CLIP	48.080	53.060	そしてここ第三プラントの西にあるこの区画	そしてここ第[だい]三[さん]プラントの西[にし]にあるこの区画[くかく]	而位於我們第三農場西側的這個區域，
CLIP	53.060	55.960	おそらくここが本部	おそらくここが本部[ほんぶ]	恐怕就是總部。
CLIP	55.960	58.960	この区画にだけ橋があった	この区画[くかく]にだけ橋[はし]があった	只有這個區域有橋。
CLIP	58.960	61.700	周囲が絶壁である以上	周囲[しゅうい]が絶壁[ぜっぺき]である以上[いじょう]	既然四周都是絕壁，
CLIP	61.700	64.640	逃げるならここからだ	逃げる[にげる]ならここからだ	要逃就得從這裡走。
CLIP	64.640	66.140	ノーマン	ノーマン	諾曼。
CLIP	66.140	68.160	ママが呼んでる	ママが呼ん[よん]でる	媽媽在叫你。
CLIP	68.160	69.660	今行くって伝えて	今[いま]行く[いく]って伝え[つたえ]て	幫我告訴她，我馬上去。
CLIP	69.660	70.460	わかった	わかった	知道了。
CLIP	70.460	72.960	じゃあそろそろ行かなくちゃ	じゃあそろそろ行か[いか]なくちゃ	那我差不多該走了。
CLIP	72.960	74.260	ちょちょっと待て	ちょちょっと待て[まて]	等、等一下。
CLIP	74.260	75.080	ノーマン	ノーマン	諾曼。
CLIP	75.080	76.300	これ返すよ	これ返す[かえす]よ	這個還給你。
CLIP	76.300	78.280	僕は使っていない	僕[ぼく]は使っ[つかっ]ていない	我沒有用。
CLIP	78.280	80.340	お前	お前[おまえ]	你……
CLIP	80.340	85.040	最初から戻るつもりだったんだな	最初[さいしょ]から戻る[もどる]つもりだったんだな	從一開始就打算回來了吧。
CLIP	85.040	88.060	言ったじゃねえかよ一緒に生きるって	言っ[いっ]たじゃねえかよ一緒[いっしょ]に生きる[いきる]って	不是說好了嗎？要一起活下去。
CLIP	88.060	90.880	なのにお前は最初から	なのにお前[おまえ]は最初[さいしょ]から	可是你從一開始就……
CLIP	90.880	93.600	うんごめん嘘ついた	うんごめん嘘[うそ]ついた	嗯，對不起，我說謊了。
CLIP	93.600	96.120	僕は間違えるわけにはいかないんだ	僕[ぼく]は間違える[まちがえる]わけにはいかないんだ	我不能出錯。
CLIP	96.120	98.380	誰一人死なせないために	誰[だれ]一人[ひとり]死な[しな]せないために	為了不讓任何人死去。
CLIP	98.380	101.160	僕が逃げたら計画が狂う	僕[ぼく]が逃げ[にげ]たら計画[けいかく]が狂う[くるう]	我一逃跑，計畫就會被打亂。
CLIP	101.160	103.480	仮にわずかでもそれじゃ困る	仮に[かりに]わずかでもそれじゃ困る[こまる]	就算只有一點點可能，也不行。
CLIP	103.480	105.660	僕は万が一にも負けたくない	僕[ぼく]は万が一[まんがいち]にも負け[まけ]たくない	我連萬分之一失敗的可能都不想留下。
CLIP	105.660	108.280	何を言っても無駄だよ	何[なに]を言っ[いっ]ても無駄[むだ]だよ	你們說什麼都沒有用。
CLIP	108.280	110.220	気持ちは変わらない	気持ち[きもち]は変わら[かわら]ない	我不會改變心意。
CLIP	110.220	112.680	今日できるだけのことはやってきた	今日[きょう]できるだけのことはやってきた	今天能做的，我都做了。
CLIP	112.680	119.060	あとは頼む脱獄を必ず成功させて待ってノーマン	あとは頼む[たのむ]脱獄[だつごく]を必ず[かならず]成功[せいこう]させて待っ[まっ]てノーマン	接下來拜託你們，一定要成功逃獄。等等，諾曼！
CLIP	119.060	124.860	あったかい今までありがとう2人のおかげで	あったかい今[いま]までありがとう2人[にん]のおかげで	好溫暖。一直以來，謝謝你們。多虧了你們兩個，
CLIP	124.860	132.560	いい人生だった楽しかった嬉しかった幸せだった	いい人生[じんせい]だった楽しかっ[たのしかっ]た嬉しかっ[うれしかっ]た幸せ[しあわせ]だった	我有很好的人生。很快樂、很開心，也很幸福。
CLIP	132.560	139.700	クソちくしょうちくしょう	クソちくしょうちくしょう	可惡，可惡，可惡！
CLIP	139.700	146.880	ねえノーマンやっぱり今からでも逃げよう逃げて森に隠れよう	ねえノーマンやっぱり今[いま]からでも逃げよ[にげよ]う逃げ[にげ]て森[もり]に隠れよ[かくれよ]う	欸，諾曼，現在逃也還來得及，逃出去躲進森林吧。
CLIP	146.880	154.200	気持ちは変わらないさっきそう言ったでしょそれじゃまた風邪ね	気持ち[きもち]は変わら[かわら]ないさっきそう言っ[いっ]たでしょそれじゃまた風邪[かぜ]ね	我不會改變心意，剛才不是說過了嗎？那再見。感冒了呢。
CLIP	154.200	161.452	雪合戦はお預けよノーマンと遊びないの?風邪が治ってからねだ	雪合戦[ゆきがっせん]はお預け[おあづけ]よノーマンと遊び[あそび]ないの?風邪[かぜ]が治っ[なおっ]てからねだ	打雪仗要延後了喔。不能跟諾曼玩嗎？等感冒好了再說。所以，
CLIP	161.452	162.572	からいいみんな	からいいみんな	聽好了，大家。
CLIP	162.572	164.093	これからしばらく	これからしばらく	接下來這一陣子，
CLIP	164.093	165.952	医務室には入っちゃダメよ	医務[いむ]室[しつ]には入っ[はいっ]ちゃダメよ	都不可以進醫務室喔。
CLIP	165.952	167.312	はーい	はーい	好。
CLIP	167.312	170.213	遊びに来たよ	遊び[あそび]に来[き]たよ	我來找你玩了。
CLIP	170.213	173.452	どうして入っちゃダメだって	どうして入っ[はいっ]ちゃダメだって	為什麼？不是說不能進來嗎？
CLIP	173.452	174.632	だってノーマン	だってノーマン	因為諾曼，
CLIP	174.632	177.153	病気の度に一人ぼっちになっちゃうから	病気[びょうき]の度[たび]に一人ぼっち[ひとりぼっち]になっちゃうから	每次生病都只能一個人待著。
CLIP	177.153	179.132	そんなの寂しいじゃない	そんなの寂しい[さびしい]じゃない	這樣不是很寂寞嗎？
CLIP	179.132	183.912	ノーマンの分も私が喋るからお話ししよう	ノーマンの分[ぶん]も私[わたし]が喋る[しゃべる]からお話し[おはなし]しよう	你的份也由我來說，我們來聊天吧。
CLIP	183.912	186.832	だめだよ病気がうつっちゃう	だめだよ病気[びょうき]がうつっちゃう	不行，會傳染給妳。
CLIP	186.832	188.012	うつらないよ	うつらないよ	不會啦。
CLIP	188.012	190.632	私は風邪をひかないんだって	私[わたし]は風邪[かぜ]をひかないんだって	聽說我不會感冒。
CLIP	190.632	193.112	ま、エマ	ま、エマ	哎呀，艾瑪！
CLIP	193.112	195.252	いつの間に入って	いつの間に[いつのまに]入っ[はいっ]て	妳什麼時候進來的？
CLIP	195.252	198.232	あなたまで風邪をひいたらどうするの	あなたまで風邪[かぜ]をひいたらどうするの	要是連妳也感冒了怎麼辦？
CLIP	198.232	200.892	私なら大丈夫だってレイが	私[わたし]なら大丈夫[だいじょうぶ]だってレイが	雷說我的話就沒問題。
CLIP	200.892	201.653	レイ?	レイ?	雷？
CLIP	202.172	203.952	バカは風邪ひかないって本に	バカは風邪[かぜ]ひかないって本[ほん]に	書上說笨蛋不會感冒……
CLIP	203.952	205.812	とにかく	とにかく	總之，
CLIP	205.812	208.192	ここにいてはいけないわ	ここにいてはいけないわ	妳不能待在這裡。
CLIP	208.192	210.192	もう医務室に近づいちゃダメよ	もう医務[いむ]室[しつ]に近づい[ちかづい]ちゃダメよ	不可以再靠近醫務室了喔。
CLIP	210.192	211.172	いい?	いい?	知道嗎？
CLIP	211.472	211.732	エマ	エマ	艾瑪。
CLIP	211.732	212.972	はい	はい	知道了。
CLIP	212.972	214.972	来たよー	来[き]たよー	我來了！
CLIP	214.972	216.852	だからダメだって	だからダメだって	就說不行啦。
CLIP	216.852	218.112	はいこれあげる	はいこれあげる	來，這個給你。
CLIP	218.112	219.493	ここ?	ここ?	這裡？
CLIP	220.433	222.352	レイに教わって作ったんだよ	レイに教わっ[おそわっ]て作っ[つくっ]たんだよ	雷教我做的喔。
CLIP	222.352	222.612	エマ	エマ	艾瑪。
CLIP	222.612	226.232	まったく油断も隙もない	まったく油断[ゆだん]も隙[すき]もない	真是片刻都大意不得。
CLIP	226.232	228.873	これでお話できるんだって	これでお話[おはなし]できるんだって	聽說用這個就能聊天了。
CLIP	228.873	231.632	すごい	すごい	好厲害。
CLIP	231.632	234.552	これで外からでも話せるよ	これで外[そと]からでも話せる[はなせる]よ	這樣在外面也能跟你說話了。
CLIP	234.552	235.772	やったー	やったー	太好了！
CLIP	235.772	239.692	そんな大声出してたら糸電話なくても聞こえるだろう	そんな大声[おおごえ]出し[だし]てたら糸[いと]電話[でんわ]なくても聞こえる[きこえる]だろう	講話那麼大聲，就算沒有紙杯電話也聽得見吧。
CLIP	239.692	241.373	あそっかえ	あそっかえ	啊，對喔。咦？
CLIP	241.373	245.812	お待たせママええ行きましょうノーマン	お待た[また]せママええ行き[いき]ましょうノーマン	讓妳久等了，媽媽。嗯，走吧，諾曼。
CLIP	245.812	248.832	みんな待っているわ	みんな待っ[まっ]ているわ	大家都在等你。
CLIP	248.832	253.852	ノーマン	ノーマン	諾曼。
CLIP	253.852	258.232	セディ泣かないで泣いてる顔より笑顔で見送ってね	セディ泣か[なか]ないで泣い[ない]てる顔[かお]より笑顔[えがお]で見送っ[みおくっ]てね	賽迪，別哭。送別的時候，要給我看笑容，不是哭臉喔。
CLIP	258.232	261.792	ノーマン	ノーマン	諾曼。
CLIP	261.792	266.812	フィルどうか僕の代わりにエマを助けてあげて	フィルどうか僕[ぼく]の代わり[かわり]にエマを助け[たすけ]てあげて	菲爾，拜託你代替我幫助艾瑪。
CLIP	266.812	270.652	エマレイは?	エマレイは?	艾瑪，雷呢？
CLIP	272.092	275.472	医務室見送りなんてしたくないって	医務[いむ]室[しつ]見送り[みおくり]なんてしたくないって	在醫務室。他說不想來送行。
CLIP	275.472	276.712	そう	そう	這樣啊。
CLIP	276.712	281.292	ドン、ギルダ、エマとレイのことよろしくね	ドン、ギルダ、エマとレイのことよろしくね	唐、吉爾達，艾瑪和雷就拜託你們了。
CLIP	281.292	283.212	おう、任せとけ	おう、任せ[まかせ]とけ	好，交給我吧。
CLIP	283.212	287.232	エマ、みんなのこと頼んだよ	エマ、みんなのこと頼ん[たのん]だよ	艾瑪，大家就拜託妳了。
CLIP	287.232	289.553	それじゃあみんな、元気でね	それじゃあみんな、元気[げんき]でね	那麼，大家保重。
CLIP	289.553	292.512	ママ、エマ、今までありがと	ママ、エマ、今[いま]までありがと	媽媽。艾瑪，一直以來謝謝妳。
CLIP	292.512	300.972	ママ、エマ、エマ、（語音不清）の目を引きつける	ママ、エマ、エマ、（語音不清）の目[め]を引きつける[ひきつける]	媽媽。艾瑪、艾瑪，（語音不清）吸引注意。
CLIP	300.972	303.512	お願い、逃げて	お願い[おねがい]、逃げ[にげ]て	拜託，快逃。
CLIP	303.512	306.272	バカ、無鉄砲にもほどがあるぞ、エマ	バカ、無鉄砲[むてっぽう]にもほどがあるぞ、エマ	笨蛋，妳太魯莽了，艾瑪。
CLIP	306.272	311.673	今君がすべきことはこれじゃない嫌だ行かせないケンカ?	今[いま]君[きみ]がすべきことはこれじゃない嫌[いや]だ行か[いか]せないケンカ?	妳現在該做的不是這個。不要，我不讓你走。吵架了？
CLIP	311.673	316.925	どうして分かってくれないんだ僕はそんなことこれっぽっちも	どうして分かっ[わかっ]てくれないんだ僕[ぼく]はそんなことこれっぽっちも	為什麼妳不明白？我一點也，
CLIP	316.925	319.885	望んでいないただ笑って見送ってほしい	望ん[のぞん]でいないただ笑っ[わらっ]て見送っ[みおくっ]てほしい	不希望妳這麼做。我只希望妳笑著送我離開。
CLIP	319.885	322.685	僕の気持ちを汲んで	僕[ぼく]の気持ち[きもち]を汲ん[くん]で	體諒一下我的心情吧。
CLIP	322.685	325.765	いやその気持ちだけは尊重できない	いやその気持ち[きもち]だけは尊重[そんちょう]できない	不，唯獨這個心情，我無法尊重。
CLIP	325.765	328.225	本当は嫌ならなおさらだ	本当は[ほんとうは]嫌[いや]ならなおさらだ	如果你其實也不願意，那就更不能了。
CLIP	328.225	331.105	めちゃくちゃだよ君は	めちゃくちゃだよ君[きみ]は	妳真是亂來。
CLIP	331.105	335.205	無茶で無謀で甘くて幼稚で	無茶[むちゃ]で無謀[むぼう]で甘く[あまく]て幼稚[ようち]で	莽撞、冒失、天真又幼稚。
CLIP	335.205	337.425	でも真っ直ぐで	でも真っ直ぐ[まっすぐ]で	但妳又那麼直率。
CLIP	337.425	341.145	だからだから僕は	だからだから僕[ぼく]は	所以，所以我才……
CLIP	341.145	343.905	時間よノーマン	時間[じかん]よノーマン	時間到了，諾曼。
CLIP	343.905	344.985	うんママ	うんママ	嗯，媽媽。
CLIP	344.985	346.645	ま待って	ま待っ[まっ]て	等、等一下。
CLIP	346.645	348.825	エマ落ち着きなさい	エマ落ち着き[おちつき]なさい	艾瑪，冷靜一點。
CLIP	348.825	351.845	寂しいのは分かるけどおてんばが過ぎるわ	寂しい[さびしい]のは分かる[わかる]けどおてんばが過ぎる[すぎる]わ	我知道妳很寂寞，但妳鬧過頭了。
CLIP	351.845	354.845	次騒ぎ立てたら殺すわよ	次[つぎ]騒ぎ立て[さわぎたて]たら殺す[ころす]わよ	再鬧我就殺了妳。
CLIP	354.845	357.645	諦めなさい	諦め[あきらめ]なさい	放棄吧。
CLIP	357.645	359.505	ママいいかな	ママいいかな	媽媽，可以嗎？
CLIP	359.505	362.645	エマに最後のお別れを言っても	エマに最後[さいご]のお別れ[わかれ]を言っ[いっ]ても	讓我跟艾瑪做最後的道別。
CLIP	362.645	365.225	ええもちろんよ	ええもちろんよ	當然可以。
CLIP	365.225	366.245	さあエマ	さあエマ	來，艾瑪。
CLIP	366.245	372.385	エマありがとうだましてごめん	エマありがとうだましてごめん	艾瑪，謝謝妳。對不起，我騙了妳。
CLIP	372.385	377.745	怪我（語音不清）（語音不清）	怪我[けが]（語音不清）（語音不清）	受傷（語音不清）（語音不清）
CLIP	377.745	385.285	ちゃんと食べてねあと頼む大丈夫絶対	ちゃんと食べ[たべ]てねあと頼む[たのむ]大丈夫[だいじょうぶ]絶対[ぜったい]	要好好吃飯喔。接下來拜託妳了，沒問題的，一定。
CLIP	385.285	386.345	諦めないでね	諦め[あきらめ]ないでね	不要放棄喔。
CLIP	386.345	387.705	エマ	エマ	艾瑪。
CLIP	387.705	390.085	空っぽなのね トランク	空っぽ[からっぽ]なのね トランク	行李箱是空的啊。
CLIP	390.085	392.245	うん ほぼね	うん ほぼね	嗯，幾乎是。
CLIP	392.245	396.405	だって何を入れても 持って出ることはできないでしょ	だって何[なに]を入れ[いれ]ても 持っ[もっ]て出る[でる]ことはできないでしょ	因為不管放什麼，都沒辦法帶出去吧。
CLIP	396.405	399.725	あなたなら決して逃げない	あなたなら決して[けっして]逃げ[にげ]ない	你絕對不會逃跑。
CLIP	399.725	402.865	分かっていたわ 私には最初から	分かっ[わかっ]ていたわ 私[わたし]には最初[さいしょ]から	我知道，從一開始就知道。
CLIP	402.865	405.845	立派よ あなたは正しい	立派[りっぱ]よ あなたは正しい[ただしい]	你很了不起，你做得對。
CLIP	405.845	408.705	これでレイとエマは満期で出せる	これでレイとエマは満期[まんき]で出せる[だせる]	這樣雷和艾瑪就能到期再出貨了。
CLIP	408.705	413.745	決められた時間最後まで お家の中で幸せに	決め[きめ]られた時間[じかん]最後[さいご]まで お家[おいえ]の中[なか]で幸せ[しあわせ]に	直到命定時間的最後一刻，都幸福地待在家裡。
CLIP	413.745	416.105	そう 幸福な一生	そう 幸福[こうふく]な一生[いっしょう]	沒錯，幸福的一生。
CLIP	416.105	419.125	ねぇママは幸せ?	ねぇママは幸せ[しあわせ]?	欸，媽媽幸福嗎？
CLIP	419.125	425.265	ええ幸せよあなたという子に出会えたもの	ええ幸せ[しあわせ]よあなたという子[こ]に出会え[であえ]たもの	嗯，我很幸福，因為遇見了你這個孩子。
CLIP	425.265	430.785	こっちよこの部屋で少し待っていてちょうだい	こっちよこの部屋[へや]で少し[すこし]待っ[まっ]ていてちょうだい	這邊，請在這個房間稍等一下。
CLIP	430.785	433.565	おはよう私のかわいい子供たち	おはよう私[わたし]のかわいい子供[こども]たち	早安，我可愛的孩子們。
CLIP	433.565	439.125	こうして今日も37人の兄弟みんなで幸せに暮らせることに	こうして今日[きょう]も37人[にん]の兄弟[きょうだい]みんなで幸せ[しあわせ]に暮らせる[くらせる]ことに	感謝今天也能像這樣，三十七個兄弟姊妹一起幸福地生活。
CLIP	439.125	445.285	感謝していただきますいただきます	感謝[かんしゃ]していただきますいただきます	心懷感謝，我要開動了。我要開動了。
CLIP	445.285	446.685	エマ	エマ	艾瑪。
CLIP	446.685	448.685	めっちゃ飛んだめっちゃ飛んだ	めっちゃ飛ん[とん]だめっちゃ飛ん[とん]だ	飛得好遠，飛得好遠！
CLIP	448.685	451.105	元気ないねエマ	元気[げんき]ないねエマ	艾瑪沒什麼精神呢。
CLIP	451.105	453.685	僕あんなエマ見たことない	僕[ぼく]あんなエマ見[み]たことない	我從沒看過那樣的艾瑪。
CLIP	453.685	455.685	うんそうだな	うんそうだな	嗯，是啊。
CLIP	455.685	457.485	エマだけじゃないぜ	エマだけじゃないぜ	不只是艾瑪。
CLIP	457.485	458.985	レイもだよ	レイもだよ	雷也是。
CLIP	458.985	462.345	なんかすっげー落ち込んでてさ	なんかすっげー落ち込ん[おちこん]でてさ	他好像也非常消沉。
CLIP	462.345	464.945	なんだよ話って	なんだよ話[はなし]って	要談什麼？
CLIP	464.945	468.705	これからどうするか決めないとだろ	これからどうするか決め[きめ]ないとだろ	得決定接下來要怎麼辦吧。
CLIP	468.705	475.038	俺たちこの先もういいもういいここで死の	俺[おれ]たちこの先[さき]もういいもういいここで死の[しの]	我們接下來……算了，已經夠了，就死在這裡吧。
CLIP	475.038	477.798	無理だ周り崖だし	無理[むり]だ周り[まわり]崖[がけ]だし	不可能的，周圍都是懸崖，
CLIP	477.798	479.958	橋も本部から出ている一つだけ	橋[はし]も本部[ほんぶ]から出[で]ている一つ[ひとつ]だけ	橋也只有從總部出去的那一座。
CLIP	479.958	482.898	何より疲れた	何より[なにより]疲れ[つかれ]た	最重要的是，我累了。
CLIP	482.898	485.817	疲れたんだ	疲れ[つかれ]たんだ	我真的累了。
CLIP	485.817	487.418	じゃあこれは	じゃあこれは	那這個呢？
CLIP	487.418	489.298	いらない	いらない	不要了。
CLIP	489.298	491.137	お前にやるよ	お前[おまえ]にやるよ	給你吧。
CLIP	491.137	492.658	逃げたきゃ逃げろ	逃げ[にげ]たきゃ逃げろ[にげろ]	想逃就逃。
CLIP	492.658	494.438	俺は降りる	俺[おれ]は降りる[おりる]	我退出。
CLIP	494.438	495.358	ごめんな	ごめんな	對不起。
CLIP	495.358	502.377	エマエマレイお前ごめんごめんな	エマエマレイお前[おまえ]ごめんごめんな	艾瑪、艾瑪。雷，你……對不起，真的對不起。
CLIP	502.377	508.838	（語音不清）ノックはしたのよ聞こえなかった?	（語音不清）ノックはしたのよ聞こえ[きこえ]なかった?	（語音不清）我敲門了喔，沒聽見嗎？
CLIP	508.838	513.638	かわいそうにつらいのね苦しいのね	かわいそうにつらいのね苦しい[くるしい]のね	真可憐，妳很難過、很痛苦吧。
CLIP	513.638	516.038	ノーマンは死んでレイはあのざま	ノーマンは死ん[しん]でレイはあのざま	諾曼死了，雷又變成那副模樣。
CLIP	516.038	518.697	あなた一人じゃ何もできない	あなた一人[ひとり]じゃ何[なに]もできない	妳一個人什麼也做不了。
CLIP	518.697	523.497	絶望の極みね脱獄はもう絶対にかなわない	絶望[ぜつぼう]の極み[きわみ]ね脱獄[だつごく]はもう絶対[ぜったい]にかなわない	真是絕望到了極點，逃獄已經絕不可能實現。
CLIP	523.497	525.217	諦めてしまいなさい	諦め[あきらめ]てしまいなさい	放棄吧。
CLIP	525.217	530.577	絶望に苦しまずに済む一番の方法は諦めることよ	絶望[ぜつぼう]に苦しま[くるしま]ずに済む[すむ]一番[いちばん]の方法[ほうほう]は諦める[あきらめる]ことよ	不必承受絕望折磨的最好辦法，就是放棄。
CLIP	530.577	535.997	抗うからつらい受け入れるの楽になれるわ簡単よ	抗う[あらがう]からつらい受け入れる[うけいれる]の楽[らく]になれるわ簡単[かんたん]よ	因為反抗才會痛苦。接受吧，就能輕鬆了，很簡單的。
CLIP	535.997	537.577	私はねエマ	私[わたし]はねエマ	艾瑪，我啊，
CLIP	537.577	545.298	もしあなたが望めばあなたをこの農園のママ候補に推薦しようと思っているの	もしあなたが望め[のぞめ]ばあなたをこの農園[のうえん]のママ候補[こうほ]に推薦[すいせん]しようと思っ[おもっ]ているの	只要妳願意，我想推薦妳成為這座農場的媽媽候選人。
CLIP	545.298	548.497	ママ候補そうよ	ママ候補[こうほ]そうよ	媽媽候選人？沒錯。
CLIP	548.497	551.117	大人になって子供を産んで	大人[おとな]になって子供[こども]を産ん[うん]で	長大以後生下孩子，
CLIP	551.117	554.617	能力が認められればママやシスターとして	能力[のうりょく]が認め[みとめ]られればママやシスターとして	只要能力得到認可，就能以媽媽或修女的身分，
CLIP	554.617	557.077	またこのハウスに戻ってこられるの	またこのハウスに戻っ[もどっ]てこられるの	再次回到這個家。
CLIP	557.077	559.197	あなたにはその資格がある	あなたにはその資格[しかく]がある	妳有這個資格。
CLIP	559.197	563.278	あなたが望めば私は喜んであなたを押すわ	あなたが望め[のぞめ]ば私[わたし]は喜ん[よろこん]であなたを押す[おす]わ	只要妳願意，我很樂意推薦妳。
CLIP	563.278	567.418	誰がそんなものにそう思った	誰[だれ]がそんなものにそう思っ[おもっ]た	誰要當那種東西。妳是這麼想的吧。
CLIP	567.418	572.197	じゃああなたには一体何ができるの	じゃああなたには一体[いったい]何[なに]ができるの	那妳到底還能做什麼？
CLIP	572.197	576.697	何もできない誰も救えないただ死を呪う	何[なに]もできない誰[だれ]も救え[すくえ]ないただ死[し]を呪う[のろう]	什麼都做不了，誰也救不了，只能詛咒死亡。
CLIP	576.697	580.978	苦しみの連鎖よ生きてママを目指しなさい	苦しみ[くるしみ]の連鎖[れんさ]よ生き[いき]てママを目指し[めざし]なさい	這是痛苦的連鎖。活下去，以成為媽媽為目標吧。
CLIP	580.978	584.018	絶望を受け入れて楽になるのよ	絶望[ぜつぼう]を受け入れ[うけいれ]て楽[らく]になるのよ	接受絕望，讓自己解脫吧。
CLIP	584.018	587.237	嫌だそれだけはできない	嫌[いや]だそれだけはできない	不要，唯獨這件事我做不到。
CLIP	587.237	591.438	いいわじゃあせいぜいのた打ち回って死を迎えなさい	いいわじゃあせいぜいのた打ち[うち]回っ[まわっ]て死[し]を迎え[むかえ]なさい	好啊，那妳就盡情掙扎，迎接死亡吧。
CLIP	591.438	597.758	あなたたちは逃げられない今一度存分にお思い知りなさい	あなたたちは逃げ[にげ]られない今一度[いまいちど]存分[ぞんぶん]にお思い知り[おもいしり]なさい	你們逃不了，再一次好好認清這個事實吧。
CLIP	597.758	599.617	できた!	できた!	完成了！
CLIP	599.617	601.298	エマ	エマ	艾瑪。
CLIP	601.298	605.298	レイこんな時間に何してるの	レイこんな時間[じかん]に何[なに]してるの	雷，這麼晚了，你在做什麼？
CLIP	605.298	610.298	最後だからハウスにお別れを	最後[さいご]だからハウスにお別れ[わかれ]を	因為是最後一次了，我來跟這個家道別。
CLIP	610.298	613.298	レイ明日誕生日だもんね	レイ明日[あした]誕生[たんじょう]日[び]だもんね	雷明天就生日了呢。
CLIP	613.298	619.298	そう今日が最後の夜明日でお別れだ	そう今日[きょう]が最後[さいご]の夜[よる]明日[あした]でお別れ[わかれ]だ	對，今天是最後一晚，明天就要道別了。
CLIP	619.298	624.298	なあエマお前本当に諦めちまったの	なあエマお前[おまえ]本当に[ほんとうに]諦め[あきらめ]ちまったの	欸，艾瑪，妳真的已經放棄了嗎？
CLIP	624.298	628.798	本当は諦めてなんかないんだろうエマ	本当は[ほんとうは]諦め[あきらめ]てなんかないんだろうエマ	其實妳根本沒有放棄吧，艾瑪。
SOURCE	The Promised Neverland - S01E11 - 140146 HDTV-1080p.condensed.mp3
DURATION	587.080
CLIP	0.000	1.600	ずっと考えてた	ずっと考え[かんがえ]てた	我一直在想。
CLIP	1.600	4.680	ノーマンのために何をすべきか	ノーマンのために何[なに]をすべきか	為了諾曼，我該做什麼？
CLIP	4.680	6.440	答えは	答え[こたえ]は	答案是，
CLIP	6.440	8.900	何もしないこと	何[なに]もしないこと	什麼都不做。
CLIP	8.900	11.420	ママは言った	ママは言っ[いっ]た	媽媽說了，
CLIP	11.420	14.040	諦めて楽になりなさいって	諦め[あきらめ]て楽[らく]になりなさいって	放棄就能解脫。
CLIP	14.040	15.560	でも	でも	可是，
CLIP	15.560	18.520	誰が諦めてなるものか	誰[だれ]が諦め[あきらめ]てなるものか	誰會就這樣放棄！
CLIP	18.520	20.860	ノーマンを犬死ににはさせない	ノーマンを犬死に[いぬじに]にはさせない	我不會讓諾曼白白犧牲。
CLIP	20.860	22.360	レイは	レイは	雷呢？
CLIP	22.360	25.600	お互い結局考えることは同じ	お互い[おたがい]結局[けっきょく]考える[かんがえる]ことは同じ[おなじ]	到頭來，我們想的都一樣。
CLIP	25.600	27.160	逃げようレイ	逃げよ[にげよ]うレイ	逃吧，雷。
CLIP	27.160	29.100	その話をしに来た	その話[はなし]をしに来[き]た	我就是來跟你說這件事的。
CLIP	29.100	30.980	俺も話したかった	俺[おれ]も話し[はなし]たかった	我也想跟妳談談。
CLIP	30.980	36.360	この2ヶ月ママの目を気にしてろくに会話もできなかったもんな	この2ヶ月[かげつ]ママの目[め]を気[き]にしてろくに会話[かいわ]もできなかったもんな	這兩個月顧慮媽媽的監視，連話都沒辦法好好說。
CLIP	36.360	41.980	うん私もママに気づかれたくなかったから本当の狙いを	うん私[わたし]もママに気づか[きづか]れたくなかったから本当[ほんとう]の狙い[ねらい]を	嗯，我也不想讓媽媽發現我真正的目的。
CLIP	41.980	43.620	本当の狙い	本当[ほんとう]の狙い[ねらい]	真正的目的？
CLIP	43.620	46.100	そうママは用心深い	そうママは用心深い[ようじんぶかい]	對，媽媽非常謹慎。
CLIP	46.100	51.080	私もレイもあれだけ何もしていなかったのに監視をやめてくれなかった	私[わたし]もレイもあれだけ何[なに]もしていなかったのに監視[かんし]をやめてくれなかった	我和雷明明什麼都沒做，她還是沒有停止監視。
CLIP	51.080	53.820	でもそれは逆に利用できる	でもそれは逆[ぎゃく]に利用[りよう]できる	但這點反而可以利用。
CLIP	53.820	58.880	私に目を向けさせれば私以外から目をそらさせることができる	私[わたし]に目[め]を向け[むけ]させれば私[わたし]以外[いがい]から目[め]をそらさせることができる	只要讓她盯著我，就能讓她忽略其他人。
CLIP	58.880	61.500	ドンとギルダか	ドンとギルダか	唐和吉爾達嗎？
CLIP	61.500	62.000	そう	そう	對。
CLIP	62.000	63.620	二人に任せた	二人[ふたり]に任せ[まかせ]た	我交給他們兩個了。
CLIP	63.620	66.500	脱出の訓練や諸々の準備	脱出[だっしゅつ]の訓練[くんれん]や諸々[もろもろ]の準備[じゅんび]	逃脫訓練和各種準備。
CLIP	66.500	68.020	どこまで進んだ	どこまで進ん[すすん]だ	進行到哪裡了？
CLIP	68.020	69.500	全部済んだ	全部[ぜんぶ]済ん[すん]だ	全部完成了。
CLIP	69.500	72.580	道具や食料防寒具の用意	道具[どうぐ]や食料[しょくりょう]防寒[ぼうかん]具[ぐ]の用意[ようい]	工具、食物和禦寒衣物都準備好了。
CLIP	72.580	74.520	いつでも逃げられる	いつでも逃げ[にげ]られる	隨時都能逃。
CLIP	74.520	75.860	上出来だ	上出来[じょうでき]だ	做得很好。
CLIP	75.860	78.160	あとはどう逃げるか	あとはどう逃げる[にげる]か	接下來就是怎麼逃。
CLIP	78.160	79.260	それも練った	それも練っ[ねっ]た	這個我也仔細想過了。
CLIP	79.260	80.640	考えがある	考え[かんがえ]がある	我有個想法。
CLIP	80.640	82.600	レイが出荷される前	レイが出荷[しゅっか]される前[まえ]	在雷被出貨之前，
CLIP	82.600	84.680	明日の昼に逃げよう	明日[あした]の昼[ひる]に逃げよ[にげよ]う	明天中午就逃走吧。
CLIP	84.680	85.200	待て	待て[まて]	等等。
CLIP	85.200	86.520	昼は無茶だ	昼[ひる]は無茶[むちゃ]だ	白天太亂來了。
CLIP	86.520	88.420	前と状況が違う	前[まえ]と状況[じょうきょう]が違う[ちがう]	情況跟以前不同。
CLIP	88.420	91.280	出るなら姿を隠しやすい夜だ	出る[でる]なら姿[すがた]を隠し[かくし]やすい夜[よる]だ	要走，就選容易隱藏身影的夜晚。
CLIP	91.280	92.580	まあ聞け	まあ聞け[きけ]	先聽我說。
CLIP	92.580	94.080	座れよ	座れ[すわれ]よ	坐下吧。
CLIP	94.080	97.120	いいか問題は二つだ	いいか問題[もんだい]は二つ[ふたつ]だ	聽好，有兩個問題。
CLIP	97.120	98.780	まずはママの目	まずはママの目[め]	首先是媽媽的監視。
CLIP	98.780	101.540	ママは常に俺たちを監視してて	ママは常に[つねに]俺[おれ]たちを監視[かんし]してて	媽媽一直監視著我們，
CLIP	101.540	103.460	他のチビたちを抱えてる	他[た]のチビたちを抱え[かかえ]てる	身邊還帶著其他小孩子。
CLIP	103.460	105.500	昼はもちろん	昼[ひる]はもちろん	白天不用說，
CLIP	105.500	107.240	夜もママは赤ん坊と同じ部屋	夜[よる]もママは赤ん坊[あかんぼう]と同じ[おなじ]部屋[へや]	就連晚上，媽媽也和嬰兒睡在同一個房間。
CLIP	107.240	109.500	全員で逃げるには	全員[ぜんいん]で逃げる[にげる]には	要所有人一起逃，
CLIP	109.500	111.380	ママの監視を振り切って	ママの監視[かんし]を振り切っ[ふりきっ]て	就得擺脫媽媽的監視，
CLIP	111.380	114.440	ママとチビたちを切り離す必要がある	ママとチビたちを切り離す[きりはなす]必要[ひつよう]がある	還必須把媽媽和小孩子們分開。
CLIP	114.440	116.060	それから	それから	再來，
CLIP	116.060	117.600	塀の先は崖	塀[へい]の先[さき]は崖[がけ]	圍牆的另一邊是懸崖。
CLIP	117.600	119.580	ここからは降りられない	ここからは降り[おり]られない	不能從這裡下去。
CLIP	119.580	121.780	逃げるならこの橋から	逃げる[にげる]ならこの橋[はし]から	要逃就得走這座橋。
CLIP	121.780	123.500	でも橋は一つだけ	でも橋[はし]は一つ[ひとつ]だけ	可是橋只有一座。
CLIP	123.500	126.240	元から見張りはいるだろうし	元[もと]から見張り[みはり]はいるだろうし	那裡原本應該就有守衛，
CLIP	126.240	129.760	脱走騒ぎが起きりゃ必ず警備が殺到する	脱走[だっそう]騒ぎ[さわぎ]が起きりゃ[おきりゃ]必ず[かならず]警備[けいび]が殺到[さっとう]する	一旦發現有人逃跑，警備一定會集中過去。
CLIP	129.760	132.520	しかも本部の近く	しかも本部[ほんぶ]の近く[ちかく]	而且還在總部附近。
CLIP	132.520	135.800	あの化け物たちがうじゃうじゃいるはずだ	あの化け物[ばけもの]たちがうじゃうじゃいるはずだ	那些怪物應該到處都是。
CLIP	135.800	138.080	さあどうするエマ	さあどうするエマ	好了，艾瑪，妳要怎麼做？
CLIP	138.080	141.420	俺はこれが一番だと思う	俺[おれ]はこれが一番[いちばん]だと思う[おもう]	我覺得這個辦法最好。
CLIP	141.420	147.170	オイル?夜ハウスに火をつける火事を起こすってこと??	オイル?夜[よる]ハウスに火[ひ]をつける火事[かじ]を起こす[おこす]ってこと??	油？晚上在屋裡放火，也就是製造火災？
CLIP	147.170	153.190	そうだママが消火に手を取られている隙に避難って形で全員を連れ出す	そうだママが消火[しょうか]に手[て]を取ら[とら]れている隙[すき]に避難[ひなん]って形[かたち]で全員[ぜんいん]を連れ出す[つれだす]	沒錯，趁媽媽忙著滅火，用避難的名義把所有人帶出去。
CLIP	153.190	156.050	秘密部屋に繋がる扉を塞いでおけば	秘密[ひみつ]部屋[へや]に繋がる[つながる]扉[とびら]を塞い[ふさい]でおけば	只要先堵住通往秘密房間的門，
CLIP	156.050	157.810	ママは通報できず	ママは通報[つうほう]できず	媽媽就無法通報，
CLIP	157.810	160.590	本部は脱走じゃなく火事だと判断する	本部[ほんぶ]は脱走[だっそう]じゃなく火事[かじ]だと判断[はんだん]する	總部會判斷是火災，而不是逃跑。
CLIP	160.590	163.250	そうすれば警備は橋へは向かない	そうすれば警備[けいび]は橋[はし]へは向か[むか]ない	這樣警備就不會前往橋邊。
CLIP	163.250	165.410	その隙に橋から逃げる	その隙[すき]に橋[はし]から逃げる[にげる]	我們趁機從橋上逃走。
CLIP	165.410	167.670	あとおまけで	あとおまけで	另外，還有，
CLIP	167.670	169.810	森の中の死角になる岩陰に	森[もり]の中[なか]の死角[しかく]になる岩[いわ]陰[かげ]に	森林裡視線死角的岩石後面，
CLIP	169.810	171.590	火炎瓶10本隠してある	火炎瓶[かえんびん]10本[ほん]隠し[かくし]てある	我藏了十瓶汽油彈。
CLIP	171.590	172.710	火炎瓶?	火炎瓶[かえんびん]?	汽油彈？
CLIP	172.710	175.290	6年越しの準備なめるなよ	6年[ねん]越し[ごし]の準備[じゅんび]なめるなよ	別小看我這六年來的準備。
CLIP	175.290	178.670	で、その火炎瓶を橋へ向かう途中	で、その火炎瓶[かえんびん]を橋[はし]へ向かう[むかう]途中[とちゅう]	然後，在前往橋的途中，把那些汽油彈，
CLIP	178.670	180.690	隣のプラントに投げ入れろ	隣[となり]のプラントに投げ入れろ[なげいれろ]	扔進隔壁農場。
CLIP	180.690	184.290	うまくいけばそこでも火事が起こって人手が割ける	うまくいけばそこでも火事[かじ]が起こっ[おこっ]て人手[ひとで]が割ける[さける]	順利的話，那裡也會起火，就能分散人手。
CLIP	184.290	187.110	夜だから森には誰もいない	夜[よる]だから森[もり]には誰[だれ]もいない	晚上森林裡沒有人。
CLIP	187.110	189.030	誰も死なない	誰[だれ]も死な[しな]ない	不會有人死。
CLIP	189.030	192.870	さあ明日と言わず今夜今逃げよう	さあ明日[あした]と言わ[いわ]ず今夜[こんや]今[いま]逃げよ[にげよ]う	好了，別等明天，就今晚、現在逃吧。
CLIP	192.870	195.310	できるかエマ	できるかエマ	做得到嗎，艾瑪？
CLIP	196.930	197.930	大丈夫	大丈夫[だいじょうぶ]	沒問題。
CLIP	198.500	201.590	ここはみんなの部屋から一番遠い	ここはみんなの部屋[へや]から一番[いちばん]遠い[とおい]	這裡離大家的房間最遠。
CLIP	201.590	203.530	火が回る前に逃げられる	火[ひ]が回る[まわる]前[まえ]に逃げ[にげ]られる	在火勢蔓延過去之前，就能逃走。
CLIP	203.530	205.670	隊列組んで逃げるのは	隊列[たいれつ]組ん[くん]で逃げる[にげる]のは	排好隊伍逃跑，
CLIP	205.670	207.130	鬼ごっこで鍛えたろ	鬼ごっこ[おにごっこ]で鍛え[きたえ]たろ	不是已經透過鬼抓人練習過了嗎？
CLIP	207.130	209.610	もしかしてまだその足	もしかしてまだその足[あし]	難道妳的腳還……
CLIP	209.610	210.570	大丈夫	大丈夫[だいじょうぶ]	沒事。
CLIP	210.570	214.430	じゃあ決まりだ	じゃあ決まり[きまり]だ	那就決定了。
CLIP	214.430	215.310	レイ	レイ	雷。
CLIP	215.310	218.050	でもなエマ	でもなエマ	不過，艾瑪。
CLIP	218.050	220.130	本当言うと	本当[ほんとう]言う[いう]と	老實說，
CLIP	220.130	223.570	俺はやっぱり全員を連れてくのには反対だ	俺[おれ]はやっぱり全員[ぜんいん]を連れ[つれ]てくのには反対[はんたい]だ	我果然還是反對把所有人都帶走。
CLIP	223.570	227.830	塀の先が崖だって聞いてなおさらな	塀[へい]の先[さき]が崖[がけ]だって聞い[きい]てなおさらな	聽說圍牆外是懸崖，就更反對了。
CLIP	227.830	229.850	連れて行っても	連れ[つれ]て行っ[いっ]ても	就算要帶，
CLIP	229.850	231.170	ドンギルダまで	ドンギルダまで	也只該帶唐和吉爾達。
CLIP	231.170	234.470	100歩譲って赤ん坊だけでも置いていくべきだ	100歩[ほ]譲っ[ゆずっ]て赤ん坊[あかんぼう]だけでも置い[おい]ていくべきだ	退一百步來說，至少也應該把嬰兒留下。
CLIP	234.470	239.030	その子のためにもお前のためにも	その子[こ]のためにもお前[おまえ]のためにも	為了那些孩子，也為了妳。
CLIP	239.030	240.110	まあでも	まあでも	不過，算了。
CLIP	240.110	242.490	どうせ止めたって聞かねえし	どうせ止め[とめ]たって聞か[きか]ねえし	反正阻止妳，妳也不會聽。
CLIP	242.490	245.390	お前が逃げずに残るよりずっといい	お前[おまえ]が逃げ[にげ]ずに残る[のこる]よりずっといい	總比妳不逃、留在這裡好得多。
CLIP	245.390	247.270	だからこれ以上言わない	だからこれ以上[いじょう]言わ[いわ]ない	所以我不再多說了。
CLIP	247.270	249.370	お前が決めろ	お前[おまえ]が決めろ[きめろ]	妳來決定吧。
CLIP	249.370	250.670	さあ何してる	さあ何[なに]してる	好了，還愣著幹嘛？
CLIP	250.670	253.210	ドンとギルダに伝えてこい	ドンとギルダに伝え[つたえ]てこい	去通知唐和吉爾達。
CLIP	253.210	254.550	火炎瓶を	火炎瓶[かえんびん]を	汽油彈……
CLIP	254.550	255.410	ん?	ん?	嗯？
CLIP	256.530	258.430	投げ入れろって言った	投げ入れろ[なげいれろ]って言っ[いっ]た	你說要扔進去。
CLIP	258.430	259.630	ああ	ああ	對。
CLIP	259.630	262.590	お前かあるいはドンが	お前[おまえ]かあるいはドンが	妳，或是唐去扔。
CLIP	262.590	266.330	それからもう一つ気になったんだけど	それからもう一つ[ひとつ]気[き]になったんだけど	還有一件事我很在意。
CLIP	266.330	268.150	火事を起こしてもさ	火事[かじ]を起こし[おこし]てもさ	就算放火了，
CLIP	268.150	270.790	ママがもし建物を放棄したら	ママがもし建物[たてもの]を放棄[ほうき]したら	要是媽媽放棄這棟建築呢？
CLIP	270.790	273.910	ママは火を消すことを諦めて	ママは火[ひ]を消す[けす]ことを諦め[あきらめ]て	媽媽可能放棄滅火，
CLIP	273.910	276.630	私たち商品から目を離さないかも	私[わたし]たち商品[しょうひん]から目[め]を離さ[はなさ]ないかも	仍然緊盯著我們這些商品。
CLIP	276.630	277.310	気づいた	気づい[きづい]た	妳發現了啊。
CLIP	277.310	281.050	確かにその可能性も存分にある	確か[たしか]にその可能[かのう]性[せい]も存分[ぞんぶん]にある	確實，這種可能性也很大。
CLIP	281.050	284.270	だからただ火事を起こすだけじゃ不十分だ	だからただ火事[かじ]を起こす[おこす]だけじゃ不十分[ふじゅうぶん]だ	所以光是放火還不夠。
CLIP	284.270	287.130	確実にママの手を塞がなきゃ	確実[かくじつ]にママの手[て]を塞が[ふさが]なきゃ	必須確實讓媽媽無暇分身，
CLIP	287.130	293.670	ママから逃げる隙を作れねえでも問題ないこうすればいい	ママから逃げる[にげる]隙[すき]を作れ[つくれ]ねえでも問題[もんだい]ないこうすればいい	才能製造逃離媽媽的空隙。不過沒問題，這樣做就好。
CLIP	293.670	299.220	レイ!最高だろ出荷が決まってるフルスコアが燃える	レイ!最高[さいこう]だろ出荷[しゅっか]が決まっ[きまっ]てるフルスコアが燃える[もえる]	雷！很棒吧？已經決定出貨的滿分商品燒起來了。
CLIP	299.220	301.180	絶対に見捨てられない	絶対[ぜったい]に見捨て[みすて]られない	她絕對不可能見死不救。
CLIP	301.180	304.660	俺はこの日を待っていた	俺[おれ]はこの日[ひ]を待っ[まっ]ていた	我一直在等這一天。
CLIP	304.660	307.380	ずっと前から決めてたんだ	ずっと前[まえ]から決め[きめ]てたんだ	很久以前就決定了。
CLIP	307.380	309.920	何年も何年も前から	何[なん]年[ねん]も何[なん]年[ねん]も前[まえ]から	好幾年、好幾年以前。
CLIP	309.920	312.140	ガキ臭い腹いせさ	ガキ臭い[くさい]腹いせ[はらいせ]さ	這只是幼稚的報復。
CLIP	312.140	314.520	俺はねエマ	俺[おれ]はねエマ	艾瑪，我啊，
CLIP	314.520	316.980	もともと勉強も読書も	もともと勉強[べんきょう]も読書[どくしょ]も	其實不管是讀書還是看書，
CLIP	316.980	318.640	さほど好きじゃないんだよ	さほど好き[すき]じゃないんだよ	都沒有那麼喜歡。
CLIP	318.640	322.080	けど我慢して努力して釣り上げてきた	けど我慢[がまん]して努力[どりょく]して釣り上げ[つりあげ]てきた	但我忍耐、努力，不斷提高，
CLIP	322.080	325.840	自分の値打ちを最上級まで	自分[じぶん]の値打ち[ねうち]を最上級[さいじょうきゅう]まで	自己的價值，直到最頂級。
CLIP	325.840	331.220	12年間待ちに待たせたごちそうだ俺は	12年間[ねんかん]待ち[まち]に待た[また]せたごちそうだ俺[おれ]は	我是讓他們等了整整十二年的佳餚。
CLIP	331.220	333.980	それを今夜取り上げる	それを今夜[こんや]取り上げる[とりあげる]	而今晚，我要奪走它。
CLIP	333.980	336.520	お楽しみの収穫目前で	お楽しみ[たのしみ]の収穫[しゅうかく]目前[もくぜん]で	就在他們期待的收成到來之前。
CLIP	336.520	338.180	食えると思うなよ	食える[くえる]と思う[おもう]なよ	別以為吃得到。
CLIP	338.180	340.300	食わせられると思うなよ	食わせ[くわせ]られると思う[おもう]なよ	別以為能把我送去給他們吃。
CLIP	340.300	341.580	食用商品	食用[しょくよう]商品[しょうひん]	食用商品？
CLIP	341.580	342.740	知ったことか	知っ[しっ]たことか	關我什麼事。
CLIP	342.740	344.460	俺は人間だ	俺[おれ]は人間[にんげん]だ	我是人類。
CLIP	344.460	345.400	ざまあみろ	ざまあみろ	活該！
CLIP	345.400	347.100	レイ	レイ	雷。
CLIP	347.100	349.920	それにこれでいい	それにこれでいい	而且這樣就好。
CLIP	349.920	352.500	これがいいんだよ	これがいいんだよ	這樣才好。
CLIP	352.500	355.560	俺は家族をずっと見殺しに	俺[おれ]は家族[かぞく]をずっと見殺し[みごろし]に	我一直對家人見死不救，
CLIP	355.560	357.600	踏み台にしてきたんだから	踏み台[ふみだい]にしてきたんだから	把他們當成墊腳石。
CLIP	357.600	360.720	みんないい奴らだったのに	みんないい奴ら[やつら]だったのに	明明大家都是好人，
CLIP	360.720	363.400	優しい人たちだったのにな	優しい[やさしい]人[ひと]たちだったのにな	都是很溫柔的人。
CLIP	363.400	364.840	待って	待っ[まっ]て	等等。
CLIP	364.840	365.580	動くな	動く[うごく]な	別動。
CLIP	365.580	367.580	いいかエマ	いいかエマ	聽好，艾瑪。
CLIP	367.580	369.860	チャンスは一度きりだ	チャンスは一[いち]度[ど]きりだ	機會只有一次。
CLIP	369.860	371.160	うまくやれ	うまくやれ	好好把握。
CLIP	371.160	374.060	俺の命もノーマンの命も	俺[おれ]の命[いのち]もノーマンの命[いのち]も	我的命和諾曼的命，
CLIP	374.060	374.900	無駄にするなよ	無駄[むだ]にするなよ	都不準白白浪費。
CLIP	374.900	377.340	頼むからやるよ	頼む[たのむ]からやるよ	拜託了。給妳吧。
CLIP	377.340	378.940	あの時の	あの時[とき]の	那時候的……
CLIP	378.940	383.320	これで12歳呪いたい人生だったけど	これで12歳[さい]呪い[のろい]たい人生[じんせい]だったけど	這樣就十二歲了。雖然是讓人想詛咒的人生，
CLIP	383.320	386.120	お前らとの時間はすげえ楽しかった	お前[おまえ]らとの時間[じかん]はすげえ楽しかっ[たのしかっ]た	但和你們在一起的時間，真的很快樂。
CLIP	386.120	387.620	ダメやめてありがとう	ダメやめてありがとう	不行，住手！謝謝。
CLIP	387.620	391.300	バイバイエマ	バイバイエマ	再見，艾瑪。
CLIP	391.300	393.720	お誕生日おめでとう	お誕生[たんじょう]日[び]おめでとう	生日快樂。
CLIP	393.720	395.640	さようなら	さようなら	再見。
CLIP	395.640	399.040	何この匂い	何[なに]この匂い[におい]	這是什麼味道？
CLIP	399.040	399.820	レイ	レイ	雷。
CLIP	399.820	402.260	レイ	レイ	雷。
CLIP	402.260	403.260	レイ!	レイ!	雷！
CLIP	404.260	405.260	レイ!	レイ!	雷！
CLIP	405.760	406.760	レイ!	レイ!	雷！
CLIP	407.760	408.760	レイ…	レイ…	雷……
CLIP	409.260	409.760	エマ!	エマ!	艾瑪！
CLIP	410.260	411.260	ママ助けて!	ママ助け[たすけ]て!	媽媽，救命！
CLIP	411.260	412.260	レイが…	レイが…	雷……
CLIP	412.760	413.760	レイが中に…	レイが中[なか]に…	雷在裡面……
CLIP	414.260	416.260	まさかあの子…自分で…	まさかあの子[こ]…自分[じぶん]で…	難道那孩子……自己……
CLIP	416.760	417.760	ママ!	ママ!	媽媽！
CLIP	417.760	419.260	ギルダ!みんなを外へ!	ギルダ!みんなを外[そと]へ!	吉爾達！帶大家到外面去！
CLIP	419.760	421.260	私の部屋の子供たちもお願い!	私[わたし]の部屋[へや]の子供[こども]たちもお願い[おねがい]!	我房間裡的孩子也拜託妳了！
CLIP	421.760	422.260	はい!	はい!	好！
CLIP	422.760	425.760	せめて…せめて脳だけでも…	せめて…せめて脳[のう]だけでも…	至少……至少也得保住腦子……
CLIP	426.760	427.760	エマ下がって!	エマ下がっ[さがっ]て!	艾瑪，退後！
CLIP	428.260	429.260	レイ…	レイ…	雷……
CLIP	429.760	431.760	スプリンクラーは…どうして…	スプリンクラーは…どうして…	灑水器……為什麼……
CLIP	432.260	438.480	エマあなたも早く逃げなさいこのままではあなたエマエマ	エマあなたも早く[はやく]逃げ[にげ]なさいこのままではあなたエマエマ	艾瑪，妳也快逃，這樣下去妳會……艾瑪、艾瑪！
CLIP	438.480	445.550	あの子たち（語音不清）来たエマー	あの子[こ]たち（語音不清）来[き]たエマー	那些孩子（語音不清）來了，艾瑪！
CLIP	445.550	446.710	お待たせ	お待た[また]せ	久等了。
CLIP	446.710	447.610	みんな	みんな	大家。
CLIP	447.610	449.550	ナイスキャッチ	ナイスキャッチ	接得漂亮。
CLIP	449.550	450.170	お前	お前[おまえ]	妳……
CLIP	450.170	451.970	悪いけど死ぬ気ないから	悪い[わるい]けど死ぬ[しぬ]気[き]ないから	不好意思，我們可沒打算死。
CLIP	451.970	454.290	私もあの子たちも	私[わたし]もあの子[こ]たちも	我和那些孩子都是。
CLIP	454.290	455.570	あの子たち	あの子[こ]たち	那些孩子？
CLIP	455.570	458.270	エマこれ頼まれてたやつ	エマこれ頼ま[たのま]れてたやつ	艾瑪，這是妳要的東西。
CLIP	458.270	458.850	あと	あと	還有，
CLIP	458.850	460.650	みんなもう準備できてるぜ	みんなもう準備[じゅんび]できてるぜ	大家都已經準備好了。
CLIP	460.650	461.690	ありがとう	ありがとう	謝謝。
CLIP	461.690	462.750	トーマ	トーマ	託馬。
CLIP	462.750	463.310	ラニ	ラニ	拉尼。
CLIP	463.310	464.870	じゃあレイ	じゃあレイ	那麼，雷。
CLIP	464.870	467.870	着替えて 着替えた?	着替え[きがえ]て 着替え[きがえ]た?	換衣服吧。換好了嗎？
CLIP	467.870	468.870	じゃあ次	じゃあ次[つぎ]	那接下來。
CLIP	468.870	470.870	いや…でも…	いや…でも…	不……可是……
CLIP	470.870	473.870	エマ…俺は…	エマ…俺[おれ]は…	艾瑪……我……
CLIP	473.870	475.870	（語音不清）のつもりか この分からずや!	（語音不清）のつもりか この分から[わから]ずや!	你打算（語音不清）嗎？你這個死腦筋！
CLIP	475.870	477.870	つべこべ言わずに逃げるぞ!	つべこべ言わ[いわ]ずに逃げる[にげる]ぞ!	少囉嗦，快逃！
CLIP	477.870	480.870	エマ! こっちできた!	エマ! こっちできた!	艾瑪！這邊弄好了！
CLIP	480.870	481.870	これは…	これは…	這是……
CLIP	481.870	484.870	レイの代わり それっぽい匂いを作るんだ	レイの代わり[かわり] それっぽい匂い[におい]を作る[つくる]んだ	代替雷的東西，要製造出類似的氣味。
CLIP	484.870	487.870	あっ…あの髪…	あっ…あの髪[かみ]…	啊……那些頭髮……
CLIP	487.870	491.870	アンナがくれた あとは発信機	アンナがくれた あとは発信[はっしん]機[き]	是安娜給的。接下來是發信器。
CLIP	491.870	494.870	取り出すから そこ座って耳出して	取り出す[とりだす]から そこ座っ[すわっ]て耳[みみ]出し[だし]て	我要把它取出來，坐在那裡，把耳朵露出來。
CLIP	494.870	496.950	エマこれって	エマこれって	艾瑪，這是……
CLIP	496.950	500.410	ここじゃなくてもまだ死ねる	ここじゃなくてもまだ死ねる[しねる]	就算不在這裡，之後也還能死。
CLIP	500.410	503.470	いいもの見せてやるから黙って来い	いいもの見せ[みせ]てやるから黙っ[だまっ]て来い[こい]	我會讓你看到好東西，別說話，跟我來。
CLIP	503.470	505.810	ノーマンからの伝言	ノーマンからの伝言[でんごん]	這是諾曼留給你的話。
CLIP	505.810	508.510	はノーマン	はノーマン	什麼，諾曼？
CLIP	508.510	510.050	絶対に	絶対[ぜったい]に	絕對。
CLIP	510.050	513.330	さあ始めようノーマン	さあ始めよ[はじめよ]うノーマン	好了，開始吧，諾曼。
CLIP	513.330	515.190	さあみんな逃げるよ	さあみんな逃げる[にげる]よ	來，大家，要逃了。
CLIP	515.190	516.610	塀まで走ろう	塀[へい]まで走ろ[はしろ]う	跑到圍牆那裡吧。
CLIP	516.610	517.950	ノーマン	ノーマン	諾曼。
CLIP	517.950	520.870	おいドンどういうことだ	おいドンどういうことだ	喂，唐，這是怎麼回事？
CLIP	520.870	522.890	こいつら全員知ってんのか	こいつら全員[ぜんいん]知っ[しっ]てんのか	這些傢伙全都知道嗎？
CLIP	522.890	525.390	ハウスの正体も逃げることも	ハウスの正体[しょうたい]も逃げる[にげる]ことも	這個家的真面目，還有逃跑的事。
CLIP	525.390	525.810	おお	おお	對。
CLIP	525.810	526.810	なんで	なんで	為什麼？
CLIP	526.810	529.610	話したんだよエマが	話し[はなし]たんだよエマが	艾瑪告訴他們了。
CLIP	529.610	532.530	最初に話したのは4人	最初[さいしょ]に話し[はなし]たのは4人[にん]	最先告訴的是四個人。
CLIP	532.530	533.310	ナット	ナット	納特、
CLIP	533.310	534.730	アンナ	アンナ	安娜、
CLIP	534.730	536.330	ラニオン	ラニオン	拉尼恩、
CLIP	536.330	537.250	トーマ	トーマ	託馬。
CLIP	537.250	540.750	あの時シスターの話を聞かせた	あの時[とき]シスターの話[はなし]を聞か[きか]せた	那時候讓他們聽了修女說的話。
CLIP	540.750	542.510	そんな前か	そんな前[まえ]か	那麼早以前？
CLIP	542.510	546.530	残りの奴らは2ヶ月かけて少しずつ引き入れた	残り[のこり]の奴ら[やつら]は2ヶ月[かげつ]かけて少し[すこし]ずつ引き入れ[ひきいれ]た	剩下的人，是在這兩個月裡一點一點拉進來的。
CLIP	546.530	550.070	ママは全く気づかなかっただろうな	ママは全く[まったく]気づか[きづか]なかっただろうな	媽媽應該完全沒察覺吧。
CLIP	550.070	552.370	エマが諦めたふりをして	エマが諦め[あきらめ]たふりをして	艾瑪假裝放棄，
CLIP	552.370	555.570	実はみんなに指示を出してたなんてな	実は[じつは]みんなに指示[しじ]を出し[だし]てたなんてな	其實卻一直在指揮大家。
CLIP	555.570	557.030	お前ら	お前[おまえ]ら	你們……
CLIP	557.030	559.510	私とナットでまず上がる	私[わたし]とナットでまず上がる[あがる]	我和納特先上去。
CLIP	559.510	561.670	その後みんなを引き上げる	その後[そのご]みんなを引き上げる[ひきあげる]	然後把大家拉上來。
CLIP	561.670	562.390	よしみんな	よしみんな	好了，大家。
CLIP	562.390	564.790	訓練通りやれば大丈夫だ	訓練[くんれん]通り[どおり]やれば大丈夫[だいじょうぶ]だ	照訓練時做的就沒問題。
CLIP	564.790	567.110	全員無事に逃げ切るよ	全員[ぜんいん]無事[ぶじ]に逃げ切る[にげきる]よ	所有人都要平安逃出去。
CLIP	567.110	567.970	あれ	あれ	咦？
CLIP	567.970	569.570	燃えた	燃え[もえ]た	燒掉了。
CLIP	569.570	572.630	全て燃えた	全て[すべて]燃え[もえ]た	全都燒掉了。
CLIP	572.630	574.130	って	って	等等。
CLIP	574.130	576.370	まだ生きてる	まだ生き[いき]てる	還活著。
CLIP	576.370	577.730	エマもレイも	エマもレイも	艾瑪和雷都是。
CLIP	577.730	579.370	逃がさないわ	逃がさ[にがさ]ないわ	我不會讓你們逃掉。
CLIP	579.370	581.970	私の可愛い子供たち	私[わたし]の可愛い[かわいい]子供[こども]たち	我可愛的孩子們。
CLIP	582.370	585.450	これだ 全員	これだ 全員[ぜんいん]	就是這個。所有人……
CLIP	585.450	587.070	（語音不清）	（語音不清）	（語音不清）
SOURCE	The Promised Neverland - S01E12 - 150146 HDTV-1080p.condensed.mp3
DURATION	549.310
CLIP	0.000	1.440	4歳以下がいない	4歳[さい]以下[いか]がいない	四歲以下的孩子不在。
CLIP	1.440	4.080	4歳以下はここに残す	4歳[さい]以下[いか]はここに残す[のこす]	四歲以下的孩子留在這裡。
CLIP	4.080	6.100	考えたの	考え[かんがえ]たの	我想過了。
CLIP	6.100	8.360	前にレイに言われたこと	前[まえ]にレイに言わ[いわ]れたこと	之前雷對我說的話。
CLIP	8.360	10.660	もう一度	もう一度[もういちど]	再一次想過了。
CLIP	10.660	13.400	今のところは順調だ	今[いま]のところは順調[じゅんちょう]だ	目前進行得很順利。
CLIP	13.400	15.000	5歳までは引き入れた	5歳[さい]までは引き入れ[ひきいれ]た	五歲以上的都加入了。
CLIP	15.000	16.920	驚いてはいたけど	驚い[おどろい]てはいたけど	雖然他們很驚訝，
CLIP	16.920	18.640	なんとかうまくやれそう	なんとかうまくやれそう	但應該能順利進行。
CLIP	18.640	20.720	次の訓練も進めてる	次[つぎ]の訓練[くんれん]も進め[すすめ]てる	接下來的訓練也在進行中。
CLIP	20.720	21.680	ありがとう	ありがとう	謝謝。
CLIP	21.680	24.160	で次どうする	で次[つぎ]どうする	那接下來怎麼辦？
CLIP	24.160	26.880	話す4歳から下の奴ら	話す[はなす]4歳[さい]から下[した]の奴ら[やつら]	要告訴四歲以下的孩子嗎？
CLIP	26.880	29.580	信じてくれるかな	信じ[しんじ]てくれるかな	他們會相信嗎？
CLIP	29.580	33.720	でその後ちゃんと隠せるかどうか	でその後[そのご]ちゃんと隠せる[かくせる]かどうか	還有，知道以後能不能好好隱瞞。
CLIP	33.720	38.240	それだけじゃなくて本当に連れて行けるのかな	それだけじゃなくて本当に[ほんとうに]連れ[つれ]て行ける[いける]のかな	不只如此，真的能把他們帶走嗎？
CLIP	38.240	38.800	え	え	咦？
CLIP	38.800	42.800	ノーマンの計画を信じてないわけじゃないの	ノーマンの計画[けいかく]を信じ[しんじ]てないわけじゃないの	我不是不相信諾曼的計畫。
CLIP	42.800	48.760	でも崖だし冬だしノーマンもいないし	でも崖[がけ]だし冬[ふゆ]だしノーマンもいないし	可是外面是懸崖，又是冬天，諾曼也不在了。
CLIP	48.760	52.780	出た先にだって予想外の状況はある	出[で]た先[さき]にだって予想[よそう]外[がい]の状況[じょうきょう]はある	出去以後，也會遇到意料之外的狀況。
CLIP	52.780	58.600	すごく今更なんだけどレイの考えも正しいんじゃないかって	すごく今更[いまさら]なんだけどレイの考え[かんがえ]も正しい[ただしい]んじゃないかって	雖然現在才這麼說很晚了，但我覺得雷的想法或許也是對的。
CLIP	58.600	60.000	それって	それって	妳的意思是……
CLIP	60.000	64.020	連れて出すことで死なせちゃいけない	連れ[つれ]て出す[だす]ことで死な[しな]せちゃいけない	不能因為把他們帶出去，反而害死他們。
CLIP	64.020	66.600	でも置いていったら出荷されるんだぜ	でも置い[おい]ていったら出荷[しゅっか]されるんだぜ	可是留下來，他們就會被出貨啊。
CLIP	66.600	69.280	そうなんだけど	そうなんだけど	是這樣沒錯。
CLIP	69.280	71.920	やっぱり置いていけないよ	やっぱり置い[おい]ていけないよ	果然還是不能丟下他們。
CLIP	71.920	74.320	レイも正しい	レイも正しい[ただしい]	雷是對的。
CLIP	74.320	76.600	ギルダも正しい	ギルダも正しい[ただしい]	吉爾達也是對的。
CLIP	77.200	81.780	でももう誰も出荷なんてさせたくない	でももう誰[だれ]も出荷[しゅっか]なんてさせたくない	但我不想再讓任何人被出貨了。
CLIP	81.780	82.880	だよな	だよな	就是啊。
CLIP	82.880	85.360	家族全員連れていく	家族[かぞく]全員[ぜんいん]連れ[つれ]ていく	要帶上所有家人。
CLIP	85.360	87.740	全員で逃げよう	全員[ぜんいん]で逃げよ[にげよ]う	所有人一起逃吧。
CLIP	87.740	90.060	どうした?	どうした?	怎麼了？
CLIP	90.660	91.660	いや	いや	不。
CLIP	92.660	93.660	その	その	那個……
CLIP	94.000	97.060	他のプラントの子たちは	他[た]のプラントの子[こ]たちは	其他農場的孩子呢？
CLIP	97.060	100.800	いいのかな私たちだけで	いいのかな私[わたし]たちだけで	只有我們逃走，真的好嗎？
CLIP	100.800	103.660	見たこともないけれど	見[み]たこともないけれど	雖然從來沒見過，
CLIP	103.660	106.220	隣にいるんでしょう	隣[となり]にいるんでしょう	但他們就在隔壁吧。
CLIP	106.220	108.780	同じように何も知らず	同じ[おなじ]ように何[なに]も知ら[しら]ず	一樣什麼都不知道，
CLIP	108.780	111.460	同じように暮らす家族が	同じ[おなじ]ように暮らす[くらす]家族[かぞく]が	過著同樣生活的家人們。
CLIP	111.460	114.160	いやあのごめん	いやあのごめん	不，那個，對不起。
CLIP	114.160	116.720	どうするエマ	どうするエマ	怎麼辦，艾瑪？
CLIP	117.740	121.200	そうだよね やっぱり	そうだよね やっぱり	對啊，果然……
CLIP	121.200	125.700	フィルを呼んで 今話があるの	フィルを呼ん[よん]で 今[こん]話[はなし]があるの	叫菲爾過來，我現在有話要跟他說。
CLIP	125.700	127.860	ハウスとママについて	ハウスとママについて	關於這個家和媽媽。
CLIP	127.860	133.600	やっぱり そうだったんだねずっと考えてたんだ	やっぱり そうだったんだねずっと考え[かんがえ]てたんだ	果然是這樣啊。我一直在想。
CLIP	133.600	140.327	鬼ごっこの時シスターが言ってた収穫って何かなってシスター	鬼ごっこ[おにごっこ]の時[とき]シスターが言っ[いっ]てた収穫[しゅうかく]って何[なに]かなってシスター	玩鬼抓人的時候，修女說的「收成」是什麼意思。修女，
CLIP	140.327	142.507	レイの引き出し開けてたり	レイの引き出し[ひきだし]開け[あけ]てたり	還開啟過雷的抽屜。
CLIP	142.507	145.528	でも ノーマンがいなくなる日	でも ノーマンがいなくなる日[ひ]	可是，諾曼離開的那天，
CLIP	145.528	151.567	ママのこと怖がってたり ずっと変だなぁって思ってた	ママのこと怖がっ[こわがっ]てたり ずっと変[へん]だなぁって思っ[おもっ]てた	她卻很害怕媽媽。我一直覺得很奇怪。
CLIP	151.567	154.088	そっか	そっか	原來如此。
CLIP	154.088	159.088	ノーマンは収穫 コニーも	ノーマンは収穫[しゅうかく] コニーも	諾曼被收成了，康妮也是。
CLIP	159.088	162.847	みんなも、だから今は	みんなも、だから今[いま]は	大家也是。所以現在，
CLIP	162.847	166.188	今は連れて行かない	今[いま]は連れ[つれ]て行か[いか]ない	現在先不帶他們走。
CLIP	166.188	168.688	フィル以外は誰も知らない	フィル以外[いがい]は誰[だれ]も知ら[しら]ない	除了菲爾以外，沒有人知道。
CLIP	168.688	171.827	ハウスの秘密も火事のことも	ハウスの秘密[ひみつ]も火事[かじ]のことも	這個家的秘密和火災的事，都不知道。
CLIP	171.827	174.088	あっちはフィルに任せてある	あっちはフィルに任せ[まかせ]てある	那邊已經交給菲爾了。
CLIP	174.088	177.887	ねえフィル、よく聞いて	ねえフィル、よく聞い[きい]て	欸，菲爾，仔細聽我說。
CLIP	177.887	180.588	今二つの道で迷ってる	今[こん]二つ[ふたつ]の道[みち]で迷っ[まよっ]てる	我現在正猶豫著兩條路。
CLIP	180.588	183.988	赤ちゃんまでみんな連れて行くか	赤ちゃん[あかちゃん]までみんな連れ[つれ]て行く[いく]か	要連嬰兒都一起帶走，
CLIP	183.988	186.488	4歳以下を置いて行くか	4歳[さい]以下[いか]を置い[おい]て行く[いく]か	還是把四歲以下的孩子留下。
CLIP	186.488	186.688	え?	え?	咦？
CLIP	186.688	190.287	収穫されるのは満6歳から	収穫[しゅうかく]されるのは満[まん]6歳[さい]から	收成是從滿六歲開始。
CLIP	190.287	193.228	一番誕生日が早いマーニャでも	一番[いちばん]誕生[たんじょう]日[び]が早い[はやい]マーニャでも	就算是最早過生日的瑪妮亞，
CLIP	193.228	195.827	1年半時間がある	1年[ねん]半[はん]時間[じかん]がある	也還有一年半的時間。
CLIP	195.827	198.948	それに上が15人抜ける	それに上[じょう]が15人[にん]抜ける[ぬける]	而且年紀較大的十五個人會離開。
CLIP	198.948	201.607	数より質のこのハウスなら	数[かず]より質[しつ]のこのハウスなら	這個家重視品質甚於數量，
CLIP	201.607	204.988	収穫のペースは必ず落ちる	収穫[しゅうかく]のペースは必ず[かならず]落ちる[おちる]	收成的速度一定會慢下來。
CLIP	204.988	209.007	将来上物になりうる年少者は	将来[しょうらい]上物[じょうもの]になりうる年少[ねんしょう]者[しゃ]は	未來有機會成為上等貨的年幼孩子，
CLIP	209.007	211.907	この先今以上に殺せない	この先[さき]今[いま]以上[いじょう]に殺せ[ころせ]ない	往後會比現在更不能隨便殺掉。
CLIP	211.907	215.407	その点4歳の6人は	その点[てん]4歳[さい]の6人[にん]は	在這方面，四歲的六個孩子，
CLIP	215.407	218.868	フィルを始めどの子もスコアは悪くない	フィルを始め[はじめ]どの子[こ]もスコアは悪く[わるく]ない	從菲爾開始，每個人的分數都不差。
CLIP	218.868	223.407	どんなに短く見積もっても2年の時間はあると思う	どんなに短く[みじかく]見積もっ[みつもっ]ても2年[ねん]の時間[じかん]はあると思う[おもう]	我想就算往最短估計，也還有兩年的時間。
CLIP	224.088	226.488	エマそれって	エマそれって	艾瑪，妳的意思是……
CLIP	226.488	227.827	待てるよ僕	待てる[まてる]よ僕[ぼく]	我可以等。
CLIP	227.827	230.567	だから置いてって	だから置い[おい]てって	所以，把我們留下吧。
CLIP	230.567	232.927	でも諦めたわけじゃない	でも諦め[あきらめ]たわけじゃない	但我並沒有放棄。
CLIP	232.927	235.407	2年以内に必ず戻る	2年[ねん]以内[いない]に必ず[かならず]戻る[もどる]	兩年內，我一定會回來。
CLIP	236.327	240.407	そしてその時こそフィルたちと他4つのプラントを	そしてその時[とき]こそフィルたちと他[た]4つのプラントを	到時候，我要帶菲爾他們，還有其他四個農場，
CLIP	240.407	243.248	全ての子供たちを連れて出る	全て[すべて]の子供[こども]たちを連れ[つれ]て出る[でる]	所有的孩子一起出去。
CLIP	243.248	246.627	フィル 他の子たちは	フィル 他[た]の子[こ]たちは	菲爾，其他孩子呢？
CLIP	246.627	247.947	こっち	こっち	這邊。
CLIP	247.947	254.147	ねえ エマたちは 一緒じゃないの	ねえ エマたちは 一緒[いっしょ]じゃないの	欸，艾瑪他們呢？沒有跟妳在一起嗎？
CLIP	254.147	255.548	今 連れてくるわ	今[いま] 連れ[つれ]てくるわ	我現在去帶他們過來。
CLIP	255.548	259.288	大丈夫 本当にすぐよ	大丈夫[だいじょうぶ] 本当に[ほんとうに]すぐよ	沒事，真的馬上就回來。
CLIP	259.288	262.067	みんな ここから 決して動かないでね	みんな ここから 決して[けっして]動か[うごか]ないでね	大家絕對不要離開這裡喔。
CLIP	262.067	265.248	こちら 73584 第三プラント	こちら 73584 第[だい]三[さん]プラント	這裡是73584，第三農場。
CLIP	265.248	267.428	脱走です 警報	脱走[だっそう]です 警報[けいほう]	有人逃跑，發出警報。
CLIP	267.428	271.988	予定より早いなどうする	予定[よてい]より早い[はやい]などうする	比預定的早，怎麼辦？
CLIP	271.988	277.515	まだ橋まで遠いぞ特上以外は殺しても構わん	まだ橋[はし]まで遠い[とおい]ぞ特[とく]上[じょう]以外[いがい]は殺し[ころし]ても構わ[かまわ]ん	離橋還很遠。除了特等貨以外，殺了也無妨。
CLIP	277.515	280.815	ただし全て頭部は傷つけるな	ただし全て[すべて]頭部[とうぶ]は傷つける[きずつける]な	但是，所有人的頭部都不準弄傷。
CLIP	280.815	283.735	姿を現したら即時捕獲し	姿[すがた]を現し[あらわし]たら即時[そくじ]捕獲[ほかく]し	一旦現身，立刻捕獲。
CLIP	283.735	286.655	絶対に見逃すな	絶対[ぜったい]に見逃す[みのがす]な	絕對不準放過。
CLIP	286.655	289.495	さあ逃げてみなさい	さあ逃げ[にげ]てみなさい	好了，試著逃逃看吧。
CLIP	289.495	290.555	エマ	エマ	艾瑪。
CLIP	290.555	292.575	ここから渡る	ここから渡る[わたる]	從這裡渡過去。
CLIP	292.575	293.775	渡る?	渡る[わたる]?	渡過去？
CLIP	294.495	296.515	でもあの時ノーマンは	でもあの時[とき]ノーマンは	可是，那時候諾曼說……
CLIP	296.515	297.415	大丈夫	大丈夫[だいじょうぶ]	沒問題。
CLIP	297.415	300.415	めちゃくちゃ訓練したんだから	めちゃくちゃ訓練[くんれん]したんだから	我們可是拚命訓練過了。
CLIP	300.415	301.675	訓練?	訓練[くんれん]?	訓練？
CLIP	301.675	305.055	（語音不清）	（語音不清）	（語音不清）
CLIP	305.055	305.615	ナット!	ナット!	納特！
CLIP	306.155	306.415	あ!	あ!	啊！
CLIP	307.475	308.975	エマ、まさか	エマ、まさか	艾瑪，難道……
CLIP	308.975	309.995	大丈夫	大丈夫[だいじょうぶ]	沒事。
CLIP	309.995	313.215	最初の一人さえ渡れれば	最初[さいしょ]の一人[ひとり]さえ渡れれ[わたれれ]ば	只要第一個人能過去就行。
CLIP	313.215	313.995	おい	おい	喂！
CLIP	313.995	318.575	OK!次は俺たち!	OK!次[つぎ]は俺[おれ]たち!	好了，接下來換我們！
CLIP	319.475	320.775	せーに!	せーに!	一、二！
CLIP	321.495	323.055	よっしゃー!	よっしゃー!	太好了！
CLIP	323.055	325.055	よっしゃー!いいぞー!	よっしゃー!いいぞー!	太好了！做得好！
CLIP	325.055	329.335	お前ら	お前[おまえ]ら	你們……
CLIP	329.335	330.795	お前ら	お前[おまえ]ら	你們……
CLIP	330.795	332.295	いつの間に	いつの間に[いつのまに]	什麼時候……
CLIP	332.295	333.495	どう	どう	怎麼樣？
CLIP	333.495	335.695	したり顔だな	したり顔[したりがお]だな	一臉得意的樣子。
CLIP	335.695	336.975	憎たらしい	憎たらしい[にくたらしい]	真讓人不爽。
CLIP	336.975	338.655	だって	だって	因為，
CLIP	338.655	340.615	まんまとレイを騙せたもの	まんまとレイを騙せ[だませ]たもの	我們成功把雷騙過去了嘛。
CLIP	340.615	342.715	いいもの見せてやるから	いいもの見せ[みせ]てやるから	我會讓你看到好東西，
CLIP	342.715	343.975	黙ってこいね	黙っ[だまっ]てこいね	別說話，跟我來，是吧。
CLIP	343.975	346.335	その通りだろ	その通り[とおり]だろ	沒說錯吧。
CLIP	346.335	348.415	見て	見[み]て	看。
CLIP	348.415	351.815	僕らがありえないと思っていた光景	僕ら[ぼくら]がありえないと思っ[おもっ]ていた光景[こうけい]	這就是我們曾以為不可能的景象。
CLIP	351.815	353.195	ああ	ああ	是啊。
CLIP	353.195	354.795	俺は	俺[おれ]は	我……
CLIP	354.795	357.375	全員なんてありえないと思ってた	全員[ぜんいん]なんてありえないと思っ[おもっ]てた	我以為不可能讓所有人一起逃。
CLIP	357.375	360.795	あいつらを足手まといだって	あいつらを足[あし]手[しゅ]まといだって	以為那些傢伙只會拖累我們。
CLIP	360.795	363.315	僕も迷った	僕[ぼく]も迷っ[まよっ]た	我也曾猶豫。
CLIP	363.315	366.135	でも最後は決断した	でも最後[さいご]は決断[けつだん]した	但最後還是下定決心。
CLIP	366.135	368.255	エマがいたから	エマがいたから	因為有艾瑪。
CLIP	368.255	372.475	エマだからみんな信じてついてきてくれるんだ	エマだからみんな信じ[しんじ]てついてきてくれるんだ	正因為是艾瑪，大家才會相信她、跟著她。
CLIP	372.475	374.935	無茶で無謀で	無茶[むちゃ]で無謀[むぼう]で	莽撞又冒失，
CLIP	374.935	376.875	でも真っ直ぐで	でも真っ直ぐ[まっすぐ]で	卻又那麼直率。
CLIP	376.875	379.975	迷わず全員と言えちゃうエマだから	迷わ[まよわ]ず全員[ぜんいん]と言え[いえ]ちゃうエマだから	因為艾瑪能毫不猶豫地說，要帶所有人一起走。
CLIP	379.975	382.415	諦めなくてもいいんだよ	諦め[あきらめ]なくてもいいんだよ	你也可以不用放棄。
CLIP	382.415	383.255	レイ	レイ	雷。
CLIP	383.255	385.795	あの子たち橋にはまだ	あの子[こ]たち橋[きょう]にはまだ	那些孩子還沒到橋邊……
CLIP	385.795	387.075	どうして	どうして	為什麼？
CLIP	387.075	390.035	まさか	まさか	難道……
CLIP	390.035	392.675	あと5人	あと5人[にん]	還剩五個人。
CLIP	392.675	395.995	エマどうしよう	エマどうしよう	艾瑪，怎麼辦？
CLIP	395.995	398.395	手が	手[て]が	我的手……
CLIP	398.395	400.175	ごめんなさい	ごめんなさい	對不起。
CLIP	400.175	402.375	下が崖だって思ったら	下[した]が崖[がけ]だって思っ[おもっ]たら	一想到下面是懸崖，
CLIP	402.375	411.795	もし落ちたらどうしようって大丈夫だジェミマ	もし落ち[おち]たらどうしようって大丈夫[だいじょうぶ]だジェミマ	就忍不住想，要是掉下去怎麼辦。沒事的，潔米瑪。
CLIP	411.795	416.083	一緒に渡ろうレイエマさっき	一緒[いっしょ]に渡ろ[わたろ]うレイエマさっき	一起過去吧。雷！艾瑪，剛才，
CLIP	416.083	417.983	みんなを引き上げた時のロープあったろ	みんなを引き上げ[ひきあげ]た時[とき]のロープあったろ	把大家拉上來時用的繩子還在吧？
CLIP	417.983	419.983	あ うん	あ うん	啊，嗯。
CLIP	419.983	422.983	それで 俺とジェミマを固定してくれ	それで 俺[おれ]とジェミマを固定[こてい]してくれ	用那個把我和潔米瑪綁在一起。
CLIP	422.983	423.983	ああ	ああ	好。
CLIP	423.983	425.983	降下の手順は?	降下[こうか]の手順[てじゅん]は?	知道下降的步驟嗎？
CLIP	425.983	427.983	見て覚えた	見[み]て覚え[おぼえ]た	看過就記住了。
CLIP	427.983	428.983	お前らは?	お前[おまえ]らは?	你們呢？
CLIP	428.983	430.983	まさか無理とか言わないよな	まさか無理[むり]とか言わ[いわ]ないよな	該不會說做不到吧。
CLIP	430.983	431.983	うっ	うっ	唔。
CLIP	431.983	433.983	大丈夫	大丈夫[だいじょうぶ]	沒問題。
CLIP	433.983	435.983	全然平気	全然[ぜんぜん]平気[へいき]	完全沒問題。
CLIP	435.983	437.822	よく言った	よく言っ[いっ]た	說得好。
CLIP	437.822	440.163	じゃあ行くぞジェミマ	じゃあ行く[いく]ぞジェミマ	那就走吧，潔米瑪。
CLIP	440.163	443.403	ほら着いたぞジェミマ	ほら着い[つい]たぞジェミマ	看，到了，潔米瑪。
CLIP	443.403	445.583	俺の負けだ	俺[おれ]の負け[まけ]だ	我輸了。
CLIP	445.583	446.923	ノーマン	ノーマン	諾曼。
CLIP	446.923	449.322	よし最後頼むぞエマ	よし最後[さいご]頼む[たのむ]ぞエマ	好，最後就拜託妳了，艾瑪。
CLIP	449.322	452.183	さよならハウス	さよならハウス	再見了，這個家。
CLIP	452.183	456.863	さよなら大好きだった	さよなら大好き[だいすき]だった	再見了，曾經最愛的，
CLIP	456.863	458.723	私たちの家	私[わたし]たちの家[いえ]	我們的家。
CLIP	458.723	461.562	さよならママ	さよならママ	再見，媽媽。
CLIP	461.562	463.683	行かないでエマ	行か[いか]ないでエマ	別走，艾瑪。
CLIP	463.683	468.183	私の可愛い子供たち	私[わたし]の可愛い[かわいい]子供[こども]たち	我可愛的孩子們。
CLIP	468.183	469.183	イザベラ	イザベラ	伊莎貝拉。
CLIP	469.183	472.562	びっくりした	びっくりした	嚇我一跳。
CLIP	472.562	475.202	ごめんなさい	ごめんなさい	對不起。
CLIP	475.202	478.382	木登りしてたら素敵な曲が聞こえたから	木[き]登り[のぼり]してたら素敵[すてき]な曲[きょく]が聞こえ[きこえ]たから	我爬樹時聽到好好聽的曲子，
CLIP	478.382	479.143	つい	つい	忍不住就……
CLIP	479.143	481.663	レスリーが作ったの	レスリーが作っ[つくっ]たの	是雷斯利寫的嗎？
CLIP	481.663	483.442	うん	うん	嗯。
CLIP	483.442	485.303	素敵な旋律ね	素敵[すてき]な旋律[せんりつ]ね	真美的旋律。
CLIP	485.303	486.363	なんて曲	なんて曲[きょく]	叫什麼名字？
CLIP	486.363	489.523	名前はないんだ	名前[なまえ]はないんだ	還沒有名字。
CLIP	489.523	490.623	すごいな	すごいな	好厲害。
CLIP	490.623	491.882	もっと聞かせて	もっと聞か[きか]せて	再彈給我聽吧。
CLIP	491.882	492.403	え	え	咦？
CLIP	492.403	496.183	でも恥ずかしいからみんなには内緒ねうん	でも恥ずかしい[はずかしい]からみんなには内緒[ないしょ]ねうん	可是我會害羞，要對大家保密喔。嗯。
CLIP	496.183	502.983	来年からあなたに第三プラントを任せますはいか	来年[らいねん]からあなたに第[だい]三[さん]プラントを任せ[まかせ]ますはいか	明年起，第三農場就交給妳了。是，
CLIP	502.983	504.303	しこまりました	しこまりました	我明白了。
CLIP	504.303	508.923	レイその歌どこで?	レイその歌[うた]どこで?	雷，你在哪裡聽到這首歌的？
CLIP	508.923	514.202	ねえママどうして俺を産んだの?	ねえママどうして俺[おれ]を産ん[うん]だの?	欸，媽媽，妳為什麼生下我？
CLIP	514.202	516.103	それはねレイ	それはねレイ	那是因為，雷，
CLIP	516.103	520.663	生き延びるためよ誰よりも長く。	生き延びる[いきのびる]ためよ誰[だれ]よりも長く[ながく]。	為了活下去，比任何人都活得更久。
CLIP	520.663	522.663	でももういいか	でももういいか	不過，已經夠了吧。
CLIP	522.663	525.663	私の負けよ	私[わたし]の負け[まけ]よ	我輸了。
CLIP	525.663	527.663	行ってらっしゃい	行っ[いっ]てらっしゃい	一路順風。
CLIP	527.663	529.663	気をつけてね	気[き]をつけてね	要小心喔。
CLIP	529.663	531.663	願わくば	願[ねがい]わくば	希望，
CLIP	531.663	533.663	その先に光がありますように	その先[さき]に光[ひかり]がありますように	前方有光明等著你們。
CLIP	533.663	535.663	ママ	ママ	媽媽。
CLIP	535.663	537.663	安心なさい	安心[あんしん]なさい	放心吧。
CLIP	537.663	539.663	無事逃げていったわ	無事[ぶじ]逃げ[にげ]ていったわ	他們已經平安逃出去了。
CLIP	539.663	541.663	ママ	ママ	媽媽。
CLIP	541.663	543.663	ごめんねみんな	ごめんねみんな	對不起，大家。
CLIP	543.663	546.663	寒い中寂しかったね	寒い[さむい]中[なか]寂しかっ[さびしかっ]たね	這麼冷，你們一定很寂寞吧。
CLIP	546.663	549.263	最初の朝だ	最初[さいしょ]の朝[あさ]だ	這是第一個早晨。
